province,amphoe,date,location_lat,location_lon,log_pm25
กระบี่,คลองท่อม,2026-04-01,7.952121,99.144181,6.978695652173912
กระบี่,คลองท่อม,2026-04-02,7.952121000000001,99.144181,9.959999999999999
กระบี่,คลองท่อม,2026-04-03,7.952121,99.144181,15.111904761904762
กระบี่,คลองท่อม,2026-04-04,7.952121000000001,99.144181,23.923333333333332
กระบี่,คลองท่อม,2026-04-05,7.952121,99.144181,26.95375
กระบี่,คลองท่อม,2026-04-06,7.952121,99.144181,14.782
กระบี่,คลองท่อม,2026-04-07,7.952121000000001,99.144181,14.76625
กระบี่,คลองท่อม,2026-04-08,7.952121000000001,99.144181,11.943333333333333
กระบี่,คลองท่อม,2026-04-09,7.952121,99.144181,13.958125
กระบี่,คลองท่อม,2026-04-10,7.952121,99.144181,15.0
กระบี่,คลองท่อม,2026-04-11,7.952121000000001,99.144181,15.0
กระบี่,คลองท่อม,2026-04-12,7.952121000000001,99.144181,15.0
กระบี่,คลองท่อม,2026-04-13,7.952121000000001,99.144181,15.0
กระบี่,คลองท่อม,2026-04-14,7.952121,99.144181,15.0
กระบี่,คลองท่อม,2026-04-15,7.952121,99.144181,15.0
กระบี่,คลองท่อม,2026-04-16,7.952121000000001,99.144181,15.0
กระบี่,คลองท่อม,2026-04-17,7.952121,99.14418099999999,15.0
กระบี่,คลองท่อม,2026-04-18,7.952121000000001,99.144181,15.0
กระบี่,คลองท่อม,2026-04-19,7.952121000000001,99.144181,15.0
กระบี่,คลองท่อม,2026-04-20,7.952121000000001,99.144181,14.225833333333334
กระบี่,คลองท่อม,2026-04-21,7.952121,99.14418099999999,13.783636363636363
กระบี่,คลองท่อม,2026-04-22,7.952121,99.144181,15.587619047619047
กระบี่,คลองท่อม,2026-04-23,7.952121000000001,99.144181,11.119166666666667
กระบี่,คลองท่อม,2026-04-24,7.952121000000001,99.144181,18.0425
กระบี่,คลองท่อม,2026-04-25,7.952121000000001,99.144181,8.05625
กระบี่,คลองท่อม,2026-04-26,7.952121,99.14418099999999,10.063181818181818
กระบี่,คลองท่อม,2026-04-27,7.952121000000001,99.144181,5.632916666666667
กระบี่,คลองท่อม,2026-04-28,7.952121,99.144181,7.067826086956522
กระบี่,คลองท่อม,2026-04-29,7.952121000000001,99.144181,7.591666666666666
กระบี่,คลองท่อม,2026-04-30,7.952121000000001,99.144181,7.265833333333333
กระบี่,ลำทับ,2026-04-01,8.06246,99.30197,13.908695652173913
กระบี่,ลำทับ,2026-04-02,8.06246,99.30197,16.054583333333333
กระบี่,ลำทับ,2026-04-03,8.06246,99.30197,20.70375
กระบี่,ลำทับ,2026-04-04,8.06246,99.30197,30.232083333333335
กระบี่,ลำทับ,2026-04-05,8.06246,99.30197,30.99875
กระบี่,ลำทับ,2026-04-06,8.06246,99.30197,23.859583333333333
กระบี่,ลำทับ,2026-04-07,8.06246,99.30197,18.811666666666667
กระบี่,ลำทับ,2026-04-08,8.06246,99.30197,19.368750000000002
กระบี่,ลำทับ,2026-04-09,8.06246,99.30197,20.59625
กระบี่,ลำทับ,2026-04-10,8.06246,99.30197,23.0725
กระบี่,ลำทับ,2026-04-11,8.06246,99.30197,11.817916666666667
กระบี่,ลำทับ,2026-04-12,8.06246,99.30197,9.120416666666666
กระบี่,ลำทับ,2026-04-13,8.06246,99.30197,6.429583333333333
กระบี่,ลำทับ,2026-04-14,8.06246,99.30197,10.754583333333334
กระบี่,ลำทับ,2026-04-15,8.06246,99.30197,13.083333333333334
กระบี่,ลำทับ,2026-04-16,8.06246,99.30197,18.724999999999998
กระบี่,ลำทับ,2026-04-17,8.06246,99.30197,17.575833333333332
กระบี่,ลำทับ,2026-04-18,8.06246,99.30197,15.048333333333334
กระบี่,ลำทับ,2026-04-19,8.06246,99.30197,20.544583333333332
กระบี่,ลำทับ,2026-04-20,8.06246,99.30197,25.74625
กระบี่,ลำทับ,2026-04-21,8.06246,99.30197,22.706666666666667
กระบี่,ลำทับ,2026-04-22,8.06246,99.30197,29.03625
กระบี่,ลำทับ,2026-04-23,8.06246,99.30197,25.81833333333333
กระบี่,ลำทับ,2026-04-24,8.06246,99.30197,28.34375
กระบี่,ลำทับ,2026-04-25,8.06246,99.30197,15.963333333333333
กระบี่,ลำทับ,2026-04-26,8.06246,99.30197,19.538636363636364
กระบี่,ลำทับ,2026-04-27,8.06246,99.30197,10.225
กระบี่,ลำทับ,2026-04-28,8.06246,99.30197,18.83125
กระบี่,ลำทับ,2026-04-29,8.06246,99.30197,20.41375
กระบี่,ลำทับ,2026-04-30,8.06246,99.30197,19.345
กระบี่,อ่าวลึก,2026-04-01,8.401771,98.742151,5.383684210526316
กระบี่,อ่าวลึก,2026-04-02,8.401771,98.74215099999999,8.412083333333333
กระบี่,อ่าวลึก,2026-04-03,8.401771,98.742151,13.313333333333333
กระบี่,อ่าวลึก,2026-04-04,8.401771,98.74215099999999,20.530416666666667
กระบี่,อ่าวลึก,2026-04-05,8.401771,98.742151,20.9425
กระบี่,อ่าวลึก,2026-04-06,8.401771,98.742151,7.642
กระบี่,อ่าวลึก,2026-04-07,8.401771,98.74215099999999,10.820416666666667
กระบี่,อ่าวลึก,2026-04-08,8.401771,98.74215099999999,15.930416666666666
กระบี่,อ่าวลึก,2026-04-09,8.401771,98.742151,10.083125
กระบี่,อ่าวลึก,2026-04-10,8.401771,98.742151,7.980588235294117
กระบี่,อ่าวลึก,2026-04-11,8.401771,98.74215099999999,7.210416666666667
กระบี่,อ่าวลึก,2026-04-12,8.401771,98.74215099999999,5.94
กระบี่,อ่าวลึก,2026-04-13,8.401771,98.74215099999999,4.810416666666667
กระบี่,อ่าวลึก,2026-04-14,8.401771,98.742151,5.811999999999999
กระบี่,อ่าวลึก,2026-04-15,8.401771,98.742151,8.604347826086956
กระบี่,อ่าวลึก,2026-04-16,8.401771,98.74215099999999,9.787083333333333
กระบี่,อ่าวลึก,2026-04-17,8.401771,98.742151,10.104090909090909
กระบี่,อ่าวลึก,2026-04-18,8.401771,98.74215099999999,10.380833333333333
กระบี่,อ่าวลึก,2026-04-19,8.401771,98.742151,6.926470588235294
กระบี่,เขาพนม,2026-04-28,8.2567078,99.0465155,4.29375
กระบี่,เขาพนม,2026-04-29,8.2567078,99.0465155,6.660666666666667
กระบี่,เขาพนม,2026-04-30,8.2567078,99.0465155,4.808
กระบี่,เมือง,2026-04-01,7.907598626328925,98.84116208465886,11.347608695652173
กระบี่,เมือง,2026-04-02,7.907598626328924,98.84116208465885,12.8925
กระบี่,เมือง,2026-04-03,7.907598626328924,98.84116208465885,18.6225
กระบี่,เมือง,2026-04-04,7.907598626328924,98.84116208465885,26.679166666666664
กระบี่,เมือง,2026-04-05,7.907598626328924,98.84116208465885,24.277291666666667
กระบี่,เมือง,2026-04-06,7.907598626328924,98.84116208465885,17.388541666666665
กระบี่,เมือง,2026-04-07,7.907598626328924,98.84116208465885,16.213958333333334
กระบี่,เมือง,2026-04-08,7.907598626328924,98.84116208465885,18.872916666666665
กระบี่,เมือง,2026-04-09,7.907598626328924,98.84116208465885,18.358125
กระบี่,เมือง,2026-04-10,7.907598626328924,98.84116208465885,17.547708333333333
กระบี่,เมือง,2026-04-11,7.907598626328924,98.84116208465885,12.997708333333334
กระบี่,เมือง,2026-04-12,7.907598626328924,98.84116208465885,8.314166666666667
กระบี่,เมือง,2026-04-13,7.907598626328924,98.84116208465885,5.837291666666666
กระบี่,เมือง,2026-04-14,7.907598626328924,98.84116208465885,10.83875
กระบี่,เมือง,2026-04-15,7.907598626328924,98.84116208465885,14.530000000000001
กระบี่,เมือง,2026-04-16,7.907598626328924,98.84116208465885,15.583333333333334
กระบี่,เมือง,2026-04-17,7.907598626328924,98.84116208465885,14.380416666666667
กระบี่,เมือง,2026-04-18,7.907598626328924,98.84116208465885,12.612708333333332
กระบี่,เมือง,2026-04-19,7.907598626328924,98.84116208465885,10.193958333333333
กระบี่,เมือง,2026-04-20,7.907598626328924,98.84116208465885,16.706458333333334
กระบี่,เมือง,2026-04-21,7.911189081087884,98.84273114668738,15.328297872340427
กระบี่,เมือง,2026-04-22,7.907598626328924,98.84116208465885,16.974166666666665
กระบี่,เมือง,2026-04-23,7.907598626328924,98.84116208465885,14.400625
กระบี่,เมือง,2026-04-24,7.907598626328924,98.84116208465885,20.013125
กระบี่,เมือง,2026-04-25,7.907598626328924,98.84116208465885,11.935208333333334
กระบี่,เมือง,2026-04-26,7.907598626328925,98.84116208465888,15.278409090909092
กระบี่,เมือง,2026-04-27,7.907598626328924,98.84116208465885,5.723541666666667
กระบี่,เมือง,2026-04-28,7.907598626328924,98.84116208465885,9.035416666666666
กระบี่,เมือง,2026-04-29,7.907598626328924,98.84116208465885,9.018125
กระบี่,เมือง,2026-04-30,7.907598626328924,98.84116208465885,8.815
กระบี่,เหนือคลอง,2026-04-01,8.056893385,99.0004619,9.6675
กระบี่,เหนือคลอง,2026-04-16,8.056893385,99.0004619,14.0025
กระบี่,เหนือคลอง,2026-04-18,8.056893385,99.0004619,8.768571428571429
กระบี่,เหนือคลอง,2026-04-19,8.056893385,99.00046189999999,14.369333333333334
กระบี่,เหนือคลอง,2026-04-20,8.056893385,99.0004619,15.510000000000002
กระบี่,เหนือคลอง,2026-04-21,8.056893385,99.0004619,11.165
กระบี่,เหนือคลอง,2026-04-22,8.056893385,99.0004619,14.280000000000001
กระบี่,เหนือคลอง,2026-04-23,8.056893385,99.0004619,12.041
กระบี่,เหนือคลอง,2026-04-24,8.056893385,99.0004619,25.22666666666667
กระบี่,เหนือคลอง,2026-04-25,8.056893385,99.0004619,9.3025
กระบี่,เหนือคลอง,2026-04-26,8.056893385,99.0004619,14.07
กระบี่,เหนือคลอง,2026-04-28,8.056893385,99.0004619,10.642857142857142
กระบี่,เหนือคลอง,2026-04-29,8.056893385,99.0004619,12.685
กาญจนบุรี,ทองผาภูมิ,2026-04-01,14.7829,98.594645,68.08291666666666
กาญจนบุรี,ทองผาภูมิ,2026-04-02,14.7829,98.594645,75.03
กาญจนบุรี,ทองผาภูมิ,2026-04-03,14.7829,98.594645,85.18041666666666
กาญจนบุรี,ทองผาภูมิ,2026-04-04,14.7829,98.594645,85.01416666666667
กาญจนบุรี,ทองผาภูมิ,2026-04-05,14.7829,98.594645,72.77416666666666
กาญจนบุรี,ทองผาภูมิ,2026-04-06,14.7829,98.594645,48.65833333333333
กาญจนบุรี,ทองผาภูมิ,2026-04-07,14.7829,98.594645,40.16166666666667
กาญจนบุรี,ทองผาภูมิ,2026-04-08,14.7829,98.594645,62.50125
กาญจนบุรี,ทองผาภูมิ,2026-04-09,14.7829,98.594645,52.0325
กาญจนบุรี,ทองผาภูมิ,2026-04-10,14.7829,98.594645,69.49041666666666
กาญจนบุรี,ทองผาภูมิ,2026-04-11,14.7829,98.594645,70.66666666666667
กาญจนบุรี,ทองผาภูมิ,2026-04-12,14.7829,98.594645,75.94416666666667
กาญจนบุรี,ทองผาภูมิ,2026-04-13,14.7829,98.594645,76.24833333333333
กาญจนบุรี,ทองผาภูมิ,2026-04-14,14.7829,98.594645,79.1
กาญจนบุรี,ทองผาภูมิ,2026-04-15,14.782899999999998,98.59464500000001,118.02608695652174
กาญจนบุรี,ทองผาภูมิ,2026-04-16,14.7829,98.594645,140.94333333333333
กาญจนบุรี,ทองผาภูมิ,2026-04-17,14.7829,98.594645,169.72625000000002
กาญจนบุรี,ทองผาภูมิ,2026-04-18,14.7829,98.594645,155.86458333333334
กาญจนบุรี,ทองผาภูมิ,2026-04-19,14.7829,98.594645,149.64041666666665
กาญจนบุรี,ทองผาภูมิ,2026-04-20,14.7829,98.594645,140.77541666666667
กาญจนบุรี,ทองผาภูมิ,2026-04-21,14.782899999999998,98.59464500000001,108.44130434782609
กาญจนบุรี,ทองผาภูมิ,2026-04-22,14.7829,98.594645,56.062083333333334
กาญจนบุรี,ทองผาภูมิ,2026-04-23,14.7829,98.594645,43.09833333333333
กาญจนบุรี,ทองผาภูมิ,2026-04-24,14.7829,98.594645,35.54555555555556
กาญจนบุรี,ทองผาภูมิ,2026-04-25,14.7829,98.594645,36.01
กาญจนบุรี,ทองผาภูมิ,2026-04-26,14.7829,98.594645,21.576363636363638
กาญจนบุรี,ทองผาภูมิ,2026-04-27,14.7829,98.594645,48.185833333333335
กาญจนบุรี,ทองผาภูมิ,2026-04-28,14.7829,98.594645,44.14291666666667
กาญจนบุรี,ทองผาภูมิ,2026-04-29,14.7829,98.594645,35.43333333333333
กาญจนบุรี,ทองผาภูมิ,2026-04-30,14.7829,98.594645,27.204583333333332
กาญจนบุรี,เลาขวัญ,2026-04-15,14.590404299999998,99.7736076,43.76888888888889
กาญจนบุรี,เลาขวัญ,2026-04-16,14.590404299999998,99.7736076,64.59125
กาญจนบุรี,เลาขวัญ,2026-04-17,14.5904043,99.7736076,70.78954545454545
กาญจนบุรี,เลาขวัญ,2026-04-18,14.590404299999998,99.7736076,58.73791666666667
กาญจนบุรี,เลาขวัญ,2026-04-19,14.590404299999998,99.7736076,57.553333333333335
กาญจนบุรี,เลาขวัญ,2026-04-20,14.590404299999998,99.7736076,52.72125
กาญจนบุรี,เลาขวัญ,2026-04-21,14.5904043,99.77360759999999,69.98666666666666
กาญจนบุรี,เลาขวัญ,2026-04-22,14.5904043,99.77360759999999,49.660952380952374
กาญจนบุรี,เลาขวัญ,2026-04-23,14.590404299999998,99.7736076,46.79624999999999
กาญจนบุรี,เลาขวัญ,2026-04-24,14.590404299999998,99.7736076,37.53666666666667
กาญจนบุรี,เลาขวัญ,2026-04-25,14.590404299999998,99.7736076,39.83208333333334
กาญจนบุรี,เลาขวัญ,2026-04-26,14.5904043,99.7736076,39.51272727272727
กาญจนบุรี,เลาขวัญ,2026-04-27,14.590404299999998,99.7736076,26.00208333333333
กาญจนบุรี,เลาขวัญ,2026-04-28,14.5904043,99.7736076,26.018260869565214
กาญจนบุรี,เลาขวัญ,2026-04-29,14.590404299999998,99.7736076,32.68666666666667
กาญจนบุรี,เลาขวัญ,2026-04-30,14.590404299999998,99.7736076,31.128333333333334
กาฬสินธุ์,คำม่วง,2026-04-01,16.923333,103.631667,19.662608695652175
กาฬสินธุ์,คำม่วง,2026-04-02,16.923333,103.631667,19.250416666666666
กาฬสินธุ์,คำม่วง,2026-04-03,16.923333,103.631667,18.58857142857143
กาฬสินธุ์,คำม่วง,2026-04-07,16.923333,103.631667,25.622142857142855
กาฬสินธุ์,คำม่วง,2026-04-08,16.923333,103.631667,18.379166666666666
กาฬสินธุ์,คำม่วง,2026-04-09,16.923333,103.631667,16.163125
กาฬสินธุ์,คำม่วง,2026-04-10,16.923333,103.63166699999998,25.311333333333334
กาฬสินธุ์,คำม่วง,2026-04-14,16.923333,103.631667,12.241111111111111
กาฬสินธุ์,คำม่วง,2026-04-15,16.923333,103.631667,19.65
กาฬสินธุ์,คำม่วง,2026-04-16,16.923333,103.631667,17.684166666666666
กาฬสินธุ์,คำม่วง,2026-04-17,16.923333,103.63166699999998,16.64363636363636
กาฬสินธุ์,คำม่วง,2026-04-18,16.923333,103.631667,9.7775
กาฬสินธุ์,คำม่วง,2026-04-23,16.923333,103.631667,10.8
กาฬสินธุ์,คำม่วง,2026-04-24,16.923333,103.631667,7.845
กาฬสินธุ์,คำม่วง,2026-04-30,16.923333,103.631667,1.0333333333333334
กาฬสินธุ์,นามน,2026-04-01,16.57555235,103.785939,44.60625
กาฬสินธุ์,นามน,2026-04-02,16.57555235,103.785939,52.18
กาฬสินธุ์,นามน,2026-04-07,16.57555235,103.785939,45.0575
กาฬสินธุ์,นามน,2026-04-08,16.57555235,103.785939,47.911249999999995
กาฬสินธุ์,นามน,2026-04-09,16.57555235,103.78593900000001,51.134
กาฬสินธุ์,นามน,2026-04-10,16.57555235,103.785939,42.973333333333336
กาฬสินธุ์,นามน,2026-04-12,16.57555235,103.785939,45.596666666666664
กาฬสินธุ์,นามน,2026-04-13,16.57555235,103.785939,36.437083333333334
กาฬสินธุ์,นามน,2026-04-14,16.57555235,103.78593900000001,37.44
กาฬสินธุ์,นามน,2026-04-15,16.57555235,103.78593899999998,38.76608695652174
กาฬสินธุ์,นามน,2026-04-16,16.57555235,103.785939,39.542857142857144
กาฬสินธุ์,นามน,2026-04-17,16.57555235,103.785939,43.446666666666665
กาฬสินธุ์,นามน,2026-04-20,16.57555235,103.785939,27.415625
กาฬสินธุ์,นามน,2026-04-21,16.57555235,103.785939,35.21727272727273
กาฬสินธุ์,นามน,2026-04-22,16.57555235,103.785939,37.065555555555555
กาฬสินธุ์,นามน,2026-04-23,16.57555235,103.785939,41.96857142857142
กาฬสินธุ์,นามน,2026-04-30,16.57555235,103.785939,5.805
กาฬสินธุ์,ห้วยผึ้ง,2026-04-01,16.64497399,103.9062605,32.0
กาฬสินธุ์,ห้วยผึ้ง,2026-04-02,16.64497399,103.90626049999999,32.0
กาฬสินธุ์,ห้วยผึ้ง,2026-04-03,16.64497399,103.9062605,30.204761904761902
กาฬสินธุ์,ห้วยผึ้ง,2026-04-04,16.64497399,103.90626049999999,29.437083333333334
กาฬสินธุ์,ห้วยผึ้ง,2026-04-05,16.64497399,103.9062605,34.5775
กาฬสินธุ์,ห้วยผึ้ง,2026-04-06,16.64497399,103.9062605,24.04
กาฬสินธุ์,ห้วยผึ้ง,2026-04-07,16.64497399,103.90626049999999,25.495833333333334
กาฬสินธุ์,ห้วยผึ้ง,2026-04-08,16.64497399,103.90626049999999,25.11708333333333
กาฬสินธุ์,ห้วยผึ้ง,2026-04-09,16.64497399,103.9062605,21.707333333333334
กาฬสินธุ์,ห้วยผึ้ง,2026-04-10,16.64497399,103.9062605,27.26294117647059
กาฬสินธุ์,ห้วยผึ้ง,2026-04-11,16.64497399,103.90626049999999,31.90416666666667
กาฬสินธุ์,ห้วยผึ้ง,2026-04-12,16.64497399,103.90626049999999,31.658749999999998
กาฬสินธุ์,ห้วยผึ้ง,2026-04-13,16.64497399,103.90626049999999,20.941666666666666
กาฬสินธุ์,ห้วยผึ้ง,2026-04-14,16.64497399,103.9062605,21.5165
กาฬสินธุ์,ห้วยผึ้ง,2026-04-15,16.64497399,103.9062605,23.94913043478261
กาฬสินธุ์,ห้วยผึ้ง,2026-04-16,16.64497399,103.90626049999999,23.620416666666667
กาฬสินธุ์,ห้วยผึ้ง,2026-04-17,16.64497399,103.9062605,23.60727272727273
กาฬสินธุ์,ห้วยผึ้ง,2026-04-18,16.64497399,103.90626049999999,19.100416666666668
กาฬสินธุ์,ห้วยผึ้ง,2026-04-19,16.64497399,103.90626049999999,13.895416666666668
กาฬสินธุ์,ห้วยผึ้ง,2026-04-20,16.64497399,103.90626049999999,12.2675
กาฬสินธุ์,ห้วยผึ้ง,2026-04-21,16.64497399,103.9062605,15.746521739130435
กาฬสินธุ์,ห้วยผึ้ง,2026-04-22,16.64497399,103.9062605,11.0
กาฬสินธุ์,ห้วยผึ้ง,2026-04-23,16.64497399,103.90626049999999,11.0
กาฬสินธุ์,ห้วยผึ้ง,2026-04-24,16.64497399,103.90626049999999,11.0
กาฬสินธุ์,ห้วยผึ้ง,2026-04-25,16.64497399,103.90626049999999,11.0
กาฬสินธุ์,ห้วยผึ้ง,2026-04-26,16.64497399,103.9062605,11.0
กาฬสินธุ์,ห้วยผึ้ง,2026-04-27,16.64497399,103.90626049999999,11.0
กาฬสินธุ์,ห้วยผึ้ง,2026-04-28,16.64497399,103.9062605,11.0
กาฬสินธุ์,ห้วยผึ้ง,2026-04-29,16.64497399,103.90626049999999,11.0
กาฬสินธุ์,ห้วยผึ้ง,2026-04-30,16.64497399,103.90626049999999,11.0
กำแพงเพชร,ขาณุวรลักษบุรี,2026-04-01,15.957366984738195,99.63651243966727,65.99488372093023
กำแพงเพชร,ขาณุวรลักษบุรี,2026-04-02,15.9468112253834,99.57903434812867,63.48499999999999
กำแพงเพชร,ขาณุวรลักษบุรี,2026-04-03,15.957462690289681,99.63703357436388,48.42622222222222
กำแพงเพชร,ขาณุวรลักษบุรี,2026-04-04,15.956714446887172,99.63295924855397,57.89022727272727
กำแพงเพชร,ขาณุวรลักษบุรี,2026-04-05,15.944087839469862,99.56420500051172,82.030625
กำแพงเพชร,ขาณุวรลักษบุรี,2026-04-06,15.939298436656399,99.53812580297844,89.10344827586206
กำแพงเพชร,ขาณุวรลักษบุรี,2026-04-07,15.949232012862101,99.59221599045486,66.42666666666668
กำแพงเพชร,ขาณุวรลักษบุรี,2026-04-08,15.956714446887172,99.63295924855397,69.03727272727272
กำแพงเพชร,ขาณุวรลักษบุรี,2026-04-09,15.95334735157589,99.61462478240938,67.86875
กำแพงเพชร,ขาณุวรลักษบุรี,2026-04-10,15.935514217149466,99.51752001727313,81.20259259259258
กำแพงเพชร,ขาณุวรลักษบุรี,2026-04-11,15.955931401465943,99.62869541921802,94.77813953488372
กำแพงเพชร,ขาณุวรลักษบุรี,2026-04-12,15.955111068167515,99.62422855038987,62.86380952380953
กำแพงเพชร,ขาณุวรลักษบุรี,2026-04-13,15.959520359646575,99.64823797034114,63.59229166666666
กำแพงเพชร,ขาณุวรลักษบุรี,2026-04-14,15.94100133543452,99.54739840654582,73.501
กำแพงเพชร,ขาณุวรลักษบุรี,2026-04-15,15.954250718610623,99.61954378552134,75.63073170731708
กำแพงเพชร,ขาณุวรลักษบุรี,2026-04-16,15.94100133543452,99.54739840654582,84.216
กำแพงเพชร,ขาณุวรลักษบุรี,2026-04-17,15.92865531929315,99.48017203068228,121.19125000000001
กำแพงเพชร,ขาณุวรลักษบุรี,2026-04-18,15.92865531929315,99.48017203068228,91.92666666666666
กำแพงเพชร,ขาณุวรลักษบุรี,2026-04-19,15.92865531929315,99.48017203068228,95.93833333333333
กำแพงเพชร,ขาณุวรลักษบุรี,2026-04-20,15.92865531929315,99.48017203068228,55.661249999999995
กำแพงเพชร,ขาณุวรลักษบุรี,2026-04-21,15.951397980606199,99.60401009148354,41.418157894736844
กำแพงเพชร,ขาณุวรลักษบุรี,2026-04-22,15.954250718610623,99.61954378552134,40.280243902439025
กำแพงเพชร,ขาณุวรลักษบุรี,2026-04-23,15.95886365666033,99.64466209928457,35.26489361702128
กำแพงเพชร,ขาณุวรลักษบุรี,2026-04-24,15.959520359646575,99.64823797034114,33.24333333333333
กำแพงเพชร,ขาณุวรลักษบุรี,2026-04-25,15.957462690289681,99.63703357436388,26.686666666666667
กำแพงเพชร,ขาณุวรลักษบุรี,2026-04-26,15.95726194205974,99.63594046256122,30.3490243902439
กำแพงเพชร,ขาณุวรลักษบุรี,2026-04-27,15.95886365666033,99.64466209928457,36.14446808510638
กำแพงเพชร,ขาณุวรลักษบุรี,2026-04-28,15.93747390225127,99.52819087058481,26.5925
กำแพงเพชร,ขาณุวรลักษบุรี,2026-04-29,15.92865531929315,99.48017203068228,34.3025
กำแพงเพชร,ขาณุวรลักษบุรี,2026-04-30,15.944087839469862,99.56420500051172,25.1828125
กำแพงเพชร,คลองขลุง,2026-04-01,16.188450595,99.72884673500002,43.76913043478261
กำแพงเพชร,คลองขลุง,2026-04-02,16.17739495764706,99.73668214588236,42.26882352941177
กำแพงเพชร,คลองขลุง,2026-04-03,16.18112803,99.73403642272729,34.59515151515152
กำแพงเพชร,คลองขลุง,2026-04-04,16.188450595,99.728846735,32.49791666666667
กำแพงเพชร,คลองขลุง,2026-04-05,16.2018752975,99.7193323075,36.25
กำแพงเพชร,คลองขลุง,2026-04-06,16.206041584482758,99.71637955413793,43.14344827586207
กำแพงเพชร,คลองขลุง,2026-04-07,16.188450595,99.728846735,43.32875000000001
กำแพงเพชร,คลองขลุง,2026-04-08,16.188450595,99.728846735,41.6825
กำแพงเพชร,คลองขลุง,2026-04-09,16.193820476,99.725040964,37.208
กำแพงเพชร,คลองขลุง,2026-04-10,16.193034639756096,99.72559790609756,39.80365853658537
กำแพงเพชร,คลองขลุง,2026-04-11,16.188450595,99.728846735,58.83270833333333
กำแพงเพชร,คลองขลุง,2026-04-12,16.188450595,99.728846735,50.29270833333334
กำแพงเพชร,คลองขลุง,2026-04-13,16.188450595,99.728846735,43.36041666666667
กำแพงเพชร,คลองขลุง,2026-04-14,16.19089145,99.72711683909091,45.446363636363635
กำแพงเพชร,คลองขลุง,2026-04-15,16.18902185893617,99.72844186574468,47.638297872340424
กำแพงเพชร,คลองขลุง,2026-04-16,16.188450595,99.728846735,46.97604166666667
กำแพงเพชร,คลองขลุง,2026-04-17,16.18961796043478,99.72801939347826,48.09739130434782
กำแพงเพชร,คลองขลุง,2026-04-18,16.2153,99.70981788,60.1275
กำแพงเพชร,คลองขลุง,2026-04-19,16.2153,99.70981788,124.0
กำแพงเพชร,คลองขลุง,2026-04-20,16.193820476,99.725040964,83.44
กำแพงเพชร,คลองขลุง,2026-04-21,16.18961796043478,99.72801939347826,32.96826086956521
กำแพงเพชร,คลองขลุง,2026-04-22,16.190240555333332,99.72757814466667,46.785333333333334
กำแพงเพชร,คลองขลุง,2026-04-23,16.188450595,99.728846735,35.62979166666667
กำแพงเพชร,คลองขลุง,2026-04-24,16.188450595,99.728846735,33.435
กำแพงเพชร,คลองขลุง,2026-04-25,16.188450595,99.728846735,27.218541666666667
กำแพงเพชร,คลองขลุง,2026-04-26,16.188450595,99.72884673499999,27.9275
กำแพงเพชร,คลองขลุง,2026-04-27,16.193820476,99.725040964,34.629000000000005
กำแพงเพชร,คลองขลุง,2026-04-28,16.18902185893617,99.72844186574468,17.700212765957446
กำแพงเพชร,คลองขลุง,2026-04-29,16.188450595,99.728846735,23.63416666666667
กำแพงเพชร,คลองขลุง,2026-04-30,16.188450595,99.728846735,20.015833333333333
กำแพงเพชร,คลองลาน,2026-04-01,16.102847025,99.35253217500001,45.94717391304348
กำแพงเพชร,คลองลาน,2026-04-02,16.102847025,99.35253217500001,61.08531249999999
กำแพงเพชร,คลองลาน,2026-04-03,16.102847025,99.35253217500001,54.15687500000001
กำแพงเพชร,คลองลาน,2026-04-04,16.102847025,99.35253217500001,51.696979166666665
กำแพงเพชร,คลองลาน,2026-04-05,16.102847025,99.35253217500001,65.0615625
กำแพงเพชร,คลองลาน,2026-04-06,16.102847025,99.35253217500001,64.75041666666667
กำแพงเพชร,คลองลาน,2026-04-07,16.102847025,99.35253217500001,58.450208333333336
กำแพงเพชร,คลองลาน,2026-04-08,16.102847025,99.35253217500001,57.13364583333333
กำแพงเพชร,คลองลาน,2026-04-09,16.099472209756097,99.35654209512194,71.76390243902439
กำแพงเพชร,คลองลาน,2026-04-10,16.0962581,99.36036106666667,76.50680555555556
กำแพงเพชร,คลองลาน,2026-04-11,16.0962581,99.36036106666667,75.86291666666666
กำแพงเพชร,คลองลาน,2026-04-12,16.0962581,99.36036106666667,67.91416666666666
กำแพงเพชร,คลองลาน,2026-04-13,16.0962581,99.36036106666667,89.69666666666666
กำแพงเพชร,คลองลาน,2026-04-14,16.0962581,99.36036106666667,62.09361111111111
กำแพงเพชร,คลองลาน,2026-04-15,16.0962581,99.36036106666667,55.550555555555555
กำแพงเพชร,คลองลาน,2026-04-16,16.0962581,99.36036106666667,60.92125
กำแพงเพชร,คลองลาน,2026-04-17,16.0962581,99.36036106666667,67.77861111111112
กำแพงเพชร,คลองลาน,2026-04-18,16.0962581,99.36036106666667,73.76777777777778
กำแพงเพชร,คลองลาน,2026-04-19,16.0962581,99.36036106666667,80.73472222222222
กำแพงเพชร,คลองลาน,2026-04-20,16.0962581,99.36036106666667,63.81055555555555
กำแพงเพชร,คลองลาน,2026-04-21,16.0962581,99.36036106666667,71.60944444444445
กำแพงเพชร,คลองลาน,2026-04-22,16.0962581,99.36036106666667,51.187083333333334
กำแพงเพชร,คลองลาน,2026-04-23,16.0962581,99.36036106666667,46.782916666666665
กำแพงเพชร,คลองลาน,2026-04-24,16.0962581,99.36036106666667,39.85444444444445
กำแพงเพชร,คลองลาน,2026-04-25,16.0962581,99.36036106666667,29.311111111111114
กำแพงเพชร,คลองลาน,2026-04-26,16.0962581,99.36036106666666,28.321363636363635
กำแพงเพชร,คลองลาน,2026-04-27,16.0962581,99.36036106666667,34.559305555555554
กำแพงเพชร,คลองลาน,2026-04-28,16.0962581,99.36036106666667,21.12027777777778
กำแพงเพชร,คลองลาน,2026-04-29,16.0962581,99.36036106666667,23.779722222222222
กำแพงเพชร,คลองลาน,2026-04-30,16.0962581,99.36036106666667,22.056805555555556
กำแพงเพชร,ทรายทองวัฒนา,2026-04-01,16.29854671,99.81384307999998,21.47304347826087
กำแพงเพชร,ทรายทองวัฒนา,2026-04-02,16.29854671,99.81384308000001,22.283749999999998
กำแพงเพชร,ทรายทองวัฒนา,2026-04-03,16.29854671,99.81384308,12.752380952380953
กำแพงเพชร,ทรายทองวัฒนา,2026-04-04,16.29854671,99.81384308000001,18.37125
กำแพงเพชร,ทรายทองวัฒนา,2026-04-05,16.29854671,99.81384308,33.98625
กำแพงเพชร,ทรายทองวัฒนา,2026-04-06,16.29854671,99.81384308,37.372
กำแพงเพชร,ทรายทองวัฒนา,2026-04-07,16.29854671,99.81384308000001,26.003333333333334
กำแพงเพชร,ทรายทองวัฒนา,2026-04-08,16.29854671,99.81384308000001,21.78333333333333
กำแพงเพชร,ทรายทองวัฒนา,2026-04-09,16.29854671,99.81384308,15.003125
กำแพงเพชร,ทรายทองวัฒนา,2026-04-10,16.29854671,99.81384308,22.128823529411765
กำแพงเพชร,ทรายทองวัฒนา,2026-04-11,16.29854671,99.81384308000001,28.662499999999998
กำแพงเพชร,ทรายทองวัฒนา,2026-04-12,16.29854671,99.81384308000001,29.165833333333335
กำแพงเพชร,ทรายทองวัฒนา,2026-04-13,16.29854671,99.81384308000001,21.754166666666666
กำแพงเพชร,ทรายทองวัฒนา,2026-04-14,16.29854671,99.81384308,21.889000000000003
กำแพงเพชร,ทรายทองวัฒนา,2026-04-15,16.29854671,99.81384307999998,22.858260869565218
กำแพงเพชร,ทรายทองวัฒนา,2026-04-16,16.29854671,99.81384308000001,14.391666666666666
กำแพงเพชร,ทรายทองวัฒนา,2026-04-17,16.29854671,99.81384307999998,10.0
กำแพงเพชร,ทรายทองวัฒนา,2026-04-18,16.29854671,99.81384308000001,10.0
กำแพงเพชร,ทรายทองวัฒนา,2026-04-19,16.29854671,99.81384308000001,18.710416666666667
กำแพงเพชร,ทรายทองวัฒนา,2026-04-20,16.29854671,99.81384308000001,16.52125
กำแพงเพชร,ทรายทองวัฒนา,2026-04-21,16.29854671,99.81384307999998,14.143636363636363
กำแพงเพชร,ทรายทองวัฒนา,2026-04-22,16.29854671,99.81384308,17.298095238095236
กำแพงเพชร,ทรายทองวัฒนา,2026-04-23,16.29854671,99.81384308000001,15.251666666666667
กำแพงเพชร,ทรายทองวัฒนา,2026-04-24,16.29854671,99.81384308000001,12.742083333333333
กำแพงเพชร,ทรายทองวัฒนา,2026-04-25,16.29854671,99.81384308000001,8.815416666666666
กำแพงเพชร,ทรายทองวัฒนา,2026-04-26,16.29854671,99.81384307999998,11.125909090909092
กำแพงเพชร,ทรายทองวัฒนา,2026-04-27,16.29854671,99.81384308000001,13.780416666666667
กำแพงเพชร,ทรายทองวัฒนา,2026-04-28,16.29854671,99.81384307999998,9.0
กำแพงเพชร,ทรายทองวัฒนา,2026-04-29,16.29854671,99.81384308000001,9.0
กำแพงเพชร,ทรายทองวัฒนา,2026-04-30,16.29854671,99.81384308000001,9.0
กำแพงเพชร,ปางศิลาทอง,2026-04-02,16.06300232,99.4110879,41.05785714285714
กำแพงเพชร,ปางศิลาทอง,2026-04-03,16.06300232,99.41108790000001,49.58380952380952
กำแพงเพชร,ปางศิลาทอง,2026-04-04,16.06300232,99.4110879,39.66583333333333
กำแพงเพชร,ปางศิลาทอง,2026-04-05,16.06300232,99.4110879,35.0
กำแพงเพชร,ปางศิลาทอง,2026-04-06,16.06300232,99.4110879,35.0
กำแพงเพชร,ปางศิลาทอง,2026-04-07,16.06300232,99.4110879,35.0
กำแพงเพชร,ปางศิลาทอง,2026-04-08,16.06300232,99.4110879,35.0
กำแพงเพชร,ปางศิลาทอง,2026-04-09,16.06300232,99.4110879,35.0
กำแพงเพชร,ปางศิลาทอง,2026-04-10,16.06300232,99.4110879,35.0
กำแพงเพชร,ปางศิลาทอง,2026-04-11,16.06300232,99.4110879,35.0
กำแพงเพชร,ปางศิลาทอง,2026-04-12,16.06300232,99.4110879,35.0
กำแพงเพชร,ปางศิลาทอง,2026-04-20,16.06300232,99.4110879,35.8925
กำแพงเพชร,ปางศิลาทอง,2026-04-21,16.06300232,99.4110879,36.24318181818182
กำแพงเพชร,ปางศิลาทอง,2026-04-22,16.06300232,99.41108790000001,34.74285714285715
กำแพงเพชร,ปางศิลาทอง,2026-04-23,16.06300232,99.4110879,30.204166666666666
กำแพงเพชร,ปางศิลาทอง,2026-04-24,16.06300232,99.4110879,24.723333333333333
กำแพงเพชร,ปางศิลาทอง,2026-04-25,16.06300232,99.4110879,15.167499999999999
กำแพงเพชร,ปางศิลาทอง,2026-04-26,16.06300232,99.4110879,15.157272727272726
กำแพงเพชร,ปางศิลาทอง,2026-04-27,16.06300232,99.4110879,14.0
กำแพงเพชร,ปางศิลาทอง,2026-04-28,16.06300232,99.4110879,14.0
กำแพงเพชร,ปางศิลาทอง,2026-04-29,16.06300232,99.4110879,14.0
กำแพงเพชร,ปางศิลาทอง,2026-04-30,16.06300232,99.4110879,11.122916666666667
กำแพงเพชร,พรานกระต่าย,2026-04-01,16.67741194590205,99.5864548460281,36.0
กำแพงเพชร,พรานกระต่าย,2026-04-02,16.67741194590205,99.5864548460281,36.0
กำแพงเพชร,พรานกระต่าย,2026-04-03,16.67741194590205,99.58645484602809,36.0
กำแพงเพชร,พรานกระต่าย,2026-04-04,16.67741194590205,99.5864548460281,36.0
กำแพงเพชร,พรานกระต่าย,2026-04-05,16.67741194590205,99.5864548460281,36.0
กำแพงเพชร,พรานกระต่าย,2026-04-06,16.67741194590205,99.5864548460281,36.0
กำแพงเพชร,พรานกระต่าย,2026-04-07,16.67741194590205,99.5864548460281,36.0
กำแพงเพชร,พรานกระต่าย,2026-04-24,16.67741194590205,99.5864548460281,39.212
กำแพงเพชร,พรานกระต่าย,2026-04-25,16.67741194590205,99.5864548460281,27.601249999999997
กำแพงเพชร,พรานกระต่าย,2026-04-26,16.67741194590205,99.5864548460281,28.975
กำแพงเพชร,พรานกระต่าย,2026-04-27,16.67741194590205,99.5864548460281,35.45375
กำแพงเพชร,พรานกระต่าย,2026-04-28,16.67741194590205,99.5864548460281,17.587222222222223
กำแพงเพชร,พรานกระต่าย,2026-04-29,16.67741194590205,99.5864548460281,24.140833333333333
กำแพงเพชร,พรานกระต่าย,2026-04-30,16.67741194590205,99.5864548460281,24.4755
กำแพงเพชร,ลานกระบือ,2026-04-01,16.59889619,99.845261,39.379444444444445
กำแพงเพชร,ลานกระบือ,2026-04-02,16.59889619,99.84526100000001,41.34857142857143
กำแพงเพชร,ลานกระบือ,2026-04-03,16.59889619,99.84526100000001,30.98333333333333
กำแพงเพชร,ลานกระบือ,2026-04-04,16.59889619,99.845261,32.6025
กำแพงเพชร,ลานกระบือ,2026-04-05,16.59889619,99.845261,49.7175
กำแพงเพชร,ลานกระบือ,2026-04-06,16.59889619,99.845261,52.279999999999994
กำแพงเพชร,ลานกระบือ,2026-04-07,16.59889619,99.845261,28.414583333333336
กำแพงเพชร,ลานกระบือ,2026-04-08,16.59889619,99.845261,26.81958333333333
กำแพงเพชร,ลานกระบือ,2026-04-09,16.59889619,99.845261,29.625625
กำแพงเพชร,ลานกระบือ,2026-04-10,16.59889619,99.845261,35.56588235294117
กำแพงเพชร,ลานกระบือ,2026-04-11,16.59889619,99.845261,32.891666666666666
กำแพงเพชร,ลานกระบือ,2026-04-12,16.59889619,99.845261,39.49666666666666
กำแพงเพชร,ลานกระบือ,2026-04-13,16.59889619,99.845261,37.88166666666667
กำแพงเพชร,ลานกระบือ,2026-04-14,16.59889619,99.845261,36.3245
กำแพงเพชร,ลานกระบือ,2026-04-15,16.59889619,99.845261,33.501304347826085
กำแพงเพชร,ลานกระบือ,2026-04-16,16.59889619,99.845261,34.455416666666665
กำแพงเพชร,ลานกระบือ,2026-04-17,16.59889619,99.845261,39.210454545454546
กำแพงเพชร,ลานกระบือ,2026-04-18,16.59889619,99.845261,35.59583333333333
กำแพงเพชร,ลานกระบือ,2026-04-19,16.59889619,99.845261,37.05708333333333
กำแพงเพชร,ลานกระบือ,2026-04-20,16.59889619,99.845261,29.4425
กำแพงเพชร,ลานกระบือ,2026-04-21,16.59889619,99.845261,28.264545454545456
กำแพงเพชร,ลานกระบือ,2026-04-22,16.59889619,99.845261,33.444736842105264
กำแพงเพชร,ลานกระบือ,2026-04-23,16.59889619,99.845261,35.182
กำแพงเพชร,ลานกระบือ,2026-04-24,16.59889619,99.845261,27.099375
กำแพงเพชร,ลานกระบือ,2026-04-25,16.59889619,99.845261,18.71125
กำแพงเพชร,ลานกระบือ,2026-04-26,16.59889619,99.845261,26.82227272727273
กำแพงเพชร,ลานกระบือ,2026-04-27,16.59889619,99.845261,27.60083333333333
กำแพงเพชร,ลานกระบือ,2026-04-28,16.59889619,99.845261,13.67086956521739
กำแพงเพชร,ลานกระบือ,2026-04-29,16.59889619,99.845261,16.052916666666665
กำแพงเพชร,ลานกระบือ,2026-04-30,16.59889619,99.845261,21.182916666666667
กำแพงเพชร,เมือง,2026-04-01,16.390085,99.520402,27.46478260869565
กำแพงเพชร,เมือง,2026-04-02,16.390085,99.520402,32.056666666666665
กำแพงเพชร,เมือง,2026-04-03,16.390085,99.52040199999999,20.31380952380952
กำแพงเพชร,เมือง,2026-04-04,16.390085,99.520402,28.711250000000003
กำแพงเพชร,เมือง,2026-04-05,16.390085,99.520402,32.50125
กำแพงเพชร,เมือง,2026-04-06,16.390085,99.520402,27.748
กำแพงเพชร,เมือง,2026-04-07,16.390085,99.52040199999999,23.44904761904762
กำแพงเพชร,เมือง,2026-04-08,16.390085,99.520402,25.6575
กำแพงเพชร,เมือง,2026-04-09,16.390085,99.520402,27.756923076923076
กำแพงเพชร,เมือง,2026-04-10,16.390085,99.520402,30.788235294117644
กำแพงเพชร,เมือง,2026-04-11,16.390085,99.520402,37.230000000000004
กำแพงเพชร,เมือง,2026-04-16,16.390085,99.520402,21.079375
กำแพงเพชร,เมือง,2026-04-17,16.390085,99.520402,27.28818181818182
กำแพงเพชร,เมือง,2026-04-18,16.390085,99.520402,25.53125
กำแพงเพชร,เมือง,2026-04-19,16.390085,99.520402,27.996666666666666
กำแพงเพชร,เมือง,2026-04-20,16.390085,99.520402,25.447083333333335
กำแพงเพชร,เมือง,2026-04-21,16.390085,99.520402,13.365
กำแพงเพชร,เมือง,2026-04-30,16.390085,99.520402,4.3185714285714285
กำแพงเพชร,เมืองกำแพงเพชร,2026-04-01,16.555215645652485,99.5110514305253,55.967083333333335
กำแพงเพชร,เมืองกำแพงเพชร,2026-04-02,16.555215645652485,99.5110514305253,72.31625
กำแพงเพชร,เมืองกำแพงเพชร,2026-04-03,16.555215645652485,99.5110514305253,55.727916666666665
กำแพงเพชร,เมืองกำแพงเพชร,2026-04-04,16.555215645652485,99.5110514305253,62.43333333333334
กำแพงเพชร,เมืองกำแพงเพชร,2026-04-05,16.555215645652485,99.5110514305253,66.8175
กำแพงเพชร,เมืองกำแพงเพชร,2026-04-06,16.555215645652485,99.5110514305253,51.94916666666666
กำแพงเพชร,เมืองกำแพงเพชร,2026-04-07,16.555215645652485,99.5110514305253,43.16416666666667
กำแพงเพชร,เมืองกำแพงเพชร,2026-04-08,16.555215645652485,99.5110514305253,42.65541666666667
กำแพงเพชร,เมืองกำแพงเพชร,2026-04-09,16.555215645652485,99.5110514305253,37.785833333333336
กำแพงเพชร,เมืองกำแพงเพชร,2026-04-10,16.555215645652485,99.5110514305253,39.74916666666667
กำแพงเพชร,เมืองกำแพงเพชร,2026-04-11,16.555215645652485,99.5110514305253,46.035
กำแพงเพชร,เมืองกำแพงเพชร,2026-04-12,16.555215645652485,99.5110514305253,56.04291666666666
กำแพงเพชร,เมืองกำแพงเพชร,2026-04-13,16.555215645652485,99.5110514305253,64.48125
กำแพงเพชร,เมืองกำแพงเพชร,2026-04-14,16.555215645652485,99.5110514305253,53.092083333333335
กำแพงเพชร,เมืองกำแพงเพชร,2026-04-15,16.555215645652485,99.5110514305253,43.78875
กำแพงเพชร,เมืองกำแพงเพชร,2026-04-16,16.555215645652485,99.5110514305253,44.37958333333333
กำแพงเพชร,เมืองกำแพงเพชร,2026-04-17,16.555215645652485,99.5110514305253,60.409166666666664
กำแพงเพชร,เมืองกำแพงเพชร,2026-04-18,16.555215645652485,99.5110514305253,59.4
กำแพงเพชร,เมืองกำแพงเพชร,2026-04-19,16.555215645652485,99.5110514305253,55.83041666666667
กำแพงเพชร,เมืองกำแพงเพชร,2026-04-20,16.555215645652485,99.5110514305253,58.856249999999996
กำแพงเพชร,เมืองกำแพงเพชร,2026-04-21,16.555215645652485,99.5110514305253,40.97291666666667
กำแพงเพชร,เมืองกำแพงเพชร,2026-04-22,16.555215645652485,99.5110514305253,43.935
กำแพงเพชร,เมืองกำแพงเพชร,2026-04-23,16.555215645652485,99.5110514305253,37.805
กำแพงเพชร,เมืองกำแพงเพชร,2026-04-24,16.555215645652485,99.5110514305253,37.38666666666666
กำแพงเพชร,เมืองกำแพงเพชร,2026-04-25,16.555215645652485,99.5110514305253,29.72083333333333
กำแพงเพชร,เมืองกำแพงเพชร,2026-04-26,16.555215645652485,99.51105143052531,28.259545454545457
กำแพงเพชร,เมืองกำแพงเพชร,2026-04-27,16.555215645652485,99.5110514305253,34.58708333333333
กำแพงเพชร,เมืองกำแพงเพชร,2026-04-28,16.555215645652485,99.5110514305253,20.786666666666665
กำแพงเพชร,เมืองกำแพงเพชร,2026-04-29,16.555215645652485,99.5110514305253,18.572916666666668
กำแพงเพชร,เมืองกำแพงเพชร,2026-04-30,16.555215645652485,99.5110514305253,20.90375
กำแพงเพชร,ไทรงาม,2026-04-18,16.46624435,99.89056124,51.626666666666665
กำแพงเพชร,ไทรงาม,2026-04-19,16.46624435,99.89056124,56.7575
กำแพงเพชร,ไทรงาม,2026-04-20,16.46624435,99.89056124,44.92416666666667
กำแพงเพชร,ไทรงาม,2026-04-21,16.46624435,99.89056124,40.566818181818185
กำแพงเพชร,ไทรงาม,2026-04-22,16.46624435,99.89056124000001,49.395714285714284
กำแพงเพชร,ไทรงาม,2026-04-23,16.46624435,99.89056124,48.05833333333334
กำแพงเพชร,ไทรงาม,2026-04-24,16.46624435,99.89056124,43.17
กำแพงเพชร,ไทรงาม,2026-04-26,16.46624435,99.89056124,43.635
กำแพงเพชร,ไทรงาม,2026-04-27,16.46624435,99.89056124,43.56125
กำแพงเพชร,ไทรงาม,2026-04-28,16.46624435,99.89056124,19.53
กำแพงเพชร,ไทรงาม,2026-04-29,16.46624435,99.89056124,29.089166666666667
กำแพงเพชร,ไทรงาม,2026-04-30,16.46624435,99.89056124,30.558333333333334
ขอนแก่น,หนองเรือ,2026-04-01,16.497687089864797,102.39566578256617,53.19276595744681
ขอนแก่น,หนองเรือ,2026-04-02,16.49732951795308,102.39866426917882,52.26260869565217
ขอนแก่น,หนองเรือ,2026-04-03,16.497569601950946,102.39665099959603,51.989374999999995
ขอนแก่น,หนองเรือ,2026-04-04,16.497569601950946,102.39665099959603,61.06270833333334
ขอนแก่น,หนองเรือ,2026-04-05,16.497569601950946,102.39665099959603,67.54958333333333
ขอนแก่น,หนองเรือ,2026-04-06,16.497687089864797,102.39566578256617,60.589361702127654
ขอนแก่น,หนองเรือ,2026-04-07,16.497569601950946,102.39665099959603,58.57125
ขอนแก่น,หนองเรือ,2026-04-08,16.497569601950946,102.39665099959603,62.38041666666667
ขอนแก่น,หนองเรือ,2026-04-09,16.497569601950946,102.39665099959603,65.385625
ขอนแก่น,หนองเรือ,2026-04-10,16.497569601950946,102.39665099959603,58.196875
ขอนแก่น,หนองเรือ,2026-04-11,16.496927516840373,102.40203532522442,53.69651162790697
ขอนแก่น,หนองเรือ,2026-04-12,16.49204767,102.44295619999998,49.09916666666667
ขอนแก่น,หนองเรือ,2026-04-13,16.49204767,102.44295619999998,45.848333333333336
ขอนแก่น,หนองเรือ,2026-04-14,16.495728957967298,102.41208606639736,42.32194444444444
ขอนแก่น,หนองเรือ,2026-04-15,16.497569601950946,102.39665099959603,54.84041666666667
ขอนแก่น,หนองเรือ,2026-04-16,16.497569601950946,102.39665099959603,49.850208333333335
ขอนแก่น,หนองเรือ,2026-04-17,16.497569601950946,102.39665099959603,51.72354166666667
ขอนแก่น,หนองเรือ,2026-04-18,16.497569601950946,102.39665099959603,49.768750000000004
ขอนแก่น,หนองเรือ,2026-04-19,16.497569601950946,102.39665099959603,42.305
ขอนแก่น,หนองเรือ,2026-04-20,16.49732951795308,102.39866426917882,38.54152173913044
ขอนแก่น,หนองเรือ,2026-04-21,16.497452114037095,102.39763621662591,45.8327659574468
ขอนแก่น,หนองเรือ,2026-04-22,16.494541445719783,102.42204417401112,43.44935483870968
ขอนแก่น,หนองเรือ,2026-04-23,16.49204767,102.44295619999998,38.73916666666667
ขอนแก่น,หนองเรือ,2026-04-24,16.49204767,102.44295619999998,31.532083333333333
ขอนแก่น,หนองเรือ,2026-04-25,16.49204767,102.44295619999998,24.28333333333333
ขอนแก่น,หนองเรือ,2026-04-26,16.49204767,102.44295620000001,29.835454545454546
ขอนแก่น,หนองเรือ,2026-04-27,16.49204767,102.44295619999998,30.410416666666666
ขอนแก่น,หนองเรือ,2026-04-28,16.496116461963855,102.40883657864971,26.096052631578946
ขอนแก่น,หนองเรือ,2026-04-29,16.497569601950946,102.39665099959603,29.744375
ขอนแก่น,หนองเรือ,2026-04-30,16.49732951795308,102.39866426917882,25.02608695652174
ชลบุรี,พนัสนิคม,2026-04-01,13.44556634135863,101.18020666342592,29.38354166666667
ชลบุรี,พนัสนิคม,2026-04-02,13.44556634135863,101.18020666342592,26.014479166666664
ชลบุรี,พนัสนิคม,2026-04-03,13.44556634135863,101.18020666342592,31.096249999999998
ชลบุรี,พนัสนิคม,2026-04-04,13.446158949507566,101.17932710121879,36.986162790697676
ชลบุรี,พนัสนิคม,2026-04-05,13.44726515138558,101.17768525176545,38.71083333333333
ชลบุรี,พนัสนิคม,2026-04-06,13.44726515138558,101.17768525176545,36.22902777777777
ชลบุรี,พนัสนิคม,2026-04-07,13.44726515138558,101.17768525176545,36.91583333333333
ชลบุรี,พนัสนิคม,2026-04-08,13.44717206590465,101.1778234113085,36.154657534246574
ชลบุรี,พนัสนิคม,2026-04-09,13.44726515138558,101.17768525176545,35.086388888888884
ชลบุรี,พนัสนิคม,2026-04-10,13.44726515138558,101.17768525176545,29.214444444444446
ชลบุรี,พนัสนิคม,2026-04-11,13.44726515138558,101.17768525176545,29.381527777777777
ชลบุรี,พนัสนิคม,2026-04-12,13.44726515138558,101.17768525176545,32.1875
ชลบุรี,พนัสนิคม,2026-04-13,13.44726515138558,101.17768525176545,28.68972222222222
ชลบุรี,พนัสนิคม,2026-04-14,13.44726515138558,101.17768525176545,31.64125
ชลบุรี,พนัสนิคม,2026-04-15,13.44726515138558,101.17768525176545,31.88847222222222
ชลบุรี,พนัสนิคม,2026-04-16,13.44726515138558,101.17768525176545,30.385416666666668
ชลบุรี,พนัสนิคม,2026-04-17,13.44726515138558,101.17768525176545,28.58361111111111
ชลบุรี,พนัสนิคม,2026-04-18,13.44726515138558,101.17768525176545,27.03972222222222
ชลบุรี,พนัสนิคม,2026-04-19,13.44726515138558,101.17768525176545,25.178888888888892
ชลบุรี,พนัสนิคม,2026-04-20,13.44726515138558,101.17768525176545,28.74027777777778
ชลบุรี,พนัสนิคม,2026-04-21,13.44726515138558,101.17768525176545,28.730972222222224
ชลบุรี,พนัสนิคม,2026-04-22,13.44726515138558,101.17768525176545,23.915714285714287
ชลบุรี,พนัสนิคม,2026-04-28,13.44726515138558,101.17768525176545,15.541666666666666
ชลบุรี,พนัสนิคม,2026-04-29,13.44726515138558,101.17768525176545,26.396666666666665
ชลบุรี,พนัสนิคม,2026-04-30,13.44726515138558,101.17768525176545,25.08
ชัยนาท,มโนรมย์,2026-04-05,15.31031544,100.0842908,30.535
ชัยนาท,มโนรมย์,2026-04-06,15.31031544,100.0842908,82.498
ชัยนาท,มโนรมย์,2026-04-07,15.310315440000002,100.0842908,34.30722222222222
ชัยนาท,มโนรมย์,2026-04-08,15.31031544,100.0842908,54.67
ชัยนาท,มโนรมย์,2026-04-09,15.31031544,100.0842908,42.285000000000004
ชัยนาท,มโนรมย์,2026-04-10,15.31031544,100.0842908,29.281
ชัยนาท,มโนรมย์,2026-04-11,15.31031544,100.0842908,36.86
ชัยนาท,มโนรมย์,2026-04-12,15.310315440000002,100.0842908,51.72
ชัยนาท,มโนรมย์,2026-04-13,15.31031544,100.0842908,36.30590909090909
ชัยนาท,มโนรมย์,2026-04-14,15.31031544,100.0842908,37.070499999999996
ชัยนาท,มโนรมย์,2026-04-15,15.31031544,100.0842908,39.977391304347826
ชัยนาท,มโนรมย์,2026-04-16,15.31031544,100.0842908,22.942
ชัยนาท,มโนรมย์,2026-04-17,15.31031544,100.0842908,48.901875
ชัยนาท,มโนรมย์,2026-04-18,15.31031544,100.0842908,42.76565217391305
ชัยนาท,มโนรมย์,2026-04-19,15.310315440000002,100.0842908,42.57458333333333
ชัยนาท,มโนรมย์,2026-04-20,15.310315440000002,100.0842908,28.000555555555554
ชัยนาท,มโนรมย์,2026-04-21,15.31031544,100.0842908,43.587333333333326
ชัยนาท,มโนรมย์,2026-04-22,15.31031544,100.0842908,38.34238095238096
ชัยนาท,มโนรมย์,2026-04-23,15.31031544,100.0842908,29.579090909090908
ชัยนาท,มโนรมย์,2026-04-24,15.310315440000002,100.0842908,33.892916666666665
ชัยนาท,มโนรมย์,2026-04-25,15.310315440000002,100.0842908,21.42
ชัยนาท,มโนรมย์,2026-04-26,15.31031544,100.0842908,33.08954545454546
ชัยนาท,มโนรมย์,2026-04-27,15.31031544,100.08429079999999,30.310769230769232
ชัยนาท,มโนรมย์,2026-04-28,15.310315439999998,100.0842908,20.869473684210526
ชัยนาท,มโนรมย์,2026-04-29,15.310315440000002,100.0842908,24.445555555555554
ชัยนาท,มโนรมย์,2026-04-30,15.310315440000002,100.0842908,21.956666666666667
ชัยนาท,สรรคบุรี,2026-04-01,15.045014679999998,100.1431396,32.73869565217392
ชัยนาท,สรรคบุรี,2026-04-02,15.04501468,100.1431396,24.147142857142857
ชัยนาท,สรรคบุรี,2026-04-06,15.04501468,100.1431396,56.174
ชัยนาท,สรรคบุรี,2026-04-07,15.04501468,100.1431396,31.60166666666667
ชัยนาท,สรรคบุรี,2026-04-08,15.04501468,100.1431396,56.428333333333335
ชัยนาท,สรรคบุรี,2026-04-12,15.045014680000001,100.1431396,24.705454545454543
ชัยนาท,สรรคบุรี,2026-04-13,15.045014679999998,100.1431396,33.22304347826087
ชัยนาท,สรรคบุรี,2026-04-14,15.04501468,100.1431396,38.021
ชัยนาท,สรรคบุรี,2026-04-15,15.045014679999998,100.1431396,40.82608695652174
ชัยนาท,สรรคบุรี,2026-04-16,15.04501468,100.1431396,36.9125
ชัยนาท,สรรคบุรี,2026-04-17,15.045014680000001,100.1431396,40.717727272727274
ชัยนาท,สรรคบุรี,2026-04-18,15.04501468,100.1431396,42.5725
ชัยนาท,สรรคบุรี,2026-04-19,15.04501468,100.1431396,41.696666666666665
ชัยนาท,สรรคบุรี,2026-04-20,15.04501468,100.1431396,29.980416666666667
ชัยนาท,สรรคบุรี,2026-04-21,15.045014680000001,100.1431396,44.93727272727273
ชัยนาท,สรรคบุรี,2026-04-22,15.04501468,100.14313960000001,41.66095238095238
ชัยนาท,สรรคบุรี,2026-04-23,15.04501468,100.1431396,30.797083333333333
ชัยนาท,สรรคบุรี,2026-04-24,15.04501468,100.1431396,33.40833333333333
ชัยนาท,สรรคบุรี,2026-04-25,15.04501468,100.1431396,23.765
ชัยนาท,สรรคบุรี,2026-04-26,15.045014680000001,100.1431396,35.71363636363637
ชัยนาท,สรรคบุรี,2026-04-27,15.04501468,100.1431396,25.821250000000003
ชัยนาท,สรรคบุรี,2026-04-28,15.045014679999998,100.1431396,18.71217391304348
ชัยนาท,สรรคบุรี,2026-04-29,15.04501468,100.1431396,23.582083333333333
ชัยนาท,สรรคบุรี,2026-04-30,15.04501468,100.1431396,27.47875
ชัยนาท,หันคา,2026-04-01,14.9900346,99.98581844,33.64826086956521
ชัยนาท,หันคา,2026-04-02,14.9900346,99.98581844,28.73
ชัยนาท,หันคา,2026-04-03,14.990034599999998,99.98581844,23.70809523809524
ชัยนาท,หันคา,2026-04-04,14.9900346,99.98581844,34.91166666666667
ชัยนาท,หันคา,2026-04-05,14.9900346,99.98581844,30.62375
ชัยนาท,หันคา,2026-04-06,14.990034599999998,99.98581844,47.842
ชัยนาท,หันคา,2026-04-07,14.9900346,99.98581844,39.634166666666665
ชัยนาท,หันคา,2026-04-08,14.9900346,99.98581844,31.58
ชัยนาท,หันคา,2026-04-12,14.9900346,99.98581844,22.79
ชัยนาท,หันคา,2026-04-13,14.9900346,99.98581844,32.737500000000004
ชัยนาท,หันคา,2026-04-14,14.990034599999998,99.98581844,36.239999999999995
ชัยนาท,หันคา,2026-04-15,14.9900346,99.98581844,40.28608695652174
ชัยนาท,หันคา,2026-04-16,14.9900346,99.98581844,37.71791666666667
ชัยนาท,หันคา,2026-04-17,14.9900346,99.98581844,40.588181818181816
ชัยนาท,หันคา,2026-04-18,14.9900346,99.98581844,39.83166666666667
ชัยนาท,หันคา,2026-04-19,14.9900346,99.98581844,24.004166666666666
ชัยนาท,หันคา,2026-04-21,14.9900346,99.98581844,49.34466666666666
ชัยนาท,หันคา,2026-04-22,14.990034599999998,99.98581844,37.957142857142856
ชัยนาท,หันคา,2026-04-23,14.9900346,99.98581844,31.484166666666667
ชัยนาท,หันคา,2026-04-24,14.9900346,99.98581844,23.72
ชัยนาท,หันคา,2026-04-27,14.9900346,99.98581844,17.945
ชัยนาท,หันคา,2026-04-28,14.9900346,99.98581844,16.259565217391305
ชัยนาท,หันคา,2026-04-29,14.9900346,99.98581844,14.31
ชัยนาท,หันคา,2026-04-30,14.9900346,99.98581844,24.519166666666667
ชัยนาท,เนินขาม,2026-04-01,14.958028758,99.927570265,33.64826086956521
ชัยนาท,เนินขาม,2026-04-02,14.958028758,99.927570265,28.58125
ชัยนาท,เนินขาม,2026-04-03,14.958346174133334,99.92646758066665,24.735999999999997
ชัยนาท,เนินขาม,2026-04-04,14.958028758,99.927570265,36.87520833333333
ชัยนาท,เนินขาม,2026-04-05,14.960409379,99.9193001325,51.774375
ชัยนาท,เนินขาม,2026-04-06,14.961148192413793,99.91673353965517,57.47827586206896
ชัยนาท,เนินขาม,2026-04-07,14.958028758,99.927570265,42.91083333333333
ชัยนาท,เนินขาม,2026-04-08,14.958028758,99.927570265,55.13229166666667
ชัยนาท,เนินขาม,2026-04-09,14.9589810064,99.924262212,41.05475
ชัยนาท,เนินขาม,2026-04-10,14.95884165297561,99.92474631731706,39.00170731707317
ชัยนาท,เนินขาม,2026-04-11,14.958028758,99.927570265,38.03604166666667
ชัยนาท,เนินขาม,2026-04-12,14.958028758,99.927570265,32.96458333333333
ชัยนาท,เนินขาม,2026-04-13,14.958028758,99.927570265,34.35333333333333
ชัยนาท,เนินขาม,2026-04-14,14.958461598181817,99.92606660454545,37.03
ชัยนาท,เนินขาม,2026-04-15,14.958130061021278,99.92721834446809,42.53127659574468
ชัยนาท,เนินขาม,2026-04-16,14.958028758,99.927570265,37.78375
ชัยนาท,เนินขาม,2026-04-17,14.95823576852174,99.92685112304348,42.956304347826084
ชัยนาท,เนินขาม,2026-04-18,14.958028758,99.927570265,37.22645833333333
ชัยนาท,เนินขาม,2026-04-19,14.958028758,99.927570265,37.603125
ชัยนาท,เนินขาม,2026-04-20,14.958028758,99.927570265,29.336875000000003
ชัยนาท,เนินขาม,2026-04-21,14.958130061021278,99.92721834446809,41.41595744680851
ชัยนาท,เนินขาม,2026-04-22,14.958346174133334,99.92646758066665,41.09888888888889
ชัยนาท,เนินขาม,2026-04-23,14.958028758,99.927570265,29.277916666666666
ชัยนาท,เนินขาม,2026-04-24,14.958028758,99.927570265,30.582291666666666
ชัยนาท,เนินขาม,2026-04-25,14.958028758,99.927570265,19.758541666666666
ชัยนาท,เนินขาม,2026-04-26,14.958028758000001,99.927570265,29.80068181818182
ชัยนาท,เนินขาม,2026-04-27,14.958028758,99.927570265,19.149583333333332
ชัยนาท,เนินขาม,2026-04-28,14.958130061021278,99.92721834446809,16.521702127659573
ชัยนาท,เนินขาม,2026-04-29,14.958028758,99.927570265,22.637708333333332
ชัยนาท,เนินขาม,2026-04-30,14.958028758,99.927570265,23.122291666666666
ชัยนาท,เมือง,2026-04-01,15.236979495,100.10434535000002,47.65
ชัยนาท,เมือง,2026-04-02,15.236979495,100.10434535,38.19229166666667
ชัยนาท,เมือง,2026-04-03,15.235059815333331,100.10511052666668,34.80555555555556
ชัยนาท,เมือง,2026-04-04,15.236979495,100.10434535,47.07125
ชัยนาท,เมือง,2026-04-05,15.2225818975,100.110084175,63.0846875
ชัยนาท,เมือง,2026-04-06,15.218113677586206,100.11186518965518,67.60275862068966
ชัยนาท,เมือง,2026-04-07,15.236979495,100.10434535,48.663333333333334
ชัยนาท,เมือง,2026-04-08,15.236979495,100.10434535,61.38916666666666
ชัยนาท,เมือง,2026-04-09,15.231220455999999,100.10664088000001,50.351749999999996
ชัยนาท,เมือง,2026-04-10,15.232063242195121,100.1063049487805,42.81048780487805
ชัยนาท,เมือง,2026-04-11,15.236979495,100.10434535,45.725833333333334
ชัยนาท,เมือง,2026-04-12,15.236979495,100.10434535,40.90208333333333
ชัยนาท,เมือง,2026-04-13,15.236979495,100.10434535,40.843125
ชัยนาท,เมือง,2026-04-14,15.22841876135135,100.10775762432434,46.807027027027026
ชัยนาท,เมือง,2026-04-15,15.236366831276596,100.10458955531914,49.712553191489356
ชัยนาท,เมือง,2026-04-16,15.236979495,100.10434535,46.74895833333333
ชัยนาท,เมือง,2026-04-17,15.23572753,100.10484437826088,49.91021739130434
ชัยนาท,เมือง,2026-04-18,15.236979495,100.10434535,52.64145833333333
ชัยนาท,เมือง,2026-04-19,15.236979495,100.10434535,53.4025
ชัยนาท,เมือง,2026-04-20,15.236979495,100.10434535,36.428333333333335
ชัยนาท,เมือง,2026-04-21,15.23572753,100.10484437826088,50.8158695652174
ชัยนาท,เมือง,2026-04-22,15.2225818975,100.110084175,57.2246875
ชัยนาท,เมือง,2026-04-23,15.232063242195121,100.1063049487805,42.26268292682927
ชัยนาท,เมือง,2026-04-24,15.236979495,100.10434535,39.21125
ชัยนาท,เมือง,2026-04-25,15.236979495,100.10434535,29.136875
ชัยนาท,เมือง,2026-04-26,15.236979494999998,100.10434535,40.310227272727275
ชัยนาท,เมือง,2026-04-27,15.236979495,100.10434535,31.356875000000002
ชัยนาท,เมือง,2026-04-28,15.236366831276596,100.10458955531914,23.68127659574468
ชัยนาท,เมือง,2026-04-29,15.236979495,100.10434535,26.60729166666667
ชัยนาท,เมือง,2026-04-30,15.233631216511629,100.10567996046511,31.311162790697676
ชัยภูมิ,คอนสาร,2026-04-01,16.52886,102.00125,68.59260869565217
ชัยภูมิ,คอนสาร,2026-04-02,16.52886,102.00124999999998,59.39625
ชัยภูมิ,คอนสาร,2026-04-03,16.52886,102.00124999999998,58.932500000000005
ชัยภูมิ,คอนสาร,2026-04-04,16.52886,102.00124999999998,74.3725
ชัยภูมิ,คอนสาร,2026-04-05,16.52886,102.00124999999998,86.91666666666667
ชัยภูมิ,คอนสาร,2026-04-06,16.52886,102.00124999999998,97.05166666666666
ชัยภูมิ,คอนสาร,2026-04-07,16.52886,102.00124999999998,82.29916666666666
ชัยภูมิ,คอนสาร,2026-04-08,16.52886,102.00124999999998,72.25625000000001
ชัยภูมิ,คอนสาร,2026-04-09,16.52886,102.00124999999998,83.65291666666667
ชัยภูมิ,คอนสาร,2026-04-10,16.52886,102.00124999999998,62.393750000000004
ชัยภูมิ,คอนสาร,2026-04-11,16.52886,102.00124999999998,54.85833333333333
ชัยภูมิ,คอนสาร,2026-04-12,16.52886,102.00124999999998,70.44541666666667
ชัยภูมิ,คอนสาร,2026-04-13,16.52886,102.00124999999998,61.10458333333333
ชัยภูมิ,คอนสาร,2026-04-14,16.52886,102.00124999999998,57.24333333333333
ชัยภูมิ,คอนสาร,2026-04-15,16.52886,102.00124999999998,58.70791666666667
ชัยภูมิ,คอนสาร,2026-04-16,16.52886,102.00124999999998,63.10541666666666
ชัยภูมิ,คอนสาร,2026-04-17,16.52886,102.00124999999998,70.20833333333333
ชัยภูมิ,คอนสาร,2026-04-18,16.52886,102.00124999999998,56.23541666666667
ชัยภูมิ,คอนสาร,2026-04-19,16.52886,102.00124999999998,63.25208333333333
ชัยภูมิ,คอนสาร,2026-04-20,16.52886,102.00124999999998,48.45583333333334
ชัยภูมิ,คอนสาร,2026-04-21,16.52886,102.00124999999998,53.8975
ชัยภูมิ,คอนสาร,2026-04-22,16.52886,102.00124999999998,51.14041666666666
ชัยภูมิ,คอนสาร,2026-04-23,16.52886,102.00124999999998,53.895833333333336
ชัยภูมิ,คอนสาร,2026-04-24,16.52886,102.00124999999998,39.82666666666667
ชัยภูมิ,คอนสาร,2026-04-25,16.52886,102.00124999999998,34.89333333333334
ชัยภูมิ,คอนสาร,2026-04-26,16.52886,102.00125000000001,30.607727272727274
ชัยภูมิ,คอนสาร,2026-04-27,16.52886,102.00124999999998,30.952916666666667
ชัยภูมิ,คอนสาร,2026-04-28,16.52886,102.00124999999998,34.71458333333333
ชัยภูมิ,คอนสาร,2026-04-29,16.52886,102.00124999999998,33.871249999999996
ชัยภูมิ,คอนสาร,2026-04-30,16.52886,102.00124999999998,28.231666666666666
ชุมพร,ปะทิว,2026-04-01,10.86629984542483,99.33722491534115,7.880000000000001
ชุมพร,ปะทิว,2026-04-02,10.866299845424829,99.33722491534115,12.211666666666666
ชุมพร,ปะทิว,2026-04-03,10.866299845424829,99.33722491534115,11.96625
ชุมพร,ปะทิว,2026-04-04,10.866299845424829,99.33722491534115,21.55666666666667
ชุมพร,ปะทิว,2026-04-05,10.866299845424829,99.33722491534115,16.242083333333333
ชุมพร,ปะทิว,2026-04-06,10.866299845424829,99.33722491534115,16.275000000000002
ชุมพร,ปะทิว,2026-04-07,10.866299845424829,99.33722491534115,15.342916666666667
ชุมพร,ปะทิว,2026-04-08,10.866299845424829,99.33722491534115,17.633333333333333
ชุมพร,ปะทิว,2026-04-09,10.866299845424829,99.33722491534115,11.639583333333334
ชุมพร,ปะทิว,2026-04-10,10.866299845424829,99.33722491534115,11.599583333333333
ชุมพร,ปะทิว,2026-04-11,10.866299845424829,99.33722491534115,8.205
ชุมพร,ปะทิว,2026-04-12,10.866299845424829,99.33722491534115,9.584999999999999
ชุมพร,ปะทิว,2026-04-13,10.866299845424829,99.33722491534115,12.421666666666667
ชุมพร,ปะทิว,2026-04-14,10.866299845424829,99.33722491534115,15.921666666666667
ชุมพร,ปะทิว,2026-04-15,10.866299845424829,99.33722491534115,19.591666666666665
ชุมพร,ปะทิว,2026-04-16,10.866299845424829,99.33722491534115,19.419999999999998
ชุมพร,ปะทิว,2026-04-17,10.866299845424829,99.33722491534115,15.765
ชุมพร,ปะทิว,2026-04-18,10.866299845424829,99.33722491534115,14.74
ชุมพร,ปะทิว,2026-04-19,10.866299845424829,99.33722491534115,11.202083333333334
ชุมพร,ปะทิว,2026-04-20,10.866299845424829,99.33722491534115,7.01625
ชุมพร,ปะทิว,2026-04-21,10.866299845424829,99.33722491534115,14.575416666666667
ชุมพร,ปะทิว,2026-04-22,10.866299845424829,99.33722491534115,15.657916666666667
ชุมพร,ปะทิว,2026-04-23,10.866299845424829,99.33722491534115,9.972083333333332
ชุมพร,ปะทิว,2026-04-24,10.866299845424829,99.33722491534115,6.22625
ชุมพร,ปะทิว,2026-04-25,10.866299845424829,99.33722491534115,5.827083333333333
ชุมพร,ปะทิว,2026-04-26,10.86629984542483,99.33722491534114,7.134090909090909
ชุมพร,ปะทิว,2026-04-27,10.866299845424829,99.33722491534115,4.2124999999999995
ชุมพร,ปะทิว,2026-04-28,10.866299845424829,99.33722491534115,2.3004166666666666
ชุมพร,ปะทิว,2026-04-29,10.866299845424829,99.33722491534115,3.9691666666666667
ชุมพร,ปะทิว,2026-04-30,10.866299845424829,99.33722491534115,4.424166666666666
ชุมพร,พะโต๊ะ,2026-04-27,9.789044852,98.77737019,17.128333333333334
ชุมพร,พะโต๊ะ,2026-04-28,9.789044852,98.77737018999998,19.99857142857143
ชุมพร,พะโต๊ะ,2026-04-29,9.789044852,98.77737019,15.864999999999998
ชุมพร,เมือง,2026-04-01,10.439422697946355,99.24831802329426,19.605217391304347
ชุมพร,เมือง,2026-04-02,10.439422697946355,99.24831802329426,23.888333333333335
ชุมพร,เมือง,2026-04-03,10.439422697946355,99.24831802329426,28.559583333333332
ชุมพร,เมือง,2026-04-04,10.439422697946355,99.24831802329426,37.308749999999996
ชุมพร,เมือง,2026-04-05,10.439422697946355,99.24831802329426,30.264583333333334
ชุมพร,เมือง,2026-04-06,10.439422697946355,99.24831802329426,30.24625
ชุมพร,เมือง,2026-04-07,10.439422697946355,99.24831802329426,29.274583333333336
ชุมพร,เมือง,2026-04-08,10.439422697946355,99.24831802329426,31.501666666666665
ชุมพร,เมือง,2026-04-09,10.439422697946355,99.24831802329426,25.96375
ชุมพร,เมือง,2026-04-10,10.439422697946355,99.24831802329426,24.635416666666668
ชุมพร,เมือง,2026-04-11,10.439422697946355,99.24831802329426,19.137083333333333
ชุมพร,เมือง,2026-04-12,10.439422697946355,99.24831802329426,24.471666666666668
ชุมพร,เมือง,2026-04-13,10.439422697946355,99.24831802329426,28.069999999999997
ชุมพร,เมือง,2026-04-14,10.439422697946355,99.24831802329426,29.009583333333335
ชุมพร,เมือง,2026-04-15,10.439422697946355,99.24831802329426,35.455
ชุมพร,เมือง,2026-04-16,10.439422697946355,99.24831802329426,33.2875
ชุมพร,เมือง,2026-04-17,10.439422697946355,99.24831802329426,31.24791666666667
ชุมพร,เมือง,2026-04-18,10.439422697946355,99.24831802329426,27.141666666666666
ชุมพร,เมือง,2026-04-19,10.439422697946355,99.24831802329426,28.80333333333333
ชุมพร,เมือง,2026-04-20,10.439422697946355,99.24831802329426,24.74
ชุมพร,เมือง,2026-04-21,10.439422697946355,99.24831802329426,29.50375
ชุมพร,เมือง,2026-04-22,10.439422697946355,99.24831802329426,26.928749999999997
ชุมพร,เมือง,2026-04-23,10.439422697946355,99.24831802329426,25.705833333333334
ชุมพร,เมือง,2026-04-24,10.439422697946355,99.24831802329426,21.58083333333333
ชุมพร,เมือง,2026-04-25,10.439422697946355,99.24831802329426,17.364166666666666
ชุมพร,เมือง,2026-04-26,10.439422697946355,99.24831802329426,18.046363636363637
ชุมพร,เมือง,2026-04-27,10.439422697946355,99.24831802329426,15.459166666666667
ชุมพร,เมือง,2026-04-28,10.439422697946355,99.24831802329426,14.889583333333334
ชุมพร,เมือง,2026-04-29,10.439422697946355,99.24831802329426,15.858333333333334
ชุมพร,เมือง,2026-04-30,10.439422697946355,99.24831802329426,15.29875
ตรัง,กันตัง,2026-04-01,7.407152819780954,99.5152371819757,22.20875
ตรัง,กันตัง,2026-04-02,7.407152819780954,99.5152371819757,27.07625
ตรัง,กันตัง,2026-04-03,7.407152819780954,99.5152371819757,34.440416666666664
ตรัง,กันตัง,2026-04-04,7.407152819780954,99.5152371819757,42.2025
ตรัง,กันตัง,2026-04-05,7.407152819780954,99.5152371819757,41.31166666666667
ตรัง,กันตัง,2026-04-06,7.407152819780954,99.5152371819757,33.52
ตรัง,กันตัง,2026-04-07,7.407152819780954,99.5152371819757,27.408749999999998
ตรัง,กันตัง,2026-04-08,7.407152819780954,99.5152371819757,24.452083333333334
ตรัง,กันตัง,2026-04-09,7.407152819780954,99.5152371819757,24.829583333333332
ตรัง,กันตัง,2026-04-10,7.407152819780954,99.5152371819757,31.709999999999997
ตรัง,กันตัง,2026-04-11,7.407152819780954,99.5152371819757,29.615
ตรัง,กันตัง,2026-04-12,7.407152819780954,99.5152371819757,17.463333333333335
ตรัง,กันตัง,2026-04-13,7.407152819780954,99.5152371819757,14.93125
ตรัง,กันตัง,2026-04-14,7.407152819780954,99.5152371819757,13.047916666666666
ตรัง,กันตัง,2026-04-15,7.407152819780954,99.5152371819757,18.82
ตรัง,กันตัง,2026-04-16,7.407152819780954,99.5152371819757,25.000833333333333
ตรัง,กันตัง,2026-04-17,7.407152819780954,99.5152371819757,25.030833333333334
ตรัง,กันตัง,2026-04-18,7.407152819780954,99.5152371819757,20.604166666666668
ตรัง,กันตัง,2026-04-19,7.407152819780954,99.5152371819757,26.215416666666666
ตรัง,กันตัง,2026-04-20,7.407152819780954,99.5152371819757,30.697916666666668
ตรัง,กันตัง,2026-04-21,7.407152819780954,99.5152371819757,26.52333333333333
ตรัง,กันตัง,2026-04-22,7.407152819780954,99.5152371819757,32.94857142857143
ตรัง,กันตัง,2026-04-28,7.407152819780954,99.5152371819757,15.48
ตรัง,กันตัง,2026-04-29,7.407152819780954,99.5152371819757,20.472083333333334
ตรัง,กันตัง,2026-04-30,7.407152819780954,99.5152371819757,22.009583333333335
ตรัง,ย่านตาขาว,2026-04-01,7.5076621999999995,99.66420019999998,17.323478260869564
ตรัง,ย่านตาขาว,2026-04-02,7.507662200000001,99.6642002,29.291666666666668
ตรัง,ย่านตาขาว,2026-04-03,7.5076622,99.6642002,22.725
ตรัง,ย่านตาขาว,2026-04-04,7.5076622,99.6642002,39.227619047619044
ตรัง,ย่านตาขาว,2026-04-05,7.507662200000001,99.6642002,42.649166666666666
ตรัง,ย่านตาขาว,2026-04-06,7.507662200000001,99.6642002,31.772916666666664
ตรัง,ย่านตาขาว,2026-04-07,7.507662200000001,99.6642002,24.58583333333333
ตรัง,ย่านตาขาว,2026-04-08,7.507662200000001,99.6642002,22.182083333333335
ตรัง,ย่านตาขาว,2026-04-09,7.507662200000001,99.6642002,21.179166666666667
ตรัง,ย่านตาขาว,2026-04-10,7.507662200000001,99.6642002,26.898333333333337
ตรัง,ย่านตาขาว,2026-04-11,7.507662200000001,99.6642002,28.085833333333337
ตรัง,ย่านตาขาว,2026-04-12,7.507662200000001,99.6642002,18.11375
ตรัง,ย่านตาขาว,2026-04-13,7.507662200000001,99.6642002,15.147916666666667
ตรัง,ย่านตาขาว,2026-04-14,7.507662200000001,99.6642002,13.310833333333333
ตรัง,ย่านตาขาว,2026-04-15,7.5076622,99.6642002,26.648000000000003
ตรัง,ย่านตาขาว,2026-04-16,7.5076622,99.6642002,23.55578947368421
ตรัง,ย่านตาขาว,2026-04-17,7.5076622,99.6642002,28.554444444444446
ตรัง,ย่านตาขาว,2026-04-18,7.5076622,99.6642002,16.041428571428572
ตรัง,ย่านตาขาว,2026-04-19,7.507662200000001,99.6642002,26.66625
ตรัง,ย่านตาขาว,2026-04-20,7.507662200000001,99.6642002,30.16875
ตรัง,ย่านตาขาว,2026-04-21,7.507662200000001,99.6642002,27.121666666666666
ตรัง,ย่านตาขาว,2026-04-22,7.507662200000001,99.6642002,32.455416666666665
ตรัง,ย่านตาขาว,2026-04-23,7.507662200000001,99.6642002,36.566250000000004
ตรัง,ย่านตาขาว,2026-04-24,7.507662200000001,99.6642002,29.51625
ตรัง,ย่านตาขาว,2026-04-25,7.507662200000001,99.6642002,21.613333333333333
ตรัง,ย่านตาขาว,2026-04-26,7.5076621999999995,99.6642002,27.08
ตรัง,ย่านตาขาว,2026-04-27,7.507662200000001,99.6642002,10.790416666666667
ตรัง,ย่านตาขาว,2026-04-28,7.507662200000001,99.6642002,22.58791666666667
ตรัง,ย่านตาขาว,2026-04-29,7.507662200000001,99.6642002,17.9875
ตรัง,ย่านตาขาว,2026-04-30,7.507662200000001,99.6642002,18.011666666666667
ตรัง,สิเกา,2026-04-01,7.6458139,99.37934005,12.283913043478263
ตรัง,สิเกา,2026-04-02,7.6458139,99.37934005,21.086458333333333
ตรัง,สิเกา,2026-04-03,7.6458139,99.37934005,25.204375
ตรัง,สิเกา,2026-04-04,7.6458139,99.37934005,33.60916666666667
ตรัง,สิเกา,2026-04-05,7.6458139,99.37934005,34.275416666666665
ตรัง,สิเกา,2026-04-06,7.6458139,99.37934005,24.913541666666664
ตรัง,สิเกา,2026-04-07,7.6458139,99.37934005,21.377499999999998
ตรัง,สิเกา,2026-04-08,7.6458139,99.37934005,16.875
ตรัง,สิเกา,2026-04-09,7.6458139,99.37934005,18.0725
ตรัง,สิเกา,2026-04-10,7.6458139,99.37934005,19.98125
ตรัง,สิเกา,2026-04-11,7.6458139,99.37934005,16.582916666666666
ตรัง,สิเกา,2026-04-12,7.6458139,99.37934005,10.050208333333334
ตรัง,สิเกา,2026-04-13,7.6458139,99.37934005,7.855208333333334
ตรัง,สิเกา,2026-04-14,7.6458139,99.37934005,9.1
ตรัง,สิเกา,2026-04-15,7.6458139,99.37934005,12.206041666666666
ตรัง,สิเกา,2026-04-16,7.6458139,99.37934005,18.92833333333333
ตรัง,สิเกา,2026-04-17,7.6458139,99.37934005,13.748958333333334
ตรัง,สิเกา,2026-04-18,7.64705430212766,99.3780286680851,13.344042553191489
ตรัง,สิเกา,2026-04-19,7.647235824390243,99.37783675853657,19.244146341463413
ตรัง,สิเกา,2026-04-20,7.651113799999999,99.37373687272726,22.10340909090909
ตรัง,สิเกา,2026-04-21,7.6458139,99.37934005,16.892708333333335
ตรัง,สิเกา,2026-04-22,7.6458139,99.37934005,20.320625
ตรัง,สิเกา,2026-04-23,7.6458139,99.37934005,23.687708333333333
ตรัง,สิเกา,2026-04-24,7.649700493333333,99.37523105333332,25.63066666666667
ตรัง,สิเกา,2026-04-25,7.6458139,99.37934005,16.172083333333333
ตรัง,สิเกา,2026-04-26,7.645813899999999,99.37934005000001,16.309772727272726
ตรัง,สิเกา,2026-04-27,7.6458139,99.37934005,8.969375
ตรัง,สิเกา,2026-04-28,7.6458139,99.37934005,9.403958333333334
ตรัง,สิเกา,2026-04-29,7.6458139,99.37934005,13.100833333333334
ตรัง,สิเกา,2026-04-30,7.6458139,99.37934005,14.915208333333332
ตรัง,เมือง,2026-04-01,7.59745645,99.59959529999999,17.112608695652174
ตรัง,เมือง,2026-04-02,7.59745645,99.59959529999999,19.8625
ตรัง,เมือง,2026-04-03,7.59745645,99.59959529999999,24.825625000000002
ตรัง,เมือง,2026-04-04,7.59745645,99.59959529999999,35.839999999999996
ตรัง,เมือง,2026-04-05,7.59745645,99.59959529999999,35.58625
ตรัง,เมือง,2026-04-06,7.59745645,99.59959529999999,28.935833333333335
ตรัง,เมือง,2026-04-07,7.59745645,99.59959529999999,22.213958333333334
ตรัง,เมือง,2026-04-08,7.59745645,99.59959529999999,16.987916666666667
ตรัง,เมือง,2026-04-09,7.59745645,99.59959529999999,19.194791666666667
ตรัง,เมือง,2026-04-10,7.59745645,99.59959529999999,23.29625
ตรัง,เมือง,2026-04-11,7.59745645,99.59959529999999,22.605208333333334
ตรัง,เมือง,2026-04-12,7.59745645,99.59959529999999,16.014583333333334
ตรัง,เมือง,2026-04-13,7.59745645,99.59959529999999,10.478541666666667
ตรัง,เมือง,2026-04-14,7.59745645,99.59959529999999,14.40875
ตรัง,เมือง,2026-04-15,7.59745645,99.59959529999999,15.729583333333332
ตรัง,เมือง,2026-04-16,7.59745645,99.59959529999999,21.706875
ตรัง,เมือง,2026-04-17,7.59745645,99.59959529999999,20.404166666666665
ตรัง,เมือง,2026-04-18,7.59745645,99.59959529999999,16.423125
ตรัง,เมือง,2026-04-19,7.59745645,99.59959529999999,24.46375
ตรัง,เมือง,2026-04-20,7.59745645,99.59959529999999,22.565625
ตรัง,เมือง,2026-04-21,7.598351055319149,99.59937626382978,18.372340425531913
ตรัง,เมือง,2026-04-22,7.59745645,99.59959529999999,24.120625
ตรัง,เมือง,2026-04-23,7.598351055319149,99.59937626382978,27.19872340425532
ตรัง,เมือง,2026-04-24,7.59745645,99.59959529999999,23.335624999999997
ตรัง,เมือง,2026-04-25,7.59745645,99.59959529999999,17.121875
ตรัง,เมือง,2026-04-26,7.597456449999999,99.5995953,15.316590909090907
ตรัง,เมือง,2026-04-27,7.59745645,99.59959529999999,9.585416666666667
ตรัง,เมือง,2026-04-28,7.59745645,99.59959529999999,19.007291666666667
ตรัง,เมือง,2026-04-29,7.59745645,99.59959529999999,18.997916666666665
ตรัง,เมือง,2026-04-30,7.59745645,99.59959529999999,16.163541666666667
ตราด,คลองใหญ่,2026-04-01,11.65140918,102.90909220000002,19.534782608695654
ตราด,คลองใหญ่,2026-04-02,11.65140918,102.90909219999999,25.712500000000002
ตราด,คลองใหญ่,2026-04-03,11.65140918,102.90909219999999,38.2475
ตราด,คลองใหญ่,2026-04-04,11.65140918,102.90909219999999,36.05833333333333
ตราด,คลองใหญ่,2026-04-05,11.65140918,102.90909219999999,37.4775
ตราด,คลองใหญ่,2026-04-06,11.65140918,102.90909219999999,37.055416666666666
ตราด,คลองใหญ่,2026-04-07,11.65140918,102.90909219999999,35.35916666666667
ตราด,คลองใหญ่,2026-04-08,11.65140918,102.90909219999999,33.595416666666665
ตราด,คลองใหญ่,2026-04-09,11.65140918,102.90909219999999,30.0575
ตราด,คลองใหญ่,2026-04-10,11.65140918,102.90909219999999,22.444999999999997
ตราด,คลองใหญ่,2026-04-11,11.65140918,102.90909219999999,16.862916666666667
ตราด,คลองใหญ่,2026-04-12,11.65140918,102.90909219999999,21.64125
ตราด,คลองใหญ่,2026-04-13,11.65140918,102.90909219999999,21.55333333333333
ตราด,คลองใหญ่,2026-04-14,11.65140918,102.90909219999999,22.77208333333333
ตราด,คลองใหญ่,2026-04-15,11.65140918,102.90909219999999,23.0
ตราด,คลองใหญ่,2026-04-16,11.65140918,102.90909219999999,23.0
ตราด,คลองใหญ่,2026-04-17,11.65140918,102.90909219999999,23.0
ตราด,คลองใหญ่,2026-04-18,11.65140918,102.90909219999999,23.0
ตราด,คลองใหญ่,2026-04-19,11.65140918,102.90909219999999,20.679583333333333
ตราด,คลองใหญ่,2026-04-20,11.65140918,102.90909219999999,11.464999999999998
ตราด,คลองใหญ่,2026-04-21,11.65140918,102.90909219999999,11.705833333333333
ตราด,คลองใหญ่,2026-04-22,11.65140918,102.90909219999999,14.619166666666667
ตราด,คลองใหญ่,2026-04-23,11.65140918,102.90909219999999,21.363333333333333
ตราด,คลองใหญ่,2026-04-24,11.65140918,102.90909219999999,20.3175
ตราด,คลองใหญ่,2026-04-25,11.65140918,102.90909219999999,27.129166666666666
ตราด,คลองใหญ่,2026-04-26,11.65140918,102.90909220000002,29.17318181818182
ตราด,คลองใหญ่,2026-04-27,11.65140918,102.90909219999999,18.139166666666664
ตราด,คลองใหญ่,2026-04-28,11.65140918,102.90909219999999,21.32916666666667
ตราด,คลองใหญ่,2026-04-29,11.65140918,102.90909219999999,23.803749999999997
ตราด,คลองใหญ่,2026-04-30,11.65140918,102.90909219999999,22.857083333333332
ตราด,บ่อไร่,2026-04-01,12.478554,102.66711299999999,19.358695652173914
ตราด,บ่อไร่,2026-04-02,12.478554,102.66711300000001,25.863333333333333
ตราด,บ่อไร่,2026-04-03,12.478554,102.66711300000001,34.25833333333333
ตราด,บ่อไร่,2026-04-04,12.478554,102.66711300000001,34.57083333333333
ตราด,บ่อไร่,2026-04-05,12.478554,102.66711300000001,33.76291666666666
ตราด,บ่อไร่,2026-04-06,12.478554,102.66711300000001,33.13166666666667
ตราด,บ่อไร่,2026-04-07,12.478554,102.66711300000001,32.97416666666667
ตราด,บ่อไร่,2026-04-08,12.478554,102.66711300000001,31.3425
ตราด,บ่อไร่,2026-04-09,12.478554,102.66711300000001,27.936666666666667
ตราด,บ่อไร่,2026-04-10,12.478554,102.66711300000001,22.431250000000002
ตราด,บ่อไร่,2026-04-11,12.478554,102.66711300000001,15.022916666666667
ตราด,บ่อไร่,2026-04-12,12.478554,102.66711300000001,17.922083333333333
ตราด,บ่อไร่,2026-04-13,12.478554,102.66711300000001,19.564583333333335
ตราด,บ่อไร่,2026-04-14,12.478554,102.66711300000001,19.99
ตราด,บ่อไร่,2026-04-15,12.478554,102.66711300000001,22.737083333333334
ตราด,บ่อไร่,2026-04-16,12.478554,102.66711300000001,21.893333333333334
ตราด,บ่อไร่,2026-04-17,12.478554,102.66711300000001,20.426666666666666
ตราด,บ่อไร่,2026-04-18,12.478554,102.66711300000001,17.75375
ตราด,บ่อไร่,2026-04-19,12.478554,102.66711300000001,20.32
ตราด,บ่อไร่,2026-04-20,12.478554,102.66711300000001,18.423333333333336
ตราด,บ่อไร่,2026-04-21,12.478554,102.66711300000001,14.775
ตราด,บ่อไร่,2026-04-22,12.478554,102.66711300000001,12.145416666666668
ตราด,บ่อไร่,2026-04-23,12.478554,102.66711300000001,17.345
ตราด,บ่อไร่,2026-04-24,12.478554,102.66711300000001,16.9975
ตราด,บ่อไร่,2026-04-25,12.478554,102.66711300000001,23.155833333333334
ตราด,บ่อไร่,2026-04-26,12.478554,102.66711299999999,26.597727272727273
ตราด,บ่อไร่,2026-04-27,12.478554,102.66711300000001,21.61
ตราด,บ่อไร่,2026-04-28,12.478554,102.66711300000001,15.012500000000001
ตราด,บ่อไร่,2026-04-29,12.478554,102.66711300000001,19.67625
ตราด,บ่อไร่,2026-04-30,12.478554,102.66711300000001,23.620833333333334
ตราด,เกาะกูด,2026-04-01,11.8148195,102.4697011,18.06157894736842
ตราด,เกาะกูด,2026-04-02,11.8148195,102.4697011,23.575833333333335
ตราด,เกาะกูด,2026-04-03,11.8148195,102.4697011,37.75625
ตราด,เกาะกูด,2026-04-04,11.8148195,102.4697011,34.36291666666667
ตราด,เกาะกูด,2026-04-05,11.8148195,102.4697011,36.28541666666667
ตราด,เกาะกูด,2026-04-06,11.8148195,102.4697011,35.967083333333335
ตราด,เกาะกูด,2026-04-07,11.8148195,102.4697011,34.42416666666667
ตราด,เกาะกูด,2026-04-08,11.8148195,102.4697011,32.343333333333334
ตราด,เกาะกูด,2026-04-09,11.8148195,102.4697011,28.326666666666668
ตราด,เกาะกูด,2026-04-10,11.8148195,102.4697011,19.525833333333335
ตราด,เกาะกูด,2026-04-11,11.8148195,102.4697011,15.466470588235294
ตราด,เกาะช้าง,2026-04-01,12.04801932,102.300682,22.375652173913043
ตราด,เกาะช้าง,2026-04-02,12.04801932,102.300682,27.10875
ตราด,เกาะช้าง,2026-04-03,12.04801932,102.300682,40.80458333333333
ตราด,เกาะช้าง,2026-04-04,12.04801932,102.300682,37.28
ตราด,เกาะช้าง,2026-04-05,12.04801932,102.300682,38.418749999999996
ตราด,เกาะช้าง,2026-04-06,12.04801932,102.300682,38.91916666666666
ตราด,เกาะช้าง,2026-04-07,12.04801932,102.300682,36.18125
ตราด,เกาะช้าง,2026-04-08,12.04801932,102.300682,34.68541666666666
ตราด,เกาะช้าง,2026-04-09,12.04801932,102.300682,30.050434782608693
ตราด,เกาะช้าง,2026-04-10,12.04801932,102.300682,24.959130434782605
ตราด,เกาะช้าง,2026-04-11,12.04801932,102.300682,18.87666666666667
ตราด,เกาะช้าง,2026-04-12,12.04801932,102.300682,21.664583333333336
ตราด,เกาะช้าง,2026-04-13,12.04801932,102.300682,21.642083333333332
ตราด,เกาะช้าง,2026-04-14,12.04801932,102.300682,22.879166666666666
ตราด,เกาะช้าง,2026-04-15,12.048019320000002,102.300682,24.731818181818184
ตราด,เกาะช้าง,2026-04-16,12.04801932,102.300682,27.152916666666666
ตราด,เกาะช้าง,2026-04-17,12.04801932,102.300682,25.276666666666667
ตราด,เกาะช้าง,2026-04-18,12.04801932,102.300682,19.992083333333333
ตราด,เกาะช้าง,2026-04-19,12.04801932,102.300682,22.991666666666664
ตราด,เกาะช้าง,2026-04-20,12.04801932,102.300682,22.499583333333334
ตราด,เกาะช้าง,2026-04-21,12.04801932,102.300682,17.065
ตราด,เกาะช้าง,2026-04-22,12.04801932,102.300682,17.258333333333333
ตราด,เกาะช้าง,2026-04-23,12.04801932,102.300682,24.748333333333335
ตราด,เกาะช้าง,2026-04-24,12.04801932,102.300682,18.569166666666668
ตราด,เกาะช้าง,2026-04-25,12.04801932,102.300682,25.030833333333334
ตราด,เกาะช้าง,2026-04-26,12.048019320000002,102.300682,27.779090909090908
ตราด,เกาะช้าง,2026-04-27,12.04801932,102.300682,16.135833333333334
ตราด,เกาะช้าง,2026-04-28,12.04801932,102.300682,19.605833333333333
ตราด,เกาะช้าง,2026-04-29,12.04801932,102.300682,25.420416666666668
ตราด,เกาะช้าง,2026-04-30,12.04801932,102.300682,20.824166666666667
ตราด,เขาสมิง,2026-04-01,12.386792,102.453346,25.97176470588235
ตราด,เขาสมิง,2026-04-02,12.386792,102.453346,31.028333333333336
ตราด,เขาสมิง,2026-04-03,12.386792,102.453346,39.75125
ตราด,เขาสมิง,2026-04-04,12.386792,102.453346,39.74434782608696
ตราด,เขาสมิง,2026-04-05,12.386792,102.453346,39.910869565217396
ตราด,เขาสมิง,2026-04-06,12.386792,102.453346,40.144285714285715
ตราด,เขาสมิง,2026-04-07,12.386792,102.453346,40.37
ตราด,เขาสมิง,2026-04-08,12.386792,102.453346,36.91565217391304
ตราด,เขาสมิง,2026-04-09,12.386792,102.453346,33.50047619047619
ตราด,เขาสมิง,2026-04-10,12.386792,102.453346,29.04894736842105
ตราด,เขาสมิง,2026-04-11,12.386792,102.453346,23.25
ตราด,เขาสมิง,2026-04-12,12.386792,102.453346,24.86470588235294
ตราด,เขาสมิง,2026-04-13,12.386792,102.45334599999998,26.019
ตราด,เขาสมิง,2026-04-14,12.386792,102.453346,28.35888888888889
ตราด,เขาสมิง,2026-04-15,12.386792,102.453346,27.372941176470587
ตราด,เขาสมิง,2026-04-16,12.386791999999998,102.453346,25.483333333333334
ตราด,เขาสมิง,2026-04-17,12.386792,102.453346,26.203333333333333
ตราด,เขาสมิง,2026-04-18,12.386792,102.453346,22.315
ตราด,เขาสมิง,2026-04-19,12.386792,102.453346,23.67
ตราด,เขาสมิง,2026-04-20,12.386792,102.453346,26.330416666666665
ตราด,เขาสมิง,2026-04-21,12.386792,102.453346,24.126875000000002
ตราด,เขาสมิง,2026-04-22,12.386792,102.453346,16.457857142857144
ตราด,เขาสมิง,2026-04-23,12.386792,102.453346,25.624166666666667
ตราด,เขาสมิง,2026-04-24,12.386792,102.453346,21.237083333333334
ตราด,เขาสมิง,2026-04-25,12.386792,102.453346,26.61583333333333
ตราด,เขาสมิง,2026-04-26,12.386792,102.453346,35.62047619047619
ตราด,เขาสมิง,2026-04-27,12.386792,102.453346,27.257500000000004
ตราด,เขาสมิง,2026-04-28,12.386792,102.453346,24.85625
ตราด,เขาสมิง,2026-04-29,12.386792,102.453346,23.450416666666666
ตราด,เขาสมิง,2026-04-30,12.386792,102.453346,27.57541666666667
ตราด,เมือง,2026-04-01,12.117109200000002,102.69566770000002,14.835217391304347
ตราด,เมือง,2026-04-02,12.1171092,102.6956677,23.031666666666666
ตราด,เมือง,2026-04-03,12.1171092,102.6956677,32.5525
ตราด,เมือง,2026-04-04,12.1171092,102.6956677,29.849999999999998
ตราด,เมือง,2026-04-05,12.1171092,102.6956677,30.831666666666667
ตราด,เมือง,2026-04-06,12.1171092,102.6956677,30.601249999999997
ตราด,เมือง,2026-04-07,12.1171092,102.6956677,31.01375
ตราด,เมือง,2026-04-08,12.1171092,102.6956677,31.222916666666666
ตราด,เมือง,2026-04-09,12.1171092,102.6956677,24.356666666666666
ตราด,เมือง,2026-04-10,12.1171092,102.6956677,18.37333333333333
ตราด,เมือง,2026-04-11,12.1171092,102.6956677,11.97375
ตราด,เมือง,2026-04-12,12.1171092,102.6956677,15.018749999999999
ตราด,เมือง,2026-04-13,12.1171092,102.6956677,15.17125
ตราด,เมือง,2026-04-14,12.1171092,102.6956677,15.480416666666665
ตราด,เมือง,2026-04-15,12.1171092,102.6956677,20.244583333333335
ตราด,เมือง,2026-04-16,12.1171092,102.6956677,19.398333333333333
ตราด,เมือง,2026-04-17,12.1171092,102.6956677,15.407083333333333
ตราด,เมือง,2026-04-18,12.1171092,102.6956677,13.684166666666668
ตราด,เมือง,2026-04-19,12.1171092,102.6956677,15.779583333333333
ตราด,เมือง,2026-04-20,12.1171092,102.6956677,14.907083333333333
ตราด,เมือง,2026-04-21,12.1171092,102.6956677,8.822916666666666
ตราด,เมือง,2026-04-22,12.1171092,102.6956677,7.21625
ตราด,เมือง,2026-04-23,12.1171092,102.6956677,14.729999999999999
ตราด,เมือง,2026-04-24,12.1171092,102.6956677,12.373750000000001
ตราด,เมือง,2026-04-25,12.1171092,102.6956677,25.1925
ตราด,เมือง,2026-04-26,12.1171092,102.6956677,30.724545454545456
ตราด,เมือง,2026-04-27,12.1171092,102.6956677,15.095416666666667
ตราด,เมือง,2026-04-28,12.1171092,102.6956677,13.805416666666666
ตราด,เมือง,2026-04-29,12.1171092,102.6956677,20.907083333333333
ตราด,เมือง,2026-04-30,12.1171092,102.6956677,16.34
ตาก,ท่าสองยาง,2026-04-01,17.230535514664762,98.22707966931773,3350.093043478261
ตาก,ท่าสองยาง,2026-04-02,17.230535514664762,98.22707966931772,3345.647916666667
ตาก,ท่าสองยาง,2026-04-03,17.230535514664762,98.22707966931772,3357.8741666666665
ตาก,ท่าสองยาง,2026-04-04,17.230535514664762,98.22707966931772,3353.0929166666665
ตาก,ท่าสองยาง,2026-04-05,17.230535514664762,98.22707966931772,3340.384583333333
ตาก,ท่าสองยาง,2026-04-06,17.230535514664762,98.22707966931772,3340.315
ตาก,ท่าสองยาง,2026-04-07,17.230535514664762,98.22707966931772,3332.1175000000003
ตาก,ท่าสองยาง,2026-04-08,17.230535514664762,98.22707966931772,3335.324583333333
ตาก,ท่าสองยาง,2026-04-09,17.230535514664762,98.22707966931772,3347.8141666666666
ตาก,ท่าสองยาง,2026-04-10,17.230535514664762,98.22707966931772,3344.9375
ตาก,ท่าสองยาง,2026-04-11,17.230535514664762,98.22707966931772,3336.3866666666668
ตาก,ท่าสองยาง,2026-04-12,17.230535514664762,98.22707966931772,3342.692916666667
ตาก,ท่าสองยาง,2026-04-13,17.230535514664762,98.22707966931772,3335.54875
ตาก,ท่าสองยาง,2026-04-14,17.230535514664762,98.22707966931772,3341.5045833333334
ตาก,ท่าสองยาง,2026-04-15,17.230535514664762,98.22707966931772,3336.477083333333
ตาก,ท่าสองยาง,2026-04-16,17.230535514664762,98.22707966931772,3347.0316666666663
ตาก,ท่าสองยาง,2026-04-17,17.230535514664762,98.22707966931772,3344.8091666666664
ตาก,ท่าสองยาง,2026-04-18,17.230535514664762,98.22707966931772,3331.492083333333
ตาก,ท่าสองยาง,2026-04-19,17.230535514664762,98.22707966931772,3337.7233333333334
ตาก,ท่าสองยาง,2026-04-20,17.230535514664762,98.22707966931772,3332.37125
ตาก,ท่าสองยาง,2026-04-21,17.230535514664762,98.22707966931773,3329.903913043478
ตาก,ท่าสองยาง,2026-04-22,17.230535514664762,98.22707966931772,3334.585833333333
ตาก,ท่าสองยาง,2026-04-23,17.230535514664762,98.22707966931772,3332.8008333333332
ตาก,ท่าสองยาง,2026-04-24,17.230535514664762,98.22707966931772,3334.712916666667
ตาก,ท่าสองยาง,2026-04-25,17.230535514664762,98.22707966931772,3333.3741666666665
ตาก,ท่าสองยาง,2026-04-26,17.230535514664762,98.22707966931772,3343.3254545454547
ตาก,ท่าสองยาง,2026-04-27,17.230535514664762,98.22707966931772,3348.06875
ตาก,ท่าสองยาง,2026-04-28,17.230535514664762,98.22707966931772,3343.144166666667
ตาก,ท่าสองยาง,2026-04-29,17.230535514664762,98.22707966931772,3335.3541666666665
ตาก,ท่าสองยาง,2026-04-30,17.230535514664762,98.22707966931772,3336.9283333333333
ตาก,บ้านตาก,2026-04-01,17.0554831,99.0730125,76.76041666666667
ตาก,บ้านตาก,2026-04-02,17.0554831,99.0730125,63.27875
ตาก,บ้านตาก,2026-04-03,17.0554831,99.0730125,46.13375
ตาก,บ้านตาก,2026-04-04,17.0554831,99.0730125,40.809999999999995
ตาก,บ้านตาก,2026-04-05,17.0554831,99.0730125,37.23166666666666
ตาก,บ้านตาก,2026-04-06,17.0554831,99.0730125,33.45791666666667
ตาก,บ้านตาก,2026-04-07,17.0554831,99.0730125,31.648750000000003
ตาก,บ้านตาก,2026-04-08,17.0554831,99.0730125,29.874583333333334
ตาก,บ้านตาก,2026-04-09,17.0554831,99.0730125,20.529583333333335
ตาก,บ้านตาก,2026-04-10,17.0554831,99.0730125,26.2175
ตาก,บ้านตาก,2026-04-11,17.0554831,99.0730125,30.604166666666668
ตาก,บ้านตาก,2026-04-12,17.0554831,99.0730125,37.928333333333335
ตาก,บ้านตาก,2026-04-13,17.0554831,99.0730125,36.297916666666666
ตาก,บ้านตาก,2026-04-14,17.0554831,99.0730125,38.75666666666667
ตาก,บ้านตาก,2026-04-15,17.0554831,99.0730125,23.527083333333334
ตาก,บ้านตาก,2026-04-16,17.0554831,99.0730125,35.587916666666665
ตาก,บ้านตาก,2026-04-17,17.0554831,99.0730125,52.40125
ตาก,บ้านตาก,2026-04-18,17.0554831,99.0730125,42.77875
ตาก,บ้านตาก,2026-04-19,17.0554831,99.0730125,42.07541666666666
ตาก,บ้านตาก,2026-04-20,17.0554831,99.0730125,37.416666666666664
ตาก,บ้านตาก,2026-04-21,17.0554831,99.0730125,34.95541666666667
ตาก,บ้านตาก,2026-04-22,17.0554831,99.0730125,30.97142857142857
ตาก,บ้านตาก,2026-04-28,17.0554831,99.0730125,17.125714285714285
ตาก,บ้านตาก,2026-04-29,17.0554831,99.0730125,26.88625
ตาก,บ้านตาก,2026-04-30,17.0554831,99.0730125,29.050833333333333
ตาก,พบพระ,2026-04-01,16.4012315,98.6954814,83.85041666666667
ตาก,พบพระ,2026-04-02,16.4012315,98.6954814,89.1025
ตาก,พบพระ,2026-04-03,16.4012315,98.6954814,111.085
ตาก,พบพระ,2026-04-04,16.4012315,98.6954814,125.73916666666668
ตาก,พบพระ,2026-04-05,16.4012315,98.6954814,91.93583333333333
ตาก,พบพระ,2026-04-06,16.4012315,98.6954814,57.18416666666667
ตาก,พบพระ,2026-04-07,16.4012315,98.6954814,51.654583333333335
ตาก,พบพระ,2026-04-08,16.4012315,98.6954814,70.12416666666667
ตาก,พบพระ,2026-04-09,16.4012315,98.6954814,51.25208333333333
ตาก,พบพระ,2026-04-10,16.4012315,98.6954814,70.04916666666666
ตาก,พบพระ,2026-04-11,16.4012315,98.6954814,76.35708333333334
ตาก,พบพระ,2026-04-12,16.4012315,98.6954814,75.93041666666666
ตาก,พบพระ,2026-04-13,16.4012315,98.6954814,77.48
ตาก,พบพระ,2026-04-14,16.4012315,98.6954814,73.52708333333334
ตาก,พบพระ,2026-04-15,16.4012315,98.6954814,48.67958333333333
ตาก,พบพระ,2026-04-16,16.4012315,98.6954814,77.93166666666667
ตาก,พบพระ,2026-04-17,16.4012315,98.6954814,79.41333333333334
ตาก,พบพระ,2026-04-18,16.4012315,98.6954814,81.70083333333334
ตาก,พบพระ,2026-04-19,16.4012315,98.6954814,76.4825
ตาก,พบพระ,2026-04-20,16.4012315,98.6954814,80.35583333333334
ตาก,พบพระ,2026-04-21,16.4012315,98.6954814,75.49625
ตาก,พบพระ,2026-04-22,16.4012315,98.69548139999999,60.49857142857143
ตาก,พบพระ,2026-04-28,16.4012315,98.69548139999999,30.51928571428571
ตาก,พบพระ,2026-04-29,16.4012315,98.6954814,40.00208333333334
ตาก,พบพระ,2026-04-30,16.4012315,98.6954814,36.387499999999996
ตาก,วังเจ้า,2026-04-01,16.7069591,99.24075320000001,47.68833333333333
ตาก,วังเจ้า,2026-04-02,16.7069591,99.24075320000001,48.48583333333334
ตาก,วังเจ้า,2026-04-03,16.7069591,99.24075320000001,43.54916666666667
ตาก,วังเจ้า,2026-04-04,16.7069591,99.24075320000001,36.54416666666666
ตาก,วังเจ้า,2026-04-05,16.7069591,99.24075320000001,31.862083333333334
ตาก,วังเจ้า,2026-04-06,16.7069591,99.24075320000001,26.15416666666667
ตาก,วังเจ้า,2026-04-07,16.7069591,99.24075320000001,23.774583333333336
ตาก,วังเจ้า,2026-04-08,16.7069591,99.24075320000001,20.522083333333335
ตาก,วังเจ้า,2026-04-09,16.7069591,99.24075320000001,17.139583333333334
ตาก,วังเจ้า,2026-04-10,16.7069591,99.24075320000001,19.855833333333333
ตาก,วังเจ้า,2026-04-11,16.7069591,99.24075320000001,26.032083333333333
ตาก,วังเจ้า,2026-04-12,16.7069591,99.24075320000001,28.979166666666668
ตาก,วังเจ้า,2026-04-13,16.7069591,99.24075320000001,26.717083333333335
ตาก,วังเจ้า,2026-04-14,16.7069591,99.24075320000001,29.674583333333334
ตาก,วังเจ้า,2026-04-15,16.7069591,99.24075320000001,21.260416666666668
ตาก,วังเจ้า,2026-04-16,16.7069591,99.24075320000001,25.86791666666667
ตาก,วังเจ้า,2026-04-17,16.7069591,99.24075320000001,30.977500000000003
ตาก,วังเจ้า,2026-04-18,16.7069591,99.24075320000001,29.37125
ตาก,วังเจ้า,2026-04-19,16.7069591,99.24075320000001,26.125416666666666
ตาก,วังเจ้า,2026-04-20,16.7069591,99.24075320000001,24.800416666666667
ตาก,วังเจ้า,2026-04-21,16.7069591,99.24075320000001,24.245416666666667
ตาก,วังเจ้า,2026-04-22,16.7069591,99.2407532,24.06714285714286
ตาก,วังเจ้า,2026-04-28,16.7069591,99.2407532,10.35142857142857
ตาก,วังเจ้า,2026-04-29,16.7069591,99.24075320000001,15.930833333333332
ตาก,วังเจ้า,2026-04-30,16.7069591,99.24075320000001,17.535833333333333
ตาก,สามเงา,2026-04-01,17.22678889,99.04805556000001,161.06
ตาก,สามเงา,2026-04-02,17.22678889,99.04805556000001,143.35208333333333
ตาก,สามเงา,2026-04-03,17.22678889,99.04805556000001,97.09541666666667
ตาก,สามเงา,2026-04-04,17.22678889,99.04805556000001,97.0675
ตาก,สามเงา,2026-04-05,17.22678889,99.04805556000001,86.00083333333333
ตาก,สามเงา,2026-04-06,17.22678889,99.04805556000001,66.40166666666667
ตาก,สามเงา,2026-04-07,17.22678889,99.04805556000001,65.68041666666666
ตาก,สามเงา,2026-04-08,17.22678889,99.04805556000001,57.17916666666667
ตาก,สามเงา,2026-04-09,17.22678889,99.04805556000001,41.045833333333334
ตาก,สามเงา,2026-04-10,17.22678889,99.04805556000001,50.750416666666666
ตาก,สามเงา,2026-04-11,17.22678889,99.04805556000001,62.28458333333333
ตาก,สามเงา,2026-04-12,17.22678889,99.04805556000001,89.50958333333334
ตาก,สามเงา,2026-04-13,17.22678889,99.04805556000001,74.54
ตาก,สามเงา,2026-04-14,17.22678889,99.04805556000001,78.08458333333333
ตาก,สามเงา,2026-04-15,17.22678889,99.04805556000001,60.83583333333333
ตาก,สามเงา,2026-04-16,17.22678889,99.04805556000001,63.36416666666667
ตาก,สามเงา,2026-04-17,17.22678889,99.04805556000001,159.815
ตาก,สามเงา,2026-04-18,17.22678889,99.04805556000001,133.91083333333333
ตาก,สามเงา,2026-04-19,17.22678889,99.04805556000001,120.05291666666666
ตาก,สามเงา,2026-04-20,17.22678889,99.04805556000001,100.00333333333333
ตาก,สามเงา,2026-04-21,17.22678889,99.04805556000001,101.14875
ตาก,สามเงา,2026-04-22,17.22678889,99.04805556000001,91.48583333333333
ตาก,สามเงา,2026-04-23,17.22678889,99.04805556000001,104.53708333333333
ตาก,สามเงา,2026-04-24,17.22678889,99.04805556000001,80.08333333333333
ตาก,สามเงา,2026-04-25,17.22678889,99.04805556000001,76.37541666666667
ตาก,สามเงา,2026-04-26,17.22678889,99.04805555999998,37.69681818181818
ตาก,สามเงา,2026-04-27,17.22678889,99.04805556000001,42.62708333333333
ตาก,สามเงา,2026-04-28,17.22678889,99.04805556000001,39.09791666666667
ตาก,สามเงา,2026-04-29,17.22678889,99.04805556000001,77.08874999999999
ตาก,สามเงา,2026-04-30,17.22678889,99.04805556000001,59.125
ตาก,อุ้มผาง,2026-04-01,16.0214705,98.814123,56.3915625
ตาก,อุ้มผาง,2026-04-02,16.017742,98.866488,42.77375
ตาก,อุ้มผาง,2026-04-03,16.017742,98.866488,37.6925
ตาก,อุ้มผาง,2026-04-04,16.017742,98.866488,32.711666666666666
ตาก,อุ้มผาง,2026-04-05,16.017742,98.866488,29.90416666666667
ตาก,อุ้มผาง,2026-04-06,16.017742,98.866488,23.11791666666667
ตาก,อุ้มผาง,2026-04-07,16.0237076,98.782704,32.14675
ตาก,อุ้มผาง,2026-04-08,16.022982054054054,98.79289394594595,33.32891891891892
ตาก,อุ้มผาง,2026-04-09,16.022128470588232,98.80488211764705,39.758529411764705
ตาก,อุ้มผาง,2026-04-10,16.0237076,98.782704,43.07925
ตาก,อุ้มผาง,2026-04-11,16.024874782608695,98.76631147826087,46.160000000000004
ตาก,อุ้มผาง,2026-04-12,16.025876909090908,98.75223709090909,46.17272727272728
ตาก,อุ้มผาง,2026-04-13,16.032656,98.657028,60.85
ตาก,อุ้มผาง,2026-04-15,16.032656,98.657028,38.28
ตาก,อุ้มผาง,2026-04-16,16.032656,98.657028,59.29
ตาก,อุ้มผาง,2026-04-17,16.032656,98.657028,84.57375
ตาก,อุ้มผาง,2026-04-18,16.032656,98.65702800000001,122.1275
ตาก,อุ้มผาง,2026-04-19,16.032656,98.65702800000001,101.29708333333333
ตาก,อุ้มผาง,2026-04-20,16.032656,98.657028,122.20857142857143
ตาก,อุ้มผาง,2026-04-21,16.032656,98.657028,52.034000000000006
ตาก,อุ้มผาง,2026-04-28,16.032656,98.657028,44.69777777777777
ตาก,อุ้มผาง,2026-04-29,16.032656,98.657028,68.184375
ตาก,เมือง,2026-04-01,16.912525226,99.11860546,94.51130434782608
ตาก,เมือง,2026-04-02,16.912525226,99.11860545999998,79.20291666666667
ตาก,เมือง,2026-04-03,16.912525226,99.11860545999998,62.08583333333333
ตาก,เมือง,2026-04-04,16.912525226,99.11860545999998,52.43875
ตาก,เมือง,2026-04-05,16.912525226,99.11860545999998,52.04125
ตาก,เมือง,2026-04-06,16.912525226,99.11860545999998,40.32416666666666
ตาก,เมือง,2026-04-07,16.912525226,99.11860545999998,40.68958333333333
ตาก,เมือง,2026-04-08,16.912525226,99.11860545999998,34.624583333333334
ตาก,เมือง,2026-04-09,16.912525226,99.11860545999998,21.440416666666668
ตาก,เมือง,2026-04-10,16.912525226,99.11860545999998,27.525000000000002
ตาก,เมือง,2026-04-11,16.912525226,99.11860545999998,37.95458333333333
ตาก,เมือง,2026-04-12,16.912525226,99.11860545999998,48.23208333333333
ตาก,เมือง,2026-04-13,16.912525226,99.11860545999998,46.22666666666667
ตาก,เมือง,2026-04-14,16.912525226,99.11860545999998,49.44833333333333
ตาก,เมือง,2026-04-15,16.912525226,99.11860545999998,39.65208333333333
ตาก,เมือง,2026-04-16,16.912525226,99.11860545999998,53.0225
ตาก,เมือง,2026-04-17,16.912525226,99.11860545999998,61.138749999999995
ตาก,เมือง,2026-04-18,16.912525226,99.11860545999998,52.86041666666667
ตาก,เมือง,2026-04-19,16.912525226,99.11860545999998,41.36875
ตาก,เมือง,2026-04-20,16.912525226,99.11860545999998,47.502916666666664
ตาก,เมือง,2026-04-21,16.912525226,99.11860545999998,46.33541666666667
ตาก,เมือง,2026-04-22,16.912525226,99.11860545999998,42.18333333333333
ตาก,เมือง,2026-04-23,16.912525226,99.11860545999998,38.98208333333333
ตาก,เมือง,2026-04-24,16.912525226,99.11860545999998,38.626666666666665
ตาก,เมือง,2026-04-25,16.912525226,99.11860545999998,42.315000000000005
ตาก,เมือง,2026-04-26,16.912525226,99.11860546000001,34.87818181818182
ตาก,เมือง,2026-04-27,16.912525226,99.11860545999998,32.50625
ตาก,เมือง,2026-04-28,16.912525226,99.11860545999998,20.102083333333333
ตาก,เมือง,2026-04-29,16.912525226,99.11860545999998,28.86375
ตาก,เมือง,2026-04-30,16.912525226,99.11860546,38.470588235294116
ตาก,เมืองตาก,2026-04-01,16.8729937,99.1316728,62.72625
ตาก,เมืองตาก,2026-04-02,16.8729937,99.1316728,53.98875
ตาก,เมืองตาก,2026-04-03,16.8729937,99.1316728,47.599583333333335
ตาก,เมืองตาก,2026-04-04,16.8729937,99.1316728,43.40208333333334
ตาก,เมืองตาก,2026-04-05,16.8729937,99.1316728,39.58208333333334
ตาก,เมืองตาก,2026-04-06,16.8729937,99.1316728,34.735416666666666
ตาก,เมืองตาก,2026-04-07,16.8729937,99.1316728,34.36208333333333
ตาก,เมืองตาก,2026-04-08,16.8729937,99.1316728,32.24333333333333
ตาก,เมืองตาก,2026-04-09,16.8729937,99.1316728,22.194166666666664
ตาก,เมืองตาก,2026-04-10,16.8729937,99.1316728,24.515833333333333
ตาก,เมืองตาก,2026-04-11,16.8729937,99.1316728,34.19291666666667
ตาก,เมืองตาก,2026-04-12,16.8729937,99.1316728,40.45875
ตาก,เมืองตาก,2026-04-13,16.8729937,99.1316728,38.532916666666665
ตาก,เมืองตาก,2026-04-14,16.8729937,99.1316728,41.199999999999996
ตาก,เมืองตาก,2026-04-15,16.8729937,99.1316728,31.397499999999997
ตาก,เมืองตาก,2026-04-16,16.8729937,99.1316728,42.68833333333333
ตาก,เมืองตาก,2026-04-17,16.8729937,99.1316728,44.23541666666667
ตาก,เมืองตาก,2026-04-18,16.8729937,99.1316728,40.11333333333334
ตาก,เมืองตาก,2026-04-19,16.8729937,99.1316728,30.717083333333335
ตาก,เมืองตาก,2026-04-20,16.8729937,99.1316728,39.26333333333333
ตาก,เมืองตาก,2026-04-21,16.8729937,99.1316728,37.69833333333333
ตาก,เมืองตาก,2026-04-22,16.8729937,99.1316728,34.885714285714286
ตาก,เมืองตาก,2026-04-28,16.8729937,99.1316728,22.72214285714286
ตาก,เมืองตาก,2026-04-29,16.8729937,99.1316728,31.383750000000003
ตาก,เมืองตาก,2026-04-30,16.8729937,99.1316728,34.91041666666667
ตาก,แม่ระมาด,2026-04-01,16.907768575000002,98.55114802499999,137.03510416666666
ตาก,แม่ระมาด,2026-04-02,16.907768575000002,98.55114802499999,120.58104166666668
ตาก,แม่ระมาด,2026-04-03,16.907768575000002,98.55114802499999,135.15895833333335
ตาก,แม่ระมาด,2026-04-04,16.907768575000002,98.55114802499999,108.21864583333333
ตาก,แม่ระมาด,2026-04-05,16.907768575000002,98.55114802499999,73.42427083333334
ตาก,แม่ระมาด,2026-04-06,16.907768575000002,98.55114802499999,61.21
ตาก,แม่ระมาด,2026-04-07,16.90808563548387,98.55047316989247,57.18827956989247
ตาก,แม่ระมาด,2026-04-08,16.907768575000002,98.55114802499999,54.40958333333333
ตาก,แม่ระมาด,2026-04-09,16.907768575000002,98.55114802499999,53.013958333333335
ตาก,แม่ระมาด,2026-04-10,16.907768575000002,98.55114802499999,59.602916666666665
ตาก,แม่ระมาด,2026-04-11,16.907768575000002,98.55114802499999,76.9225
ตาก,แม่ระมาด,2026-04-12,16.904156221739132,98.55219145652174,84.23826086956522
ตาก,แม่ระมาด,2026-04-13,16.907768575000002,98.55114802499999,75.3815625
ตาก,แม่ระมาด,2026-04-14,16.907768575000002,98.55114802499999,73.9465625
ตาก,แม่ระมาด,2026-04-15,16.907768575000002,98.55114802499999,54.33572916666666
ตาก,แม่ระมาด,2026-04-16,16.907768575000002,98.55114802499999,62.48135416666667
ตาก,แม่ระมาด,2026-04-17,16.907768575000002,98.55114802499999,72.3665625
ตาก,แม่ระมาด,2026-04-18,16.907768575000002,98.55114802499999,70.20239583333334
ตาก,แม่ระมาด,2026-04-19,16.907768575000002,98.55114802499999,66.19510416666667
ตาก,แม่ระมาด,2026-04-20,16.907768575000002,98.55114802499999,68.36270833333333
ตาก,แม่ระมาด,2026-04-21,16.907768575000002,98.55114802499999,72.5190625
ตาก,แม่ระมาด,2026-04-22,16.889889712658228,98.55631235063291,59.46493670886077
ตาก,แม่ระมาด,2026-04-23,16.880073866666667,98.55914766666666,52.79388888888889
ตาก,แม่ระมาด,2026-04-24,16.880073866666667,98.55914766666666,52.437638888888884
ตาก,แม่ระมาด,2026-04-25,16.880073866666667,98.55914766666666,53.27722222222222
ตาก,แม่ระมาด,2026-04-26,16.880073866666667,98.55914766666666,60.381818181818176
ตาก,แม่ระมาด,2026-04-27,16.880073866666667,98.55914766666666,59.40986111111111
ตาก,แม่ระมาด,2026-04-28,16.89810763023256,98.55393859767442,38.81941860465116
ตาก,แม่ระมาด,2026-04-29,16.907768575000002,98.55114802499999,48.50125
ตาก,แม่ระมาด,2026-04-30,16.907768575000002,98.55114802499999,52.1040625
ตาก,แม่สอด,2026-04-01,16.709782,98.572332,77.79791666666667
ตาก,แม่สอด,2026-04-02,16.709782,98.572332,72.80499999999999
ตาก,แม่สอด,2026-04-03,16.709782,98.572332,96.6975
ตาก,แม่สอด,2026-04-04,16.709782,98.572332,69.04208333333334
ตาก,แม่สอด,2026-04-05,16.709782,98.572332,62.0225
ตาก,แม่สอด,2026-04-06,16.709782,98.572332,49.90708333333333
ตาก,แม่สอด,2026-04-07,16.709782,98.572332,43.76666666666667
ตาก,แม่สอด,2026-04-08,16.709782,98.572332,43.34916666666666
ตาก,แม่สอด,2026-04-09,16.709782,98.572332,40.57416666666666
ตาก,แม่สอด,2026-04-10,16.709782,98.572332,48.88666666666666
ตาก,แม่สอด,2026-04-11,16.709782,98.572332,62.27291666666667
ตาก,แม่สอด,2026-04-12,16.709782,98.572332,64.20375
ตาก,แม่สอด,2026-04-13,16.709782,98.572332,47.68416666666667
ตาก,แม่สอด,2026-04-14,16.709782,98.572332,59.071666666666665
ตาก,แม่สอด,2026-04-15,16.709782,98.572332,40.308749999999996
ตาก,แม่สอด,2026-04-16,16.709782,98.572332,46.93083333333333
ตาก,แม่สอด,2026-04-17,16.709782,98.572332,47.117826086956526
ตาก,แม่สอด,2026-04-18,16.709782,98.57233199999999,54.105714285714285
ตาก,แม่สอด,2026-04-19,16.709782,98.572332,51.838750000000005
ตาก,แม่สอด,2026-04-20,16.709782,98.572332,61.43083333333333
ตาก,แม่สอด,2026-04-21,16.709782,98.572332,57.29416666666666
ตาก,แม่สอด,2026-04-22,16.709782,98.572332,50.86
ตาก,แม่สอด,2026-04-28,16.709782,98.572332,29.324285714285715
ตาก,แม่สอด,2026-04-29,16.709782,98.572332,40.909166666666664
ตาก,แม่สอด,2026-04-30,16.709782,98.572332,40.58875
นครนายก,บ้านนา,2026-04-01,14.2925618,101.12754542000002,33.09739130434782
นครนายก,บ้านนา,2026-04-02,14.2925618,101.12754542,37.50291666666667
นครนายก,บ้านนา,2026-04-03,14.2925618,101.12754542,35.34875
นครนายก,บ้านนา,2026-04-04,14.2925618,101.12754542,43.87583333333333
นครนายก,บ้านนา,2026-04-05,14.2925618,101.12754542,42.87916666666666
นครนายก,บ้านนา,2026-04-06,14.2925618,101.12754542,40.25833333333333
นครนายก,บ้านนา,2026-04-07,14.2925618,101.12754542,40.98
นครนายก,บ้านนา,2026-04-08,14.2925618,101.12754542,41.391666666666666
นครนายก,บ้านนา,2026-04-09,14.2925618,101.12754542,39.49166666666667
นครนายก,บ้านนา,2026-04-10,14.2925618,101.12754542,36.875
นครนายก,บ้านนา,2026-04-11,14.2925618,101.12754542,36.69916666666666
นครนายก,บ้านนา,2026-04-12,14.2925618,101.12754542,33.910833333333336
นครนายก,บ้านนา,2026-04-13,14.2925618,101.12754542,31.05333333333333
นครนายก,บ้านนา,2026-04-14,14.2925618,101.12754542,35.589166666666664
นครนายก,บ้านนา,2026-04-15,14.2925618,101.12754542,35.5475
นครนายก,บ้านนา,2026-04-16,14.2925618,101.12754542,37.23125
นครนายก,บ้านนา,2026-04-17,14.2925618,101.12754542,36.43208333333333
นครนายก,บ้านนา,2026-04-18,14.2925618,101.12754542,36.95125
นครนายก,บ้านนา,2026-04-19,14.2925618,101.12754542,32.318333333333335
นครนายก,บ้านนา,2026-04-20,14.2925618,101.12754542,29.352083333333336
นครนายก,บ้านนา,2026-04-21,14.2925618,101.12754542,31.29625
นครนายก,บ้านนา,2026-04-22,14.2925618,101.12754542,31.972916666666666
นครนายก,บ้านนา,2026-04-23,14.2925618,101.12754542,27.70958333333333
นครนายก,บ้านนา,2026-04-24,14.2925618,101.12754542,28.2675
นครนายก,บ้านนา,2026-04-25,14.2925618,101.12754542,28.45375
นครนายก,บ้านนา,2026-04-26,14.2925618,101.12754541999999,30.966363636363635
นครนายก,บ้านนา,2026-04-27,14.2925618,101.12754542,34.189166666666665
นครนายก,บ้านนา,2026-04-28,14.2925618,101.12754542,22.758750000000003
นครนายก,บ้านนา,2026-04-29,14.2925618,101.12754542,25.27541666666667
นครนายก,บ้านนา,2026-04-30,14.2925618,101.12754542,20.955833333333334
นครนายก,ปากพลี,2026-04-01,14.1496002,101.2684712,10.614285714285714
นครนายก,ปากพลี,2026-04-02,14.149600200000002,101.26847120000001,6.983636363636363
นครนายก,ปากพลี,2026-04-03,14.1496002,101.2684712,7.29047619047619
นครนายก,ปากพลี,2026-04-04,14.1496002,101.26847119999998,10.04125
นครนายก,ปากพลี,2026-04-05,14.1496002,101.2684712,10.11875
นครนายก,ปากพลี,2026-04-06,14.1496002,101.2684712,10.953999999999999
นครนายก,ปากพลี,2026-04-07,14.1496002,101.26847119999998,10.436666666666667
นครนายก,ปากพลี,2026-04-26,14.1496002,101.2684712,4.78
นครนายก,องครักษ์,2026-04-01,14.048905600000001,101.05387586538463,25.25326923076923
นครนายก,องครักษ์,2026-04-02,14.0558081,101.0490101,27.992666666666665
นครนายก,องครักษ์,2026-04-03,14.064320273913044,101.04300963043478,21.848840579710146
นครนายก,องครักษ์,2026-04-04,14.047188854716982,101.05508604716982,27.132075471698112
นครนายก,องครักษ์,2026-04-05,14.039493100000001,101.060511,599.999375
นครนายก,องครักษ์,2026-04-06,14.039493100000001,101.060511,317.1191666666667
นครนายก,องครักษ์,2026-04-07,14.0558081,101.0490101,34.61416666666666
นครนายก,องครักษ์,2026-04-08,14.047188854716982,101.05508604716982,28.935283018867924
นครนายก,องครักษ์,2026-04-09,14.039493100000001,101.060511,26.278333333333332
นครนายก,องครักษ์,2026-04-10,14.039493100000001,101.060511,21.451666666666668
นครนายก,องครักษ์,2026-04-11,14.039493100000001,101.060511,24.20375
นครนายก,องครักษ์,2026-04-12,14.039493100000001,101.060511,20.786041666666666
นครนายก,องครักษ์,2026-04-13,14.039493100000001,101.060511,20.457083333333333
นครนายก,องครักษ์,2026-04-14,14.039493100000001,101.060511,23.372083333333332
นครนายก,องครักษ์,2026-04-15,14.039493100000001,101.060511,22.989791666666665
นครนายก,องครักษ์,2026-04-16,14.058915719047619,101.04681945238096,19.990793650793652
นครนายก,องครักษ์,2026-04-17,14.05988685,101.046134875,20.51140625
นครนายก,องครักษ์,2026-04-18,14.05988685,101.046134875,24.1325
นครนายก,องครักษ์,2026-04-19,14.04855698888889,101.05412161111111,18.19703703703704
นครนายก,องครักษ์,2026-04-20,14.05988685,101.046134875,18.73078125
นครนายก,องครักษ์,2026-04-21,14.041157895918369,101.05933743877551,22.053673469387753
นครนายก,องครักษ์,2026-04-22,14.0558081,101.0490101,19.097166666666666
นครนายก,องครักษ์,2026-04-23,14.047188854716982,101.05508604716982,15.516415094339623
นครนายก,องครักษ์,2026-04-24,14.039493100000001,101.060511,18.057916666666667
นครนายก,องครักษ์,2026-04-25,14.058915719047619,101.04681945238096,16.043968253968252
นครนายก,องครักษ์,2026-04-26,14.0558081,101.0490101,21.034545454545455
นครนายก,องครักษ์,2026-04-27,14.047188854716982,101.05508604716982,18.58679245283019
นครนายก,องครักษ์,2026-04-28,14.039493100000001,101.060511,12.850833333333334
นครนายก,องครักษ์,2026-04-29,14.057913261290322,101.04752611290323,14.27306451612903
นครนายก,องครักษ์,2026-04-30,14.047188854716982,101.05508604716982,16.13566037735849
นครนายก,เมือง,2026-04-01,14.212687,101.202343,26.35291666666667
นครนายก,เมือง,2026-04-02,14.212687,101.202343,26.256249999999998
นครนายก,เมือง,2026-04-03,14.212687,101.202343,23.984166666666667
นครนายก,เมือง,2026-04-04,14.212687,101.202343,32.48416666666667
นครนายก,เมือง,2026-04-05,14.212687,101.202343,28.62375
นครนายก,เมือง,2026-04-06,14.212687,101.202343,27.83666666666667
นครนายก,เมือง,2026-04-07,14.212687,101.202343,30.131666666666664
นครนายก,เมือง,2026-04-08,14.212687,101.202343,27.843333333333334
นครนายก,เมือง,2026-04-09,14.212687,101.202343,24.178749999999997
นครนายก,เมือง,2026-04-10,14.212687,101.202343,24.544166666666666
นครนายก,เมือง,2026-04-11,14.212687,101.202343,23.609166666666667
นครนายก,เมือง,2026-04-12,14.212687,101.202343,21.82375
นครนายก,เมือง,2026-04-13,14.212687,101.202343,15.315
นครนายก,เมือง,2026-04-14,14.212687,101.202343,22.647499999999997
นครนายก,เมือง,2026-04-15,14.212687,101.202343,23.144166666666667
นครนายก,เมือง,2026-04-16,14.212687,101.202343,23.375833333333333
นครนายก,เมือง,2026-04-17,14.212687,101.202343,19.394166666666667
นครนายก,เมือง,2026-04-18,14.212687,101.202343,20.870833333333334
นครนายก,เมือง,2026-04-19,14.212687,101.202343,18.639166666666664
นครนายก,เมือง,2026-04-20,14.212687,101.202343,16.30875
นครนายก,เมือง,2026-04-21,14.212687,101.202343,15.426666666666668
นครนายก,เมือง,2026-04-22,14.212687,101.202343,15.067083333333334
นครนายก,เมือง,2026-04-23,14.212687,101.202343,11.314166666666667
นครนายก,เมือง,2026-04-24,14.212687,101.202343,12.739166666666668
นครนายก,เมือง,2026-04-25,14.212687,101.202343,14.433333333333332
นครนายก,เมือง,2026-04-26,14.212687,101.20234299999998,16.36181818181818
นครนายก,เมือง,2026-04-27,14.212687,101.202343,19.13083333333333
นครนายก,เมือง,2026-04-28,14.212687,101.202343,9.318333333333333
นครนายก,เมือง,2026-04-29,14.212687,101.202343,10.430833333333334
นครนายก,เมือง,2026-04-30,14.212687,101.202343,8.047083333333333
นครปฐม,พุทธมณฑล,2026-04-01,13.797405,100.3211,13.080833333333333
นครปฐม,พุทธมณฑล,2026-04-02,13.797405,100.3211,11.535833333333334
นครปฐม,พุทธมณฑล,2026-04-03,13.797405,100.3211,12.161666666666667
นครปฐม,พุทธมณฑล,2026-04-04,13.797405,100.3211,19.82125
นครปฐม,พุทธมณฑล,2026-04-05,13.797405,100.3211,21.144583333333333
นครปฐม,พุทธมณฑล,2026-04-06,13.797405,100.3211,17.808333333333334
นครปฐม,พุทธมณฑล,2026-04-07,13.797405,100.3211,17.5725
นครปฐม,พุทธมณฑล,2026-04-08,13.797405,100.3211,20.55125
นครปฐม,พุทธมณฑล,2026-04-09,13.797405,100.3211,18.970833333333335
นครปฐม,พุทธมณฑล,2026-04-10,13.797405,100.3211,13.788333333333334
นครปฐม,พุทธมณฑล,2026-04-11,13.797405,100.3211,17.253333333333334
นครปฐม,พุทธมณฑล,2026-04-12,13.797405,100.3211,18.61916666666667
นครปฐม,พุทธมณฑล,2026-04-13,13.797405,100.3211,15.932916666666666
นครปฐม,พุทธมณฑล,2026-04-14,13.797405,100.3211,18.181250000000002
นครปฐม,พุทธมณฑล,2026-04-15,13.797405,100.3211,18.506249999999998
นครปฐม,พุทธมณฑล,2026-04-16,13.797405,100.3211,15.813333333333333
นครปฐม,พุทธมณฑล,2026-04-17,13.797405,100.3211,13.557916666666666
นครปฐม,พุทธมณฑล,2026-04-18,13.797405,100.3211,15.405
นครปฐม,พุทธมณฑล,2026-04-19,13.797405,100.3211,14.410416666666668
นครปฐม,พุทธมณฑล,2026-04-20,13.797405,100.3211,13.2525
นครปฐม,พุทธมณฑล,2026-04-21,13.797405,100.3211,15.7025
นครปฐม,พุทธมณฑล,2026-04-22,13.797405,100.3211,9.95142857142857
นครปฐม,พุทธมณฑล,2026-04-28,13.797405,100.3211,9.90857142857143
นครปฐม,พุทธมณฑล,2026-04-29,13.797405,100.3211,11.60875
นครปฐม,พุทธมณฑล,2026-04-30,13.797405,100.3211,8.112083333333333
นครพนม,ศรีสงคราม,2026-04-01,17.627568,104.252454,64.88125000000001
นครพนม,ศรีสงคราม,2026-04-02,17.627568,104.252454,66.27458333333333
นครพนม,ศรีสงคราม,2026-04-03,17.627568,104.252454,73.83333333333333
นครพนม,ศรีสงคราม,2026-04-04,17.627568,104.252454,79.63041666666668
นครพนม,ศรีสงคราม,2026-04-05,17.627568,104.252454,76.56666666666666
นครพนม,ศรีสงคราม,2026-04-06,17.627568,104.252454,69.27541666666667
นครพนม,ศรีสงคราม,2026-04-07,17.627568,104.252454,90.24833333333333
นครพนม,ศรีสงคราม,2026-04-08,17.627568,104.252454,96.61125
นครพนม,ศรีสงคราม,2026-04-09,17.627568,104.252454,96.77666666666666
นครพนม,ศรีสงคราม,2026-04-10,17.627568,104.252454,97.02291666666667
นครพนม,ศรีสงคราม,2026-04-11,17.627568,104.252454,102.62291666666665
นครพนม,ศรีสงคราม,2026-04-12,17.627568,104.252454,114.62583333333333
นครพนม,ศรีสงคราม,2026-04-13,17.627568,104.252454,101.99874999999999
นครพนม,ศรีสงคราม,2026-04-14,17.627568,104.252454,80.95125
นครพนม,ศรีสงคราม,2026-04-15,17.627568,104.252454,99.21499999999999
นครพนม,ศรีสงคราม,2026-04-16,17.627568,104.252454,94.75958333333334
นครพนม,ศรีสงคราม,2026-04-17,17.627568,104.252454,75.40541666666667
นครพนม,ศรีสงคราม,2026-04-18,17.627568,104.252454,45.68291666666667
นครพนม,ศรีสงคราม,2026-04-19,17.627568,104.252454,43.900416666666665
นครพนม,ศรีสงคราม,2026-04-20,17.627568,104.252454,47.611250000000005
นครพนม,ศรีสงคราม,2026-04-21,17.627568,104.252454,49.94625
นครพนม,ศรีสงคราม,2026-04-22,17.627568,104.252454,58.279583333333335
นครพนม,ศรีสงคราม,2026-04-23,17.627568,104.252454,56.60375
นครพนม,ศรีสงคราม,2026-04-24,17.627568,104.252454,19.731666666666666
นครพนม,ศรีสงคราม,2026-04-25,17.627568,104.252454,11.22875
นครพนม,ศรีสงคราม,2026-04-26,17.627568,104.252454,16.87181818181818
นครพนม,ศรีสงคราม,2026-04-27,17.627568,104.252454,37.2675
นครพนม,ศรีสงคราม,2026-04-28,17.627568,104.252454,21.887916666666666
นครพนม,ศรีสงคราม,2026-04-29,17.627568,104.252454,24.122083333333332
นครพนม,ศรีสงคราม,2026-04-30,17.627568,104.252454,22.262083333333333
นครพนม,เรณูนคร,2026-04-01,17.054383,104.67887,67.53666666666668
นครพนม,เรณูนคร,2026-04-02,17.054383,104.67887,68.59208333333333
นครพนม,เรณูนคร,2026-04-03,17.054383,104.67887,67.83291666666666
นครพนม,เรณูนคร,2026-04-04,17.054383,104.67887,61.41083333333333
นครพนม,เรณูนคร,2026-04-05,17.054383,104.67887,61.431250000000006
นครพนม,เรณูนคร,2026-04-06,17.054383,104.67887,59.39166666666667
นครพนม,เรณูนคร,2026-04-07,17.054383,104.67887,60.20333333333334
นครพนม,เรณูนคร,2026-04-08,17.054383,104.67887,77.93333333333334
นครพนม,เรณูนคร,2026-04-09,17.054383,104.67887,103.49791666666665
นครพนม,เรณูนคร,2026-04-10,17.054383,104.67886999999999,95.07190476190476
นครพนม,เรณูนคร,2026-04-11,17.054383,104.67887,94.69749999999999
นครพนม,เรณูนคร,2026-04-12,17.054383,104.67887,92.05375
นครพนม,เรณูนคร,2026-04-13,17.054383,104.67887,71.71625
นครพนม,เรณูนคร,2026-04-14,17.054383,104.67887,86.14458333333333
นครพนม,เรณูนคร,2026-04-15,17.054383,104.67887,81.61874999999999
นครพนม,เรณูนคร,2026-04-16,17.054383,104.67887,55.6275
นครพนม,เรณูนคร,2026-04-17,17.054383,104.67887,56.682500000000005
นครพนม,เรณูนคร,2026-04-18,17.054383,104.67887,56.663333333333334
นครพนม,เรณูนคร,2026-04-19,17.054383,104.67887,46.41166666666667
นครพนม,เรณูนคร,2026-04-20,17.054383,104.67887,45.534166666666664
นครพนม,เรณูนคร,2026-04-21,17.054383,104.67887,57.34625
นครพนม,เรณูนคร,2026-04-22,17.054383,104.67887,53.78791666666667
นครพนม,เรณูนคร,2026-04-23,17.054383,104.67887,50.05458333333333
นครพนม,เรณูนคร,2026-04-24,17.054383,104.67887,16.289166666666667
นครพนม,เรณูนคร,2026-04-25,17.054383,104.67887,11.415
นครพนม,เรณูนคร,2026-04-26,17.054383,104.67887,21.74227272727273
นครพนม,เรณูนคร,2026-04-27,17.054383,104.67887,26.36916666666667
นครพนม,เรณูนคร,2026-04-28,17.054383,104.67887,16.98125
นครพนม,เรณูนคร,2026-04-29,17.054383,104.67887,25.189999999999998
นครพนม,เรณูนคร,2026-04-30,17.054383,104.67887,11.757083333333334
นครพนม,โพนสวรรค์,2026-04-01,17.45518,104.469163,104.03166666666668
นครพนม,โพนสวรรค์,2026-04-02,17.45518,104.469163,96.4175
นครพนม,โพนสวรรค์,2026-04-03,17.45518,104.469163,107.36708333333333
นครพนม,โพนสวรรค์,2026-04-04,17.45518,104.469163,109.82458333333334
นครพนม,โพนสวรรค์,2026-04-05,17.45518,104.469163,111.14625000000001
นครพนม,โพนสวรรค์,2026-04-06,17.45518,104.469163,99.08958333333334
นครพนม,โพนสวรรค์,2026-04-07,17.45518,104.469163,126.3875
นครพนม,โพนสวรรค์,2026-04-08,17.45518,104.469163,132.51916666666668
นครพนม,โพนสวรรค์,2026-04-09,17.45518,104.469163,139.97
นครพนม,โพนสวรรค์,2026-04-10,17.45518,104.469163,162.92875
นครพนม,โพนสวรรค์,2026-04-11,17.45518,104.469163,150.8658333333333
นครพนม,โพนสวรรค์,2026-04-12,17.45518,104.469163,153.88791666666665
นครพนม,โพนสวรรค์,2026-04-13,17.45518,104.469163,130.06083333333333
นครพนม,โพนสวรรค์,2026-04-14,17.45518,104.469163,120.15375
นครพนม,โพนสวรรค์,2026-04-15,17.45518,104.469163,122.69083333333333
นครพนม,โพนสวรรค์,2026-04-16,17.45518,104.469163,125.40958333333333
นครพนม,โพนสวรรค์,2026-04-17,17.45518,104.469163,100.05874999999999
นครพนม,โพนสวรรค์,2026-04-18,17.45518,104.469163,76.92833333333333
นครพนม,โพนสวรรค์,2026-04-19,17.45518,104.469163,65.87958333333333
นครพนม,โพนสวรรค์,2026-04-20,17.45518,104.469163,62.8475
นครพนม,โพนสวรรค์,2026-04-21,17.45518,104.469163,85.66791666666667
นครพนม,โพนสวรรค์,2026-04-22,17.45518,104.469163,93.44375000000001
นครพนม,โพนสวรรค์,2026-04-23,17.45518,104.469163,76.31458333333333
นครพนม,โพนสวรรค์,2026-04-24,17.45518,104.469163,20.03375
นครพนม,โพนสวรรค์,2026-04-25,17.45518,104.469163,16.64125
นครพนม,โพนสวรรค์,2026-04-26,17.45518,104.469163,38.73954545454546
นครพนม,โพนสวรรค์,2026-04-27,17.45518,104.469163,42.058749999999996
นครพนม,โพนสวรรค์,2026-04-28,17.45518,104.469163,27.497083333333336
นครพนม,โพนสวรรค์,2026-04-29,17.45518,104.469163,34.449999999999996
นครพนม,โพนสวรรค์,2026-04-30,17.45518,104.469163,25.290833333333335
นครราชสีมา,ชุมพวง,2026-04-01,15.348427918845074,102.74143526137107,40.14608695652174
นครราชสีมา,ชุมพวง,2026-04-02,15.348427918845074,102.74143526137108,41.393750000000004
นครราชสีมา,ชุมพวง,2026-04-03,15.348427918845074,102.74143526137108,37.82791666666667
นครราชสีมา,ชุมพวง,2026-04-04,15.348427918845074,102.74143526137108,46.629999999999995
นครราชสีมา,ชุมพวง,2026-04-05,15.348427918845074,102.74143526137108,43.91416666666667
นครราชสีมา,ชุมพวง,2026-04-06,15.348427918845074,102.74143526137108,42.745000000000005
นครราชสีมา,ชุมพวง,2026-04-07,15.348427918845074,102.74143526137108,46.01
นครราชสีมา,ชุมพวง,2026-04-08,15.348427918845074,102.74143526137108,43.20041666666666
นครราชสีมา,ชุมพวง,2026-04-09,15.348427918845074,102.74143526137108,39.93875
นครราชสีมา,ชุมพวง,2026-04-10,15.348427918845074,102.74143526137108,43.928333333333335
นครราชสีมา,ชุมพวง,2026-04-11,15.348427918845074,102.74143526137108,44.94708333333333
นครราชสีมา,ชุมพวง,2026-04-12,15.348427918845074,102.74143526137108,42.166666666666664
นครราชสีมา,ชุมพวง,2026-04-13,15.348427918845074,102.74143526137108,39.04
นครราชสีมา,ชุมพวง,2026-04-14,15.348427918845074,102.74143526137108,37.37291666666667
นครราชสีมา,ชุมพวง,2026-04-15,15.348427918845074,102.74143526137108,38.152499999999996
นครราชสีมา,ชุมพวง,2026-04-16,15.348427918845074,102.74143526137108,38.79916666666667
นครราชสีมา,ชุมพวง,2026-04-17,15.348427918845074,102.74143526137108,36.361666666666665
นครราชสีมา,ชุมพวง,2026-04-18,15.348427918845074,102.74143526137108,33.010416666666664
นครราชสีมา,ชุมพวง,2026-04-19,15.348427918845074,102.74143526137108,39.64875
นครราชสีมา,ชุมพวง,2026-04-20,15.348427918845074,102.74143526137108,32.535000000000004
นครราชสีมา,ชุมพวง,2026-04-21,15.348427918845074,102.74143526137108,37.924166666666665
นครราชสีมา,ชุมพวง,2026-04-22,15.348427918845074,102.74143526137108,36.34166666666667
นครราชสีมา,ชุมพวง,2026-04-23,15.348427918845074,102.74143526137108,36.08583333333333
นครราชสีมา,ชุมพวง,2026-04-24,15.348427918845074,102.74143526137108,28.849999999999998
นครราชสีมา,ชุมพวง,2026-04-25,15.348427918845074,102.74143526137108,36.94375
นครราชสีมา,ชุมพวง,2026-04-26,15.348427918845072,102.7414352613711,43.5195
นครราชสีมา,ชุมพวง,2026-04-27,15.348427918845074,102.74143526137108,37.35125
นครราชสีมา,ชุมพวง,2026-04-28,15.348427918845074,102.74143526137108,27.64375
นครราชสีมา,ชุมพวง,2026-04-29,15.348427918845074,102.74143526137108,28.125833333333333
นครราชสีมา,ชุมพวง,2026-04-30,15.348427918845074,102.74143526137108,21.913333333333338
นครราชสีมา,ด่านขุนทด,2026-04-22,15.21074875,101.7675751,29.136666666666667
นครราชสีมา,ปักธงชัย,2026-04-29,14.7567123,101.9121446,42.91538461538461
นครราชสีมา,ปักธงชัย,2026-04-30,14.756712299999998,101.91214459999999,36.615
นครราชสีมา,ปากช่อง,2026-04-01,14.668114696823148,101.37482283350303,28.672340425531914
นครราชสีมา,ปากช่อง,2026-04-02,14.667840817554017,101.37427437258187,33.396875
นครราชสีมา,ปากช่อง,2026-04-03,14.667840817554017,101.37427437258187,34.581875000000004
นครราชสีมา,ปากช่อง,2026-04-04,14.667840817554017,101.37427437258187,35.23833333333334
นครราชสีมา,ปากช่อง,2026-04-05,14.667840817554017,101.37427437258187,36.323125
นครราชสีมา,ปากช่อง,2026-04-06,14.667840817554017,101.37427437258187,32.220625
นครราชสีมา,ปากช่อง,2026-04-07,14.667840817554017,101.37427437258187,34.041875
นครราชสีมา,ปากช่อง,2026-04-08,14.667840817554017,101.37427437258187,31.631874999999997
นครราชสีมา,ปากช่อง,2026-04-09,14.667840817554017,101.37427437258187,30.34875
นครราชสีมา,ปากช่อง,2026-04-10,14.667840817554017,101.37427437258187,32.908125
นครราชสีมา,ปากช่อง,2026-04-11,14.667840817554017,101.37427437258187,32.335625
นครราชสีมา,ปากช่อง,2026-04-12,14.667840817554017,101.37427437258187,31.097083333333334
นครราชสีมา,ปากช่อง,2026-04-13,14.667840817554017,101.37427437258187,22.585416666666664
นครราชสีมา,ปากช่อง,2026-04-14,14.667840817554017,101.37427437258187,29.882499999999997
นครราชสีมา,ปากช่อง,2026-04-15,14.667840817554017,101.37427437258187,33.03791666666667
นครราชสีมา,ปากช่อง,2026-04-16,14.667840817554017,101.37427437258187,33.305625
นครราชสีมา,ปากช่อง,2026-04-17,14.66840048388659,101.37539514055122,30.416521739130438
นครราชสีมา,ปากช่อง,2026-04-18,14.667840817554017,101.37427437258187,28.66479166666667
นครราชสีมา,ปากช่อง,2026-04-19,14.667840817554017,101.37427437258187,31.741666666666664
นครราชสีมา,ปากช่อง,2026-04-20,14.668114696823148,101.37482283350303,33.07936170212766
นครราชสีมา,ปากช่อง,2026-04-21,14.667840817554017,101.37427437258187,30.936875
นครราชสีมา,ปากช่อง,2026-04-22,14.667840817554017,101.37427437258187,33.235625
นครราชสีมา,ปากช่อง,2026-04-23,14.667840817554017,101.37427437258187,31.432916666666667
นครราชสีมา,ปากช่อง,2026-04-24,14.667840817554017,101.37427437258187,21.507291666666664
นครราชสีมา,ปากช่อง,2026-04-25,14.667840817554017,101.37427437258187,23.709166666666665
นครราชสีมา,ปากช่อง,2026-04-26,14.667840817554016,101.37427437258185,26.09
นครราชสีมา,ปากช่อง,2026-04-27,14.667840817554017,101.37427437258187,28.889166666666668
นครราชสีมา,ปากช่อง,2026-04-28,14.667840817554017,101.37427437258187,22.888958333333335
นครราชสีมา,ปากช่อง,2026-04-29,14.667840817554017,101.37427437258187,19.748124999999998
นครราชสีมา,ปากช่อง,2026-04-30,14.667840817554017,101.37427437258187,20.29520833333333
นครราชสีมา,ลำทะเมนชัย,2026-04-01,15.3443834,102.9138951,27.700434782608696
นครราชสีมา,ลำทะเมนชัย,2026-04-02,15.3443834,102.9138951,28.92958333333333
นครราชสีมา,ลำทะเมนชัย,2026-04-03,15.3443834,102.91389510000002,25.886666666666667
นครราชสีมา,ลำทะเมนชัย,2026-04-04,15.3443834,102.9138951,29.889166666666668
นครราชสีมา,ลำทะเมนชัย,2026-04-05,15.3443834,102.9138951,30.67625
นครราชสีมา,ลำทะเมนชัย,2026-04-06,15.344383400000002,102.91389510000002,26.792
นครราชสีมา,ลำทะเมนชัย,2026-04-07,15.3443834,102.9138951,26.769166666666667
นครราชสีมา,ลำทะเมนชัย,2026-04-08,15.3443834,102.9138951,25.74083333333333
นครราชสีมา,ลำทะเมนชัย,2026-04-09,15.3443834,102.9138951,19.4325
นครราชสีมา,ลำทะเมนชัย,2026-04-10,15.344383400000002,102.9138951,25.587777777777777
นครราชสีมา,ลำทะเมนชัย,2026-04-11,15.3443834,102.9138951,24.889583333333334
นครราชสีมา,ลำทะเมนชัย,2026-04-12,15.3443834,102.9138951,20.314583333333335
นครราชสีมา,ลำทะเมนชัย,2026-04-13,15.3443834,102.9138951,18.2
นครราชสีมา,ลำทะเมนชัย,2026-04-14,15.344383400000002,102.91389510000002,17.213
นครราชสีมา,ลำทะเมนชัย,2026-04-15,15.3443834,102.9138951,18.847391304347827
นครราชสีมา,ลำทะเมนชัย,2026-04-16,15.3443834,102.9138951,18.980833333333333
นครราชสีมา,ลำทะเมนชัย,2026-04-17,15.3443834,102.9138951,18.39363636363636
นครราชสีมา,ลำทะเมนชัย,2026-04-18,15.3443834,102.9138951,16.34541666666667
นครราชสีมา,ลำทะเมนชัย,2026-04-19,15.3443834,102.9138951,20.34875
นครราชสีมา,ลำทะเมนชัย,2026-04-20,15.3443834,102.9138951,13.7425
นครราชสีมา,ลำทะเมนชัย,2026-04-21,15.3443834,102.9138951,17.31304347826087
นครราชสีมา,ลำทะเมนชัย,2026-04-22,15.3443834,102.91389510000002,16.594285714285714
นครราชสีมา,ลำทะเมนชัย,2026-04-23,15.3443834,102.9138951,15.033333333333333
นครราชสีมา,ลำทะเมนชัย,2026-04-24,15.3443834,102.9138951,11.382083333333334
นครราชสีมา,ลำทะเมนชัย,2026-04-25,15.3443834,102.9138951,20.092916666666667
นครราชสีมา,ลำทะเมนชัย,2026-04-26,15.3443834,102.9138951,25.486363636363638
นครราชสีมา,ลำทะเมนชัย,2026-04-27,15.3443834,102.9138951,18.238333333333333
นครราชสีมา,ลำทะเมนชัย,2026-04-28,15.3443834,102.9138951,10.257391304347825
นครราชสีมา,ลำทะเมนชัย,2026-04-29,15.3443834,102.9138951,11.344999999999999
นครราชสีมา,ลำทะเมนชัย,2026-04-30,15.3443834,102.9138951,9.012083333333333
นครราชสีมา,สีคิ้ว,2026-04-01,14.884291,101.7219455,36.19229166666667
นครราชสีมา,สีคิ้ว,2026-04-02,14.884291,101.7219455,37.218125
นครราชสีมา,สีคิ้ว,2026-04-03,14.884291,101.7219455,37.327708333333334
นครราชสีมา,สีคิ้ว,2026-04-04,14.884291,101.7219455,42.861875
นครราชสีมา,สีคิ้ว,2026-04-05,14.884291,101.7219455,40.605624999999996
นครราชสีมา,สีคิ้ว,2026-04-06,14.884291,101.7219455,39.13458333333333
นครราชสีมา,สีคิ้ว,2026-04-07,14.884291,101.7219455,39.528958333333335
นครราชสีมา,สีคิ้ว,2026-04-08,14.884291,101.7219455,37.861041666666665
นครราชสีมา,สีคิ้ว,2026-04-09,14.884291,101.7219455,34.61875
นครราชสีมา,สีคิ้ว,2026-04-10,14.884291,101.7219455,41.00833333333333
นครราชสีมา,สีคิ้ว,2026-04-11,14.884291,101.7219455,40.805625
นครราชสีมา,สีคิ้ว,2026-04-12,14.884291,101.7219455,34.18541666666667
นครราชสีมา,สีคิ้ว,2026-04-13,14.884291,101.7219455,29.506041666666665
นครราชสีมา,สีคิ้ว,2026-04-14,14.884291,101.7219455,38.90020833333333
นครราชสีมา,สีคิ้ว,2026-04-15,14.884291,101.7219455,40.80916666666666
นครราชสีมา,สีคิ้ว,2026-04-16,14.884291,101.7219455,38.30229166666667
นครราชสีมา,สีคิ้ว,2026-04-17,14.884291,101.7219455,36.16229166666667
นครราชสีมา,สีคิ้ว,2026-04-18,14.884291,101.7219455,33.29604166666667
นครราชสีมา,สีคิ้ว,2026-04-19,14.884291,101.7219455,35.931875
นครราชสีมา,สีคิ้ว,2026-04-20,14.884291,101.7219455,37.07625
นครราชสีมา,สีคิ้ว,2026-04-21,14.884291,101.7219455,39.84020833333333
นครราชสีมา,สีคิ้ว,2026-04-22,14.884291,101.7219455,39.005833333333335
นครราชสีมา,สีคิ้ว,2026-04-23,14.884291,101.7219455,34.15958333333334
นครราชสีมา,สีคิ้ว,2026-04-24,14.884291,101.7219455,24.635833333333334
นครราชสีมา,สีคิ้ว,2026-04-25,14.884291,101.7219455,32.87895833333334
นครราชสีมา,สีคิ้ว,2026-04-26,14.884291000000001,101.7219455,45.21545454545455
นครราชสีมา,สีคิ้ว,2026-04-27,14.884291,101.7219455,39.32208333333333
นครราชสีมา,สีคิ้ว,2026-04-28,14.884291,101.7219455,25.390208333333334
นครราชสีมา,สีคิ้ว,2026-04-29,14.884291,101.7219455,30.511458333333334
นครราชสีมา,สีคิ้ว,2026-04-30,14.884291,101.7219455,28.636041666666667
นครราชสีมา,สูงเนิน,2026-04-01,14.901702661806944,101.81481896136457,35.11166666666667
นครราชสีมา,สูงเนิน,2026-04-02,14.901702661806944,101.8148189613646,34.26363636363636
นครราชสีมา,สูงเนิน,2026-04-03,14.901702661806945,101.81481896136458,35.878
นครราชสีมา,สูงเนิน,2026-04-05,14.901702661806944,101.81481896136458,38.917500000000004
นครราชสีมา,สูงเนิน,2026-04-06,14.901702661806945,101.81481896136458,38.126
นครราชสีมา,สูงเนิน,2026-04-07,14.901702661806944,101.81481896136458,38.46125
นครราชสีมา,สูงเนิน,2026-04-08,14.901702661806945,101.81481896136458,34.266000000000005
นครราชสีมา,สูงเนิน,2026-04-09,14.901702661806944,101.8148189613646,30.14818181818182
นครราชสีมา,สูงเนิน,2026-04-16,14.901702661806944,101.81481896136457,37.19916666666666
นครราชสีมา,สูงเนิน,2026-04-17,14.901702661806944,101.8148189613646,33.65090909090909
นครราชสีมา,สูงเนิน,2026-04-19,14.901702661806944,101.81481896136458,31.232499999999998
นครราชสีมา,สูงเนิน,2026-04-20,14.901702661806944,101.81481896136457,39.6075
นครราชสีมา,สูงเนิน,2026-04-21,14.901702661806944,101.8148189613646,38.38636363636363
นครราชสีมา,สูงเนิน,2026-04-22,14.901702661806944,101.8148189613646,42.584545454545456
นครราชสีมา,สูงเนิน,2026-04-23,14.901702661806944,101.8148189613646,33.67
นครราชสีมา,สูงเนิน,2026-04-24,14.901702661806944,101.8148189613646,25.76
นครราชสีมา,สูงเนิน,2026-04-25,14.901702661806944,101.81481896136458,37.07222222222222
นครราชสีมา,สูงเนิน,2026-04-26,14.901702661806945,101.81481896136458,42.812
นครราชสีมา,สูงเนิน,2026-04-27,14.901702661806944,101.81481896136458,36.82153846153846
นครราชสีมา,สูงเนิน,2026-04-28,14.901702661806944,101.81481896136458,24.529411764705884
นครราชสีมา,สูงเนิน,2026-04-29,14.901702661806944,101.81481896136457,24.909583333333334
นครราชสีมา,สูงเนิน,2026-04-30,14.901702661806944,101.81481896136457,28.993750000000002
นครราชสีมา,เมือง,2026-04-01,14.853997376294997,102.04933724187082,29.931549295774648
นครราชสีมา,เมือง,2026-04-02,14.853945111839778,102.04968916192506,30.58611111111111
นครราชสีมา,เมือง,2026-04-03,14.855715115035203,102.04823830940863,28.517
นครราชสีมา,เมือง,2026-04-04,14.881203161049282,102.02734603317207,38.0938
นครราชสีมา,เมือง,2026-04-05,14.866335134207734,102.03953319431007,35.222
นครราชสีมา,เมือง,2026-04-06,14.853945111839778,102.04968916192506,31.73486111111111
นครราชสีมา,เมือง,2026-04-07,14.853945111839778,102.04968916192506,32.763333333333335
นครราชสีมา,เมือง,2026-04-08,14.857589236065648,102.04670211262653,29.350147058823527
นครราชสีมา,เมือง,2026-04-09,14.853945111839778,102.04968916192506,27.200277777777778
นครราชสีมา,เมือง,2026-04-10,14.853945111839778,102.04968916192506,32.53041666666667
นครราชสีมา,เมือง,2026-04-11,14.853945111839778,102.04968916192506,30.37569444444445
นครราชสีมา,เมือง,2026-04-12,14.853945111839778,102.04968916192506,26.98763888888889
นครราชสีมา,เมือง,2026-04-13,14.853945111839778,102.04968916192506,17.881666666666668
นครราชสีมา,เมือง,2026-04-14,14.853997376294997,102.04933724187082,25.813802816901408
นครราชสีมา,เมือง,2026-04-15,14.853945111839778,102.04968916192506,26.509583333333335
นครราชสีมา,เมือง,2026-04-16,14.853945111839778,102.04968916192506,27.73763888888889
นครราชสีมา,เมือง,2026-04-17,14.853945111839778,102.04968916192506,27.155
นครราชสีมา,เมือง,2026-04-18,14.853945111839778,102.04968916192506,26.01013888888889
นครราชสีมา,เมือง,2026-04-19,14.853945111839778,102.04968916192506,24.34402777777778
นครราชสีมา,เมือง,2026-04-20,14.853945111839778,102.04968916192506,27.840416666666666
นครราชสีมา,เมือง,2026-04-21,14.853945111839778,102.04968916192506,31.594722222222224
นครราชสีมา,เมือง,2026-04-22,14.853945111839778,102.04968916192506,29.542361111111113
นครราชสีมา,เมือง,2026-04-23,14.853945111839778,102.04968916192506,26.73763888888889
นครราชสีมา,เมือง,2026-04-24,14.8606166623456,102.04422056397853,19.411384615384616
นครราชสีมา,เมือง,2026-04-25,14.884920167759667,102.02429924288758,29.321875000000002
นครราชสีมา,เมือง,2026-04-26,14.882855164031675,102.02599190415674,40.50688888888889
นครราชสีมา,เมือง,2026-04-27,14.853945111839778,102.04968916192506,31.834444444444443
นครราชสีมา,เมือง,2026-04-28,14.853945111839778,102.04968916192506,16.965416666666666
นครราชสีมา,เมือง,2026-04-29,14.853945111839778,102.04968916192506,20.353194444444444
นครราชสีมา,เมือง,2026-04-30,14.866335134207734,102.03953319431007,20.919500000000003
นครราชสีมา,แก้งสนามนาง,2026-04-02,15.74979,102.26813,66.53999999999999
นครราชสีมา,แก้งสนามนาง,2026-04-03,15.74979,102.26813,34.148125
นครราชสีมา,แก้งสนามนาง,2026-04-07,15.74979,102.26813,55.5075
นครราชสีมา,แก้งสนามนาง,2026-04-08,15.749789999999999,102.26813,56.2075
นครราชสีมา,แก้งสนามนาง,2026-04-09,15.74979,102.26813,49.119375
นครราชสีมา,แก้งสนามนาง,2026-04-10,15.749790000000003,102.26813,48.37529411764706
นครราชสีมา,แก้งสนามนาง,2026-04-11,15.749789999999999,102.26813,48.385416666666664
นครราชสีมา,แก้งสนามนาง,2026-04-12,15.749789999999999,102.26813,46.982499999999995
นครราชสีมา,แก้งสนามนาง,2026-04-13,15.749789999999999,102.26813,32.55041666666667
นครราชสีมา,แก้งสนามนาง,2026-04-14,15.74979,102.26813,37.644
นครราชสีมา,แก้งสนามนาง,2026-04-15,15.74979,102.26813000000001,40.93173913043478
นครราชสีมา,แก้งสนามนาง,2026-04-16,15.749789999999999,102.26813,36.03791666666667
นครราชสีมา,แก้งสนามนาง,2026-04-17,15.74979,102.26812999999999,30.026363636363637
นครราชสีมา,แก้งสนามนาง,2026-04-18,15.74979,102.26813,28.53421052631579
นครราชสีมา,แก้งสนามนาง,2026-04-19,15.74979,102.26813000000001,28.407391304347826
นครราชสีมา,แก้งสนามนาง,2026-04-20,15.749789999999999,102.26813,39.544444444444444
นครราชสีมา,แก้งสนามนาง,2026-04-21,15.74979,102.26813000000001,36.50043478260869
นครราชสีมา,แก้งสนามนาง,2026-04-22,15.74979,102.26813,37.19357142857143
นครราชสีมา,แก้งสนามนาง,2026-04-23,15.749789999999999,102.26813,30.557916666666667
นครราชสีมา,แก้งสนามนาง,2026-04-24,15.749789999999999,102.26813,19.27958333333333
นครราชสีมา,แก้งสนามนาง,2026-04-25,15.749789999999999,102.26813,20.92833333333333
นครราชสีมา,แก้งสนามนาง,2026-04-26,15.749789999999999,102.26813,30.393333333333334
นครศรีธรรมราช,ชะอวด,2026-04-01,7.965453,99.999035,24.52478260869565
นครศรีธรรมราช,ชะอวด,2026-04-02,7.965453,99.999035,28.745833333333334
นครศรีธรรมราช,ชะอวด,2026-04-03,7.965453,99.999035,37.12208333333333
นครศรีธรรมราช,ชะอวด,2026-04-04,7.965453,99.999035,44.25
นครศรีธรรมราช,ชะอวด,2026-04-05,7.965453,99.999035,49.803333333333335
นครศรีธรรมราช,ชะอวด,2026-04-06,7.965453,99.999035,43.48666666666667
นครศรีธรรมราช,ชะอวด,2026-04-07,7.965453,99.999035,43.19625
นครศรีธรรมราช,ชะอวด,2026-04-08,7.965453,99.999035,32.01708333333333
นครศรีธรรมราช,ชะอวด,2026-04-09,7.965453,99.999035,33.85208333333333
นครศรีธรรมราช,ชะอวด,2026-04-10,7.965453,99.999035,29.214583333333334
นครศรีธรรมราช,ชะอวด,2026-04-11,7.965453,99.999035,30.086250000000003
นครศรีธรรมราช,ชะอวด,2026-04-12,7.965453,99.999035,25.795416666666668
นครศรีธรรมราช,ชะอวด,2026-04-13,7.965453,99.999035,23.9575
นครศรีธรรมราช,ชะอวด,2026-04-14,7.965453,99.999035,23.480416666666667
นครศรีธรรมราช,ชะอวด,2026-04-15,7.965453,99.999035,19.96875
นครศรีธรรมราช,ชะอวด,2026-04-16,7.965453,99.999035,29.607083333333335
นครศรีธรรมราช,ชะอวด,2026-04-17,7.965453,99.999035,32.83583333333333
นครศรีธรรมราช,ชะอวด,2026-04-18,7.965453,99.999035,32.964999999999996
นครศรีธรรมราช,ชะอวด,2026-04-19,7.965453,99.999035,32.504583333333336
นครศรีธรรมราช,ชะอวด,2026-04-20,7.965453,99.999035,27.422083333333333
นครศรีธรรมราช,ชะอวด,2026-04-21,7.965453,99.999035,28.050416666666667
นครศรีธรรมราช,ชะอวด,2026-04-22,7.965453,99.999035,37.98833333333334
นครศรีธรรมราช,ชะอวด,2026-04-23,7.965453,99.999035,42.55291666666667
นครศรีธรรมราช,ชะอวด,2026-04-24,7.965453,99.999035,35.34791666666667
นครศรีธรรมราช,ชะอวด,2026-04-25,7.965453,99.999035,29.575416666666666
นครศรีธรรมราช,ชะอวด,2026-04-26,7.965453,99.999035,27.30545454545455
นครศรีธรรมราช,ชะอวด,2026-04-27,7.965453,99.999035,19.586666666666666
นครศรีธรรมราช,ชะอวด,2026-04-28,7.965453,99.999035,27.322916666666668
นครศรีธรรมราช,ชะอวด,2026-04-29,7.965453,99.999035,25.950833333333335
นครศรีธรรมราช,ชะอวด,2026-04-30,7.965453,99.999035,27.922916666666666
นครศรีธรรมราช,ทุ่งสง,2026-04-01,8.169045,99.68500378297873,18.705106382978723
นครศรีธรรมราช,ทุ่งสง,2026-04-02,8.169125475,99.685174475,19.739270833333332
นครศรีธรรมราช,ทุ่งสง,2026-04-03,8.169125475,99.685174475,26.005416666666665
นครศรีธรรมราช,ทุ่งสง,2026-04-04,8.169125475,99.685174475,34.24270833333333
นครศรีธรรมราช,ทุ่งสง,2026-04-05,8.169125475,99.685174475,37.96604166666666
นครศรีธรรมราช,ทุ่งสง,2026-04-06,8.169125475,99.685174475,33.5440625
นครศรีธรรมราช,ทุ่งสง,2026-04-07,8.169125475,99.685174475,29.6696875
นครศรีธรรมราช,ทุ่งสง,2026-04-08,8.16925429347826,99.68486561739131,27.95032608695652
นครศรีธรรมราช,ทุ่งสง,2026-04-09,8.169125475,99.685174475,24.993333333333336
นครศรีธรรมราช,ทุ่งสง,2026-04-10,8.169125475,99.685174475,24.85020833333333
นครศรีธรรมราช,ทุ่งสง,2026-04-11,8.16903974,99.68521179368422,26.423684210526314
นครศรีธรรมราช,ทุ่งสง,2026-04-12,8.16903974,99.68521179368422,21.533263157894737
นครศรีธรรมราช,ทุ่งสง,2026-04-13,8.168862738709677,99.68528883870968,15.300860215053763
นครศรีธรรมราช,ทุ่งสง,2026-04-14,8.169125475,99.685174475,15.474166666666667
นครศรีธรรมราช,ทุ่งสง,2026-04-15,8.169125475,99.685174475,15.376875
นครศรีธรรมราช,ทุ่งสง,2026-04-16,8.169125475,99.685174475,19.992708333333333
นครศรีธรรมราช,ทุ่งสง,2026-04-17,8.169125475,99.685174475,21.400729166666665
นครศรีธรรมราช,ทุ่งสง,2026-04-18,8.169125475,99.685174475,20.0196875
นครศรีธรรมราช,ทุ่งสง,2026-04-19,8.169125475,99.685174475,18.313020833333333
นครศรีธรรมราช,ทุ่งสง,2026-04-20,8.169125475,99.685174475,15.987604166666666
นครศรีธรรมราช,ทุ่งสง,2026-04-21,8.169125475,99.685174475,13.969375
นครศรีธรรมราช,ทุ่งสง,2026-04-22,8.16958165897436,99.68749390384616,19.931025641025638
นครศรีธรรมราช,ทุ่งสง,2026-04-23,8.1698652,99.68872853333333,22.74375
นครศรีธรรมราช,ทุ่งสง,2026-04-24,8.1698652,99.68872853333333,19.199444444444442
นครศรีธรรมราช,ทุ่งสง,2026-04-25,8.1698652,99.68872853333333,13.067222222222222
นครศรีธรรมราช,ทุ่งสง,2026-04-26,8.1698652,99.68872853333335,13.65287878787879
นครศรีธรรมราช,ทุ่งสง,2026-04-27,8.1698652,99.68872853333333,10.756944444444445
นครศรีธรรมราช,ทุ่งสง,2026-04-28,8.169383518604652,99.6864142627907,14.169883720930232
นครศรีธรรมราช,ทุ่งสง,2026-04-29,8.169125475,99.685174475,15.037083333333333
นครศรีธรรมราช,ทุ่งสง,2026-04-30,8.169125475,99.685174475,13.348020833333335
นครสวรรค์,ชุมตาบง,2026-04-01,15.63371538,99.55093186,53.276315789473685
นครสวรรค์,ชุมตาบง,2026-04-02,15.63371538,99.55093186,49.6875
นครสวรรค์,ชุมตาบง,2026-04-03,15.63371538,99.55093186,38.349375
นครสวรรค์,ชุมตาบง,2026-04-04,15.63371538,99.55093186,42.871249999999996
นครสวรรค์,ชุมตาบง,2026-04-05,15.63371538,99.55093186,39.16625
นครสวรรค์,ชุมตาบง,2026-04-06,15.63371538,99.55093186,65.67
นครสวรรค์,ชุมตาบง,2026-04-07,15.63371538,99.55093186,34.54208333333333
นครสวรรค์,ชุมตาบง,2026-04-08,15.63371538,99.55093186,51.259166666666665
นครสวรรค์,ชุมตาบง,2026-04-09,15.63371538,99.55093186,41.071875
นครสวรรค์,ชุมตาบง,2026-04-10,15.633715379999998,99.55093186,37.94529411764706
นครสวรรค์,ชุมตาบง,2026-04-11,15.63371538,99.55093186,32.42166666666667
นครสวรรค์,ชุมตาบง,2026-04-12,15.63371538,99.55093186,39.08
นครสวรรค์,ชุมตาบง,2026-04-14,15.63371538,99.55093186,42.06
นครสวรรค์,ชุมตาบง,2026-04-15,15.63371538,99.55093186,44.69217391304348
นครสวรรค์,ชุมตาบง,2026-04-16,15.63371538,99.55093186,41.50933333333333
นครสวรรค์,ชุมตาบง,2026-04-19,15.633715379999998,99.55093186,48.27333333333333
นครสวรรค์,ชุมตาบง,2026-04-20,15.63371538,99.55093186,42.433749999999996
นครสวรรค์,ชุมตาบง,2026-04-21,15.63371538,99.55093186,40.88227272727273
นครสวรรค์,ชุมตาบง,2026-04-22,15.633715379999998,99.55093186,46.49714285714286
นครสวรรค์,ชุมตาบง,2026-04-25,15.63371538,99.55093186,20.11157894736842
นครสวรรค์,ชุมตาบง,2026-04-26,15.63371538,99.55093186,35.98636363636364
นครสวรรค์,ชุมตาบง,2026-04-27,15.63371538,99.55093186,30.866249999999997
นครสวรรค์,ชุมตาบง,2026-04-28,15.63371538,99.55093186,22.806956521739128
นครสวรรค์,ชุมตาบง,2026-04-29,15.63371538,99.55093186,25.0175
นครสวรรค์,ชุมตาบง,2026-04-30,15.63371538,99.55093186,23.26875
นครสวรรค์,ตาคลี,2026-04-01,15.314142160675674,100.3066082453513,60.38382978723404
นครสวรรค์,ตาคลี,2026-04-02,15.312467859820797,100.3076401637285,51.53729166666667
นครสวรรค์,ตาคลี,2026-04-03,15.312467859820797,100.3076401637285,48.133541666666666
นครสวรรค์,ตาคลี,2026-04-04,15.312467859820797,100.3076401637285,62.88083333333333
นครสวรรค์,ตาคลี,2026-04-05,15.317714002499411,100.30440681947992,72.65555555555555
นครสวรรค์,ตาคลี,2026-04-06,15.312467859820797,100.3076401637285,72.35375
นครสวรรค์,ตาคลี,2026-04-07,15.312467859820797,100.3076401637285,57.274375
นครสวรรค์,ตาคลี,2026-04-08,15.312467859820797,100.3076401637285,77.12333333333333
นครสวรรค์,ตาคลี,2026-04-09,15.312467859820797,100.3076401637285,67.05583333333333
นครสวรรค์,ตาคลี,2026-04-10,15.312467859820797,100.3076401637285,61.145833333333336
นครสวรรค์,ตาคลี,2026-04-11,15.312467859820797,100.3076401637285,62.025
นครสวรรค์,ตาคลี,2026-04-12,15.312467859820797,100.3076401637285,62.31145833333333
นครสวรรค์,ตาคลี,2026-04-13,15.312467859820797,100.3076401637285,53.132083333333334
นครสวรรค์,ตาคลี,2026-04-14,15.312467859820797,100.3076401637285,59.320625
นครสวรรค์,ตาคลี,2026-04-15,15.323709594132113,100.30071156891015,72.86619047619048
นครสวรรค์,ตาคลี,2026-04-16,15.312467859820797,100.3076401637285,66.65333333333334
นครสวรรค์,ตาคลี,2026-04-17,15.312467859820797,100.3076401637285,70.22083333333333
นครสวรรค์,ตาคลี,2026-04-18,15.314142160675674,100.3066082453513,83.68255319148936
นครสวรรค์,ตาคลี,2026-04-19,15.31962169074618,100.303231057935,71.63727272727273
นครสวรรค์,ตาคลี,2026-04-20,15.312467859820797,100.3076401637285,54.20583333333334
นครสวรรค์,ตาคลี,2026-04-21,15.312467859820797,100.3076401637285,70.39791666666666
นครสวรรค์,ตาคลี,2026-04-22,15.312467859820797,100.3076401637285,79.93604166666667
นครสวรรค์,ตาคลี,2026-04-23,15.31962169074618,100.303231057935,56.02590909090909
นครสวรรค์,ตาคลี,2026-04-24,15.321618108678845,100.3020006098066,50.80651162790697
นครสวรรค์,ตาคลี,2026-04-25,15.312467859820797,100.3076401637285,37.27458333333333
นครสวรรค์,ตาคลี,2026-04-26,15.335612606932326,100.29337540969071,51.139117647058825
นครสวรรค์,ตาคลี,2026-04-27,15.312467859820797,100.3076401637285,50.41916666666666
นครสวรรค์,ตาคลี,2026-04-28,15.312467859820797,100.3076401637285,33.30229166666667
นครสวรรค์,ตาคลี,2026-04-29,15.312467859820797,100.3076401637285,31.432708333333334
นครสวรรค์,ตาคลี,2026-04-30,15.312467859820797,100.3076401637285,36.068958333333335
นครสวรรค์,ท่าตะโก,2026-04-01,15.640942,100.370049,61.498695652173915
นครสวรรค์,ท่าตะโก,2026-04-02,15.640942,100.370049,54.46791666666667
นครสวรรค์,ท่าตะโก,2026-04-03,15.640942,100.370049,48.48041666666666
นครสวรรค์,ท่าตะโก,2026-04-04,15.640942,100.370049,60.849583333333335
นครสวรรค์,ท่าตะโก,2026-04-05,15.640942,100.370049,75.79375
นครสวรรค์,ท่าตะโก,2026-04-06,15.640942,100.370049,82.5175
นครสวรรค์,ท่าตะโก,2026-04-07,15.640942,100.370049,69.50750000000001
นครสวรรค์,ท่าตะโก,2026-04-08,15.640942,100.370049,72.60333333333334
นครสวรรค์,ท่าตะโก,2026-04-09,15.640942,100.370049,63.97541666666667
นครสวรรค์,ท่าตะโก,2026-04-10,15.640942,100.370049,58.35
นครสวรรค์,ท่าตะโก,2026-04-11,15.640942,100.370049,62.25375
นครสวรรค์,ท่าตะโก,2026-04-12,15.640942,100.370049,58.590833333333336
นครสวรรค์,ท่าตะโก,2026-04-13,15.640942,100.370049,57.43833333333333
นครสวรรค์,ท่าตะโก,2026-04-14,15.640942,100.370049,61.25791666666667
นครสวรรค์,ท่าตะโก,2026-04-15,15.640942,100.370049,64.56708333333333
นครสวรรค์,ท่าตะโก,2026-04-16,15.640942,100.370049,66.9075
นครสวรรค์,ท่าตะโก,2026-04-17,15.640942,100.370049,77.87041666666667
นครสวรรค์,ท่าตะโก,2026-04-18,15.640942,100.370049,84.636
นครสวรรค์,ท่าตะโก,2026-04-19,15.640942,100.370049,62.00666666666666
นครสวรรค์,ท่าตะโก,2026-04-20,15.640942,100.370049,51.72708333333333
นครสวรรค์,ท่าตะโก,2026-04-21,15.640942,100.370049,67.41666666666667
นครสวรรค์,ท่าตะโก,2026-04-22,15.640942,100.370049,76.34208333333333
นครสวรรค์,ท่าตะโก,2026-04-23,15.640942,100.370049,56.814166666666665
นครสวรรค์,ท่าตะโก,2026-04-24,15.640942,100.370049,46.39791666666667
นครสวรรค์,ท่าตะโก,2026-04-25,15.640942,100.370049,36.11083333333333
นครสวรรค์,ท่าตะโก,2026-04-26,15.640942,100.37004899999998,57.99227272727273
นครสวรรค์,ท่าตะโก,2026-04-27,15.640942,100.370049,47.034166666666664
นครสวรรค์,ท่าตะโก,2026-04-28,15.640942,100.370049,33.20041666666667
นครสวรรค์,ท่าตะโก,2026-04-29,15.640942,100.370049,33.880833333333335
นครสวรรค์,ท่าตะโก,2026-04-30,15.640942,100.370049,37.28380952380952
นครสวรรค์,หนองบัว,2026-04-06,15.86601448,100.587034,40.608
นครสวรรค์,หนองบัว,2026-04-07,15.866014479999999,100.587034,32.03458333333334
นครสวรรค์,หนองบัว,2026-04-08,15.866014479999999,100.587034,31.92375
นครสวรรค์,หนองบัว,2026-04-09,15.86601448,100.587034,35.394375
นครสวรรค์,หนองบัว,2026-04-10,15.86601448,100.587034,28.922941176470587
นครสวรรค์,หนองบัว,2026-04-11,15.866014479999999,100.587034,29.689999999999998
นครสวรรค์,หนองบัว,2026-04-12,15.866014479999999,100.587034,26.607916666666668
นครสวรรค์,หนองบัว,2026-04-13,15.86601448,100.587034,22.268
นครสวรรค์,หนองบัว,2026-04-29,15.86601448,100.587034,9.1
นครสวรรค์,หนองบัว,2026-04-30,15.866014479999999,100.587034,11.167083333333332
นครสวรรค์,เมือง,2026-04-01,15.666574,100.13692300000001,37.44347826086957
นครสวรรค์,เมือง,2026-04-02,15.666574000000002,100.13692299999998,33.46875
นครสวรรค์,เมือง,2026-04-03,15.666574000000002,100.13692299999998,28.189999999999998
นครสวรรค์,เมือง,2026-04-04,15.666574000000002,100.13692299999998,35.768750000000004
นครสวรรค์,เมือง,2026-04-05,15.666574000000002,100.13692299999998,41.09791666666667
นครสวรรค์,เมือง,2026-04-06,15.666574000000002,100.13692299999998,38.5725
นครสวรรค์,เมือง,2026-04-07,15.666574000000002,100.13692299999998,39.03458333333334
นครสวรรค์,เมือง,2026-04-08,15.666574000000002,100.13692299999998,42.138749999999995
นครสวรรค์,เมือง,2026-04-09,15.666574000000002,100.13692299999998,38.0325
นครสวรรค์,เมือง,2026-04-10,15.666574000000002,100.13692299999998,37.507083333333334
นครสวรรค์,เมือง,2026-04-11,15.666574000000002,100.13692299999998,48.88458333333333
นครสวรรค์,เมือง,2026-04-12,15.666574000000002,100.13692299999998,36.526666666666664
นครสวรรค์,เมือง,2026-04-13,15.666574000000002,100.13692299999998,34.82375
นครสวรรค์,เมือง,2026-04-14,15.666574000000002,100.13692299999998,41.509166666666665
นครสวรรค์,เมือง,2026-04-15,15.666574000000002,100.13692299999998,42.49041666666667
นครสวรรค์,เมือง,2026-04-16,15.666574000000002,100.13692299999998,38.388333333333335
นครสวรรค์,เมือง,2026-04-17,15.666574000000002,100.13692299999998,45.076249999999995
นครสวรรค์,เมือง,2026-04-18,15.666574000000002,100.13692299999998,46.419999999999995
นครสวรรค์,เมือง,2026-04-19,15.666574000000002,100.13692299999998,38.405833333333334
นครสวรรค์,เมือง,2026-04-20,15.666574000000002,100.13692299999998,32.441250000000004
นครสวรรค์,เมือง,2026-04-21,15.666574000000002,100.13692299999998,38.53458333333334
นครสวรรค์,เมือง,2026-04-22,15.666574000000002,100.13692299999998,39.74125
นครสวรรค์,เมือง,2026-04-23,15.666574000000002,100.13692299999998,33.54625
นครสวรรค์,เมือง,2026-04-24,15.666574000000002,100.136923,28.369999999999997
นครสวรรค์,เมือง,2026-04-25,15.666574000000002,100.136923,24.307368421052633
นครสวรรค์,เมือง,2026-04-26,15.666573999999999,100.13692300000001,30.231818181818184
นครสวรรค์,เมือง,2026-04-27,15.666574000000002,100.13692299999998,28.747500000000002
นครสวรรค์,เมือง,2026-04-28,15.666574000000002,100.13692299999998,16.830416666666668
นครสวรรค์,เมือง,2026-04-29,15.666574000000002,100.13692299999998,18.421666666666667
นครสวรรค์,เมือง,2026-04-30,15.666574000000002,100.13692299999998,17.528333333333332
นครสวรรค์,แม่เปิน,2026-04-23,15.67116826,99.45308604,1.12
นครสวรรค์,โกรกพระ,2026-04-01,15.56011284,100.0734294,47.24913043478261
นครสวรรค์,โกรกพระ,2026-04-02,15.560112839999999,100.0734294,38.444
นครสวรรค์,โกรกพระ,2026-04-03,15.560112840000002,100.0734294,32.36941176470588
นครสวรรค์,โกรกพระ,2026-04-04,15.56011284,100.0734294,54.76
นครสวรรค์,โกรกพระ,2026-04-05,15.56011284,100.0734294,36.97
นครสวรรค์,โกรกพระ,2026-04-06,15.560112839999999,100.0734294,101.476
นครสวรรค์,โกรกพระ,2026-04-07,15.56011284,100.0734294,56.25
นครสวรรค์,โกรกพระ,2026-04-08,15.56011284,100.0734294,73.09708333333333
นครสวรรค์,โกรกพระ,2026-04-09,15.56011284,100.0734294,48.611875
นครสวรรค์,โกรกพระ,2026-04-10,15.560112840000002,100.0734294,58.847647058823526
นครสวรรค์,โกรกพระ,2026-04-11,15.56011284,100.0734294,59.654736842105265
นครสวรรค์,โกรกพระ,2026-04-12,15.560112840000002,100.0734294,63.21764705882353
นครสวรรค์,โกรกพระ,2026-04-13,15.56011284,100.0734294,44.61181818181819
นครสวรรค์,โกรกพระ,2026-04-14,15.560112839999999,100.0734294,46.047000000000004
นครสวรรค์,โกรกพระ,2026-04-15,15.56011284,100.0734294,43.55857142857143
นครสวรรค์,โกรกพระ,2026-04-18,15.560112840000002,100.0734294,77.86
นครสวรรค์,โกรกพระ,2026-04-19,15.560112839999999,100.0734294,65.5115
นครสวรรค์,โกรกพระ,2026-04-20,15.56011284,100.0734294,41.156666666666666
นครสวรรค์,โกรกพระ,2026-04-21,15.56011284,100.0734294,52.376363636363635
นครสวรรค์,โกรกพระ,2026-04-22,15.56011284,100.0734294,64.276875
นครสวรรค์,โกรกพระ,2026-04-23,15.56011284,100.0734294,47.92444444444445
นครสวรรค์,โกรกพระ,2026-04-24,15.56011284,100.0734294,34.04
นครสวรรค์,ไพศาลี,2026-04-01,15.59625392,100.6438992,17.076666666666664
นครสวรรค์,ไพศาลี,2026-04-02,15.59625392,100.6438992,20.0395
นครสวรรค์,ไพศาลี,2026-04-03,15.596253920000002,100.64389920000002,22.33727272727273
นครสวรรค์,ไพศาลี,2026-04-04,15.59625392,100.6438992,22.779583333333335
นครสวรรค์,ไพศาลี,2026-04-05,15.59625392,100.6438992,21.485
นครสวรรค์,ไพศาลี,2026-04-06,15.59625392,100.6438992,27.956
นครสวรรค์,ไพศาลี,2026-04-07,15.596253920000002,100.6438992,25.42736842105263
นครสวรรค์,ไพศาลี,2026-04-08,15.59625392,100.6438992,27.7675
นครสวรรค์,ไพศาลี,2026-04-09,15.59625392,100.6438992,23.8675
นครสวรรค์,ไพศาลี,2026-04-10,15.59625392,100.6438992,26.822222222222223
นครสวรรค์,ไพศาลี,2026-04-11,15.59625392,100.6438992,21.442083333333333
นครสวรรค์,ไพศาลี,2026-04-12,15.596253920000002,100.64389920000002,18.581818181818182
นครสวรรค์,ไพศาลี,2026-04-13,15.596253920000002,100.64389920000002,19.77
นครสวรรค์,ไพศาลี,2026-04-14,15.59625392,100.6438992,26.67875
นครสวรรค์,ไพศาลี,2026-04-15,15.59625392,100.6438992,24.579565217391306
นครสวรรค์,ไพศาลี,2026-04-16,15.59625392,100.6438992,24.090416666666666
นครสวรรค์,ไพศาลี,2026-04-17,15.59625392,100.6438992,18.310000000000002
นครสวรรค์,ไพศาลี,2026-04-18,15.59625392,100.6438992,26.08823529411765
นครสวรรค์,ไพศาลี,2026-04-19,15.59625392,100.6438992,21.4
นครสวรรค์,ไพศาลี,2026-04-20,15.59625392,100.6438992,24.47625
นครสวรรค์,ไพศาลี,2026-04-21,15.59625392,100.6438992,14.386923076923077
นครสวรรค์,ไพศาลี,2026-04-29,15.59625392,100.6438992,9.892857142857142
นครสวรรค์,ไพศาลี,2026-04-30,15.59625392,100.6438992,10.298260869565217
นนทบุรี,บางบัวทอง,2026-04-01,13.954967857029486,100.43563079517219,30.001304347826085
นนทบุรี,บางบัวทอง,2026-04-02,13.954967857029486,100.4356307951722,25.433333333333334
นนทบุรี,บางบัวทอง,2026-04-03,13.954967857029486,100.4356307951722,27.251666666666665
นนทบุรี,บางบัวทอง,2026-04-04,13.954967857029486,100.4356307951722,37.25208333333333
นนทบุรี,บางบัวทอง,2026-04-05,13.954967857029486,100.4356307951722,40.239583333333336
นนทบุรี,บางบัวทอง,2026-04-06,13.954967857029486,100.4356307951722,37.895833333333336
นนทบุรี,บางบัวทอง,2026-04-07,13.954967857029486,100.4356307951722,38.13375
นนทบุรี,บางบัวทอง,2026-04-08,13.954967857029486,100.4356307951722,39.79541666666667
นนทบุรี,บางบัวทอง,2026-04-09,13.954967857029486,100.4356307951722,37.77125
นนทบุรี,บางบัวทอง,2026-04-10,13.954967857029486,100.4356307951722,30.51375
นนทบุรี,บางบัวทอง,2026-04-11,13.954967857029486,100.4356307951722,35.21666666666667
นนทบุรี,บางบัวทอง,2026-04-12,13.954967857029486,100.4356307951722,35.61625
นนทบุรี,บางบัวทอง,2026-04-13,13.954967857029486,100.4356307951722,32.29958333333334
นนทบุรี,บางบัวทอง,2026-04-14,13.954967857029486,100.4356307951722,36.05458333333333
นนทบุรี,บางบัวทอง,2026-04-15,13.954967857029486,100.4356307951722,33.55458333333333
นนทบุรี,บางบัวทอง,2026-04-16,13.954967857029486,100.4356307951722,33.94166666666667
นนทบุรี,บางบัวทอง,2026-04-17,13.954967857029486,100.4356307951722,32.37083333333333
นนทบุรี,บางบัวทอง,2026-04-18,13.954967857029486,100.4356307951722,32.326249999999995
นนทบุรี,บางบัวทอง,2026-04-19,13.954967857029486,100.4356307951722,30.995416666666667
นนทบุรี,บางบัวทอง,2026-04-20,13.954967857029486,100.4356307951722,27.599166666666665
นนทบุรี,บางบัวทอง,2026-04-21,13.954967857029486,100.4356307951722,31.055000000000003
นนทบุรี,บางบัวทอง,2026-04-22,13.954967857029486,100.4356307951722,36.38375
นนทบุรี,บางบัวทอง,2026-04-23,13.954967857029486,100.4356307951722,30.85875
นนทบุรี,บางบัวทอง,2026-04-24,13.954967857029486,100.4356307951722,25.780833333333334
นนทบุรี,บางบัวทอง,2026-04-25,13.954967857029486,100.4356307951722,23.395833333333332
นนทบุรี,บางบัวทอง,2026-04-26,13.954967857029486,100.4356307951722,28.127727272727274
นนทบุรี,บางบัวทอง,2026-04-27,13.954967857029486,100.4356307951722,21.975416666666664
นนทบุรี,บางบัวทอง,2026-04-28,13.954967857029486,100.4356307951722,18.88375
นนทบุรี,บางบัวทอง,2026-04-29,13.954967857029486,100.4356307951722,27.110416666666666
นนทบุรี,บางบัวทอง,2026-04-30,13.954967857029486,100.4356307951722,27.31041666666667
นนทบุรี,บางใหญ่,2026-04-01,13.867805370986666,100.41803017348148,21.82304347826087
นนทบุรี,บางใหญ่,2026-04-02,13.867805370986666,100.41803017348148,16.638333333333332
นนทบุรี,บางใหญ่,2026-04-03,13.867805370986666,100.41803017348148,18.98875
นนทบุรี,บางใหญ่,2026-04-04,13.867805370986666,100.41803017348148,29.10625
นนทบุรี,บางใหญ่,2026-04-05,13.867805370986666,100.41803017348148,32.794583333333335
นนทบุรี,บางใหญ่,2026-04-06,13.867805370986666,100.41803017348148,30.412499999999998
นนทบุรี,บางใหญ่,2026-04-07,13.867805370986666,100.41803017348148,30.52333333333333
นนทบุรี,บางใหญ่,2026-04-08,13.867805370986666,100.41803017348148,31.002916666666668
นนทบุรี,บางใหญ่,2026-04-09,13.867805370986666,100.41803017348148,28.150833333333335
นนทบุรี,บางใหญ่,2026-04-10,13.867805370986666,100.41803017348148,22.397916666666664
นนทบุรี,บางใหญ่,2026-04-11,13.867805370986666,100.41803017348148,25.417916666666667
นนทบุรี,บางใหญ่,2026-04-12,13.867805370986666,100.41803017348148,26.279583333333335
นนทบุรี,บางใหญ่,2026-04-13,13.867805370986666,100.41803017348148,21.689166666666665
นนทบุรี,บางใหญ่,2026-04-14,13.867805370986666,100.41803017348148,27.991666666666664
นนทบุรี,บางใหญ่,2026-04-15,13.867805370986666,100.41803017348148,24.310000000000002
นนทบุรี,บางใหญ่,2026-04-16,13.867805370986666,100.41803017348148,24.134583333333335
นนทบุรี,บางใหญ่,2026-04-17,13.867805370986666,100.41803017348148,23.453333333333333
นนทบุรี,บางใหญ่,2026-04-18,13.867805370986666,100.41803017348148,22.205416666666665
นนทบุรี,บางใหญ่,2026-04-19,13.867805370986666,100.41803017348148,20.664166666666667
นนทบุรี,บางใหญ่,2026-04-20,13.867805370986666,100.41803017348148,18.483333333333334
นนทบุรี,บางใหญ่,2026-04-21,13.867805370986666,100.41803017348148,21.74208333333333
นนทบุรี,บางใหญ่,2026-04-22,13.867805370986666,100.41803017348148,25.70875
นนทบุรี,บางใหญ่,2026-04-23,13.867805370986666,100.41803017348148,23.85230769230769
นนทบุรี,บางใหญ่,2026-04-24,13.867805370986666,100.41803017348148,10.0275
นนทบุรี,บางใหญ่,2026-04-25,13.867805370986666,100.41803017348148,12.48375
นนทบุรี,บางใหญ่,2026-04-26,13.867805370986666,100.41803017348148,17.92
นนทบุรี,บางใหญ่,2026-04-27,13.867805370986666,100.41803017348148,13.687916666666666
นนทบุรี,บางใหญ่,2026-04-28,13.867805370986666,100.41803017348148,10.372083333333334
นนทบุรี,บางใหญ่,2026-04-29,13.867805370986666,100.41803017348148,18.167083333333334
นนทบุรี,บางใหญ่,2026-04-30,13.867805370986666,100.41803017348148,16.327916666666667
นนทบุรี,ปากเกร็ด,2026-04-01,13.91717074379592,100.52080760244898,38.10024489795918
นนทบุรี,ปากเกร็ด,2026-04-02,13.918312428333333,100.52133567777777,31.01488425925926
นนทบุรี,ปากเกร็ด,2026-04-03,13.918088891797234,100.5203191953917,33.642649769585255
นนทบุรี,ปากเกร็ด,2026-04-04,13.917556632972973,100.52038503783783,43.87457207207208
นนทบุรี,ปากเกร็ด,2026-04-05,13.917528755695068,100.52051631569506,47.81663677130045
นนทบุรี,ปากเกร็ด,2026-04-06,13.917699771258581,100.51962257848972,44.93798627002289
นนทบุรี,ปากเกร็ด,2026-04-07,13.917593405789473,100.51980522105262,45.72730263157895
นนทบุรี,ปากเกร็ด,2026-04-08,13.917593405789473,100.51980522105262,46.301249999999996
นนทบุรี,ปากเกร็ด,2026-04-09,13.91788825232143,100.51972124285714,42.335111607142856
นนทบุรี,ปากเกร็ด,2026-04-10,13.917776145462755,100.52044819051919,35.98774266365688
นนทบุรี,ปากเกร็ด,2026-04-11,13.917662443547671,100.52004813037695,40.31277161862528
นนทบุรี,ปากเกร็ด,2026-04-12,13.917593405789473,100.51980522105262,40.338815789473685
นนทบุรี,ปากเกร็ด,2026-04-13,13.91792585020134,100.51971053422818,34.22653243847875
นนทบุรี,ปากเกร็ด,2026-04-14,13.917593405789473,100.51980522105262,43.00247807017544
นนทบุรี,ปากเกร็ด,2026-04-15,13.917593405789473,100.51980522105262,38.354035087719296
นนทบุรี,ปากเกร็ด,2026-04-16,13.917776459068737,100.51975308381375,38.99920177383592
นนทบุรี,ปากเกร็ด,2026-04-17,13.917593405789473,100.51980522105262,39.33736842105263
นนทบุรี,ปากเกร็ด,2026-04-18,13.9177659712,100.52017253066667,38.80153333333333
นนทบุรี,ปากเกร็ด,2026-04-19,13.918179113469387,100.52177964353741,35.95439909297052
นนทบุรี,ปากเกร็ด,2026-04-20,13.91796861631579,100.52248064210526,33.19453947368421
นนทบุรี,ปากเกร็ด,2026-04-21,13.91796861631579,100.52248064210526,39.02962719298245
นนทบุรี,ปากเกร็ด,2026-04-22,13.918043006696035,100.52247171101321,41.27438325991189
นนทบุรี,ปากเกร็ด,2026-04-23,13.918308615302013,100.5224398228188,37.10069351230425
นนทบุรี,ปากเกร็ด,2026-04-24,13.91807322206278,100.5225882618834,29.723295964125562
นนทบุรี,ปากเกร็ด,2026-04-25,13.917417585399567,100.5218269412527,31.85626349892009
นนทบุรี,ปากเกร็ด,2026-04-26,13.9173027355,100.52096946,36.707772727272726
นนทบุรี,ปากเกร็ด,2026-04-27,13.917336599248435,100.52096207265136,30.08167014613779
นนทบุรี,ปากเกร็ด,2026-04-28,13.917508061265824,100.52092466835444,21.95845991561181
นนทบุรี,ปากเกร็ด,2026-04-29,13.91747348008421,100.52093221221054,33.02905263157895
นนทบุรี,ปากเกร็ด,2026-04-30,13.9173027355,100.52096946,35.458729166666664
นนทบุรี,เมือง,2026-04-01,13.867841855333333,100.50420635266667,36.1344
นนทบุรี,เมือง,2026-04-02,13.86849721,100.50617643000001,29.785666666666668
นนทบุรี,เมือง,2026-04-03,13.86849721,100.50617643000001,33.602041666666665
นนทบุรี,เมือง,2026-04-04,13.86849721,100.50617643000001,46.20783333333333
นนทบุรี,เมือง,2026-04-05,13.868576849152541,100.50680364576272,51.23122881355932
นนทบุรี,เมือง,2026-04-06,13.868556687341773,100.50664485696203,47.26603375527426
นนทบุรี,เมือง,2026-04-07,13.86849721,100.50617643000001,47.809999999999995
นนทบุรี,เมือง,2026-04-08,13.86849721,100.50617643000001,49.415708333333335
นนทบุรี,เมือง,2026-04-09,13.86849721,100.50617643000001,43.657333333333334
นนทบุรี,เมือง,2026-04-10,13.86849721,100.50617643000001,35.852375
นนทบุรี,เมือง,2026-04-11,13.86849721,100.50617643000001,40.106375
นนทบุรี,เมือง,2026-04-12,13.86849721,100.50617643000001,41.861916666666666
นนทบุรี,เมือง,2026-04-13,13.868458084745763,100.5057288559322,33.664957627118646
นนทบุรี,เมือง,2026-04-14,13.86849721,100.50617643000001,44.95275
นนทบุรี,เมือง,2026-04-15,13.86849721,100.50617643000001,39.924625
นนทบุรี,เมือง,2026-04-16,13.86849721,100.50617643000001,40.558458333333334
นนทบุรี,เมือง,2026-04-17,13.86849721,100.50617643000001,39.95458333333333
นนทบุรี,เมือง,2026-04-18,13.86849721,100.50617643000001,38.204791666666665
นนทบุรี,เมือง,2026-04-19,13.868487551464435,100.50606594100418,35.25401673640167
นนทบุรี,เมือง,2026-04-20,13.86849721,100.50617643000001,32.70283333333334
นนทบุรี,เมือง,2026-04-21,13.86849721,100.50617643000001,38.02941666666666
นนทบุรี,เมือง,2026-04-22,13.86849721,100.50617643000001,41.669666666666664
นนทบุรี,เมือง,2026-04-23,13.86849721,100.50617643000001,36.35125
นนทบุรี,เมือง,2026-04-24,13.86849721,100.50617643000001,26.424833333333332
นนทบุรี,เมือง,2026-04-25,13.86849721,100.50617643000001,26.00404166666667
นนทบุรี,เมือง,2026-04-26,13.86849721,100.50617643,32.71409090909091
นนทบุรี,เมือง,2026-04-27,13.86849721,100.50617643000001,25.409041666666667
นนทบุรี,เมือง,2026-04-28,13.86849721,100.50617643000001,17.466291666666667
นนทบุรี,เมือง,2026-04-29,13.86849721,100.50617643000001,32.024791666666665
นนทบุรี,เมือง,2026-04-30,13.86849721,100.50617643000001,30.214
นนทบุรี,เมืองนนทบุรี,2026-04-01,13.858,100.5375,48.66692307692308
นนทบุรี,เมืองนนทบุรี,2026-04-02,13.857999999999999,100.53749999999998,39.76083333333333
นนทบุรี,เมืองนนทบุรี,2026-04-03,13.857999999999999,100.53749999999998,43.87375
นนทบุรี,เมืองนนทบุรี,2026-04-04,13.857999999999999,100.53749999999998,57.581250000000004
นนทบุรี,เมืองนนทบุรี,2026-04-05,13.857999999999999,100.53749999999998,63.50375
นนทบุรี,เมืองนนทบุรี,2026-04-06,13.857999999999999,100.53749999999998,58.90166666666667
นนทบุรี,เมืองนนทบุรี,2026-04-07,13.857999999999999,100.53749999999998,61.22833333333333
นนทบุรี,เมืองนนทบุรี,2026-04-08,13.857999999999999,100.53749999999998,60.47125
นนทบุรี,เมืองนนทบุรี,2026-04-09,13.857999999999999,100.53749999999998,55.58625
นนทบุรี,เมืองนนทบุรี,2026-04-10,13.853643945454545,100.53315152727272,46.236363636363635
นนทบุรี,เมืองนนทบุรี,2026-04-11,13.8500139,100.5295278,51.487291666666664
นนทบุรี,เมืองนนทบุรี,2026-04-12,13.8500139,100.5295278,53.79125
นนทบุรี,เมืองนนทบุรี,2026-04-13,13.8500139,100.5295278,42.756875
นนทบุรี,เมืองนนทบุรี,2026-04-14,13.8500139,100.5295278,56.84395833333334
นนทบุรี,เมืองนนทบุรี,2026-04-15,13.8500139,100.5295278,51.263958333333335
นนทบุรี,เมืองนนทบุรี,2026-04-16,13.8500139,100.5295278,51.27104166666667
นนทบุรี,เมืองนนทบุรี,2026-04-17,13.8500139,100.5295278,50.84916666666666
นนทบุรี,เมืองนนทบุรี,2026-04-18,13.8500139,100.5295278,49.261875
นนทบุรี,เมืองนนทบุรี,2026-04-19,13.8500139,100.5295278,44.923125
นนทบุรี,เมืองนนทบุรี,2026-04-20,13.8500139,100.5295278,41.993541666666665
นนทบุรี,เมืองนนทบุรี,2026-04-21,13.8500139,100.5295278,48.793125
นนทบุรี,เมืองนนทบุรี,2026-04-22,13.8500139,100.5295278,51.82354166666667
นนทบุรี,เมืองนนทบุรี,2026-04-23,13.8500139,100.5295278,45.99645833333333
นนทบุรี,เมืองนนทบุรี,2026-04-24,13.8500139,100.5295278,35.885625
นนทบุรี,เมืองนนทบุรี,2026-04-25,13.856771369230769,100.5362735076923,35.925384615384615
นนทบุรี,เมืองนนทบุรี,2026-04-26,13.858000000000002,100.5375,42.917272727272724
นนทบุรี,เมืองนนทบุรี,2026-04-27,13.857999999999999,100.53749999999998,34.63041666666667
นนทบุรี,เมืองนนทบุรี,2026-04-28,13.857999999999999,100.53749999999998,21.28291666666667
นนทบุรี,เมืองนนทบุรี,2026-04-29,13.857999999999999,100.53749999999998,40.80041666666667
นนทบุรี,เมืองนนทบุรี,2026-04-30,13.857999999999999,100.53749999999998,41.39791666666667
นราธิวาส,ตากใบ,2026-04-01,6.25774,102.0548,18.668695652173913
นราธิวาส,ตากใบ,2026-04-02,6.257740000000001,102.0548,19.370833333333334
นราธิวาส,ตากใบ,2026-04-03,6.257740000000001,102.0548,29.779583333333335
นราธิวาส,ตากใบ,2026-04-04,6.257740000000001,102.0548,28.500416666666666
นราธิวาส,ตากใบ,2026-04-05,6.257740000000001,102.0548,32.032916666666665
นราธิวาส,ตากใบ,2026-04-06,6.257740000000001,102.0548,38.94291666666667
นราธิวาส,ตากใบ,2026-04-07,6.257740000000001,102.0548,26.014583333333334
นราธิวาส,ตากใบ,2026-04-08,6.257740000000001,102.0548,20.875416666666666
นราธิวาส,ตากใบ,2026-04-09,6.257740000000001,102.0548,45.51625000000001
นราธิวาส,ตากใบ,2026-04-10,6.257740000000001,102.0548,17.8475
นราธิวาส,ตากใบ,2026-04-11,6.257740000000001,102.0548,28.374583333333334
นราธิวาส,ตากใบ,2026-04-12,6.257740000000001,102.0548,28.46166666666667
นราธิวาส,ตากใบ,2026-04-13,6.257740000000001,102.0548,35.695
นราธิวาส,ตากใบ,2026-04-14,6.257740000000001,102.0548,29.116249999999997
นราธิวาส,ตากใบ,2026-04-15,6.257740000000001,102.0548,57.86291666666667
นราธิวาส,ตากใบ,2026-04-16,6.257740000000001,102.0548,52.249583333333334
นราธิวาส,ตากใบ,2026-04-17,6.257740000000001,102.0548,34.413333333333334
นราธิวาส,ตากใบ,2026-04-18,6.257740000000001,102.0548,30.437083333333334
นราธิวาส,ตากใบ,2026-04-19,6.257740000000001,102.0548,37.723333333333336
นราธิวาส,ตากใบ,2026-04-20,6.257740000000001,102.0548,29.96166666666667
นราธิวาส,ตากใบ,2026-04-21,6.257740000000001,102.0548,51.21666666666667
นราธิวาส,ตากใบ,2026-04-22,6.257740000000001,102.0548,51.260416666666664
นราธิวาส,ตากใบ,2026-04-23,6.257740000000001,102.0548,86.70125
นราธิวาส,ตากใบ,2026-04-24,6.257740000000001,102.0548,44.3825
นราธิวาส,ตากใบ,2026-04-25,6.257740000000001,102.0548,34.22875
นราธิวาส,ตากใบ,2026-04-26,6.257739999999999,102.05480000000001,34.50863636363636
นราธิวาส,ตากใบ,2026-04-27,6.257740000000001,102.0548,54.41041666666666
นราธิวาส,ตากใบ,2026-04-28,6.257740000000001,102.0548,29.389166666666668
นราธิวาส,ตากใบ,2026-04-29,6.257740000000001,102.0548,54.97
นราธิวาส,ตากใบ,2026-04-30,6.257740000000001,102.0548,85.75291666666668
น่าน,ทุ่งช้าง,2026-04-06,19.5206378,100.9249478,63.593333333333334
น่าน,ทุ่งช้าง,2026-04-07,19.5206378,100.9249478,50.95705882352941
น่าน,ทุ่งช้าง,2026-04-08,19.5206378,100.9249478,53.508500000000005
น่าน,ทุ่งช้าง,2026-04-10,19.5206378,100.9249478,172.23333333333335
น่าน,ทุ่งช้าง,2026-04-11,19.5206378,100.9249478,150.43458333333334
น่าน,ทุ่งช้าง,2026-04-12,19.5206378,100.9249478,156.06958333333333
น่าน,ทุ่งช้าง,2026-04-13,19.5206378,100.9249478,231.01333333333332
น่าน,ทุ่งช้าง,2026-04-14,19.5206378,100.9249478,202.3970833333333
น่าน,ทุ่งช้าง,2026-04-15,19.5206378,100.9249478,181.46166666666667
น่าน,ทุ่งช้าง,2026-04-16,19.5206378,100.9249478,143.87375
น่าน,ทุ่งช้าง,2026-04-17,19.5206378,100.9249478,286.17833333333334
น่าน,ทุ่งช้าง,2026-04-18,19.5206378,100.9249478,314.3933333333333
น่าน,ทุ่งช้าง,2026-04-19,19.5206378,100.9249478,233.89916666666667
น่าน,ทุ่งช้าง,2026-04-20,19.5206378,100.9249478,156.13916666666668
น่าน,ทุ่งช้าง,2026-04-21,19.5206378,100.9249478,169.68291666666667
น่าน,ทุ่งช้าง,2026-04-22,19.5206378,100.9249478,118.1875
น่าน,ทุ่งช้าง,2026-04-23,19.5206378,100.9249478,65.7275
น่าน,ทุ่งช้าง,2026-04-24,19.5206378,100.9249478,67.81750000000001
น่าน,ทุ่งช้าง,2026-04-25,19.5206378,100.9249478,59.968333333333334
น่าน,ทุ่งช้าง,2026-04-26,19.5206378,100.9249478,41.172380952380955
น่าน,ทุ่งช้าง,2026-04-27,19.5206378,100.9249478,41.49875
น่าน,ทุ่งช้าง,2026-04-28,19.5206378,100.9249478,34.21333333333333
น่าน,ทุ่งช้าง,2026-04-29,19.5206378,100.9249478,27.959999999999997
น่าน,ทุ่งช้าง,2026-04-30,19.5206378,100.9249478,40.723333333333336
น่าน,นาน้อย,2026-04-21,18.3400774,100.7131756,43.72
น่าน,นาน้อย,2026-04-22,18.3400774,100.7131756,79.81555555555556
น่าน,นาน้อย,2026-04-23,18.3400774,100.7131756,86.96722222222223
น่าน,นาน้อย,2026-04-24,18.3400774,100.7131756,67.93125
น่าน,นาน้อย,2026-04-28,18.3400774,100.7131756,16.993333333333336
น่าน,นาน้อย,2026-04-29,18.3400774,100.7131756,26.959999999999997
น่าน,นาน้อย,2026-04-30,18.3400774,100.71317559999999,28.048461538461538
น่าน,นาหมื่น,2026-04-01,18.2114676,100.6604297,1501.8175
น่าน,นาหมื่น,2026-04-02,18.2114676,100.6604297,3066.9933333333333
น่าน,นาหมื่น,2026-04-03,18.2114676,100.6604297,1875.6825
น่าน,นาหมื่น,2026-04-04,18.2114676,100.6604297,91.20416666666667
น่าน,นาหมื่น,2026-04-05,18.2114676,100.6604297,104.01291666666667
น่าน,นาหมื่น,2026-04-06,18.2114676,100.6604297,88.48416666666667
น่าน,นาหมื่น,2026-04-07,18.2114676,100.6604297,108.00708333333334
น่าน,นาหมื่น,2026-04-08,18.2114676,100.6604297,91.74125
น่าน,นาหมื่น,2026-04-09,18.2114676,100.6604297,60.39125000000001
น่าน,นาหมื่น,2026-04-10,18.2114676,100.6604297,57.89124999999999
น่าน,นาหมื่น,2026-04-11,18.2114676,100.6604297,71.89958333333333
น่าน,นาหมื่น,2026-04-12,18.2114676,100.6604297,116.66375
น่าน,นาหมื่น,2026-04-13,18.2114676,100.6604297,110.3925
น่าน,นาหมื่น,2026-04-14,18.2114676,100.6604297,84.82375
น่าน,นาหมื่น,2026-04-15,18.2114676,100.6604297,99.57666666666667
น่าน,นาหมื่น,2026-04-16,18.2114676,100.6604297,95.09625
น่าน,นาหมื่น,2026-04-17,18.2114676,100.6604297,166.44708333333332
น่าน,นาหมื่น,2026-04-18,18.2114676,100.6604297,147.93916666666667
น่าน,นาหมื่น,2026-04-19,18.2114676,100.6604297,157.49708333333334
น่าน,นาหมื่น,2026-04-20,18.2114676,100.6604297,144.32958333333332
น่าน,นาหมื่น,2026-04-21,18.2114676,100.6604297,138.6275
น่าน,นาหมื่น,2026-04-22,18.2114676,100.6604297,179.99428571428572
น่าน,นาหมื่น,2026-04-28,18.2114676,100.6604297,23.002000000000002
น่าน,นาหมื่น,2026-04-29,18.2114676,100.6604297,29.098000000000003
น่าน,นาหมื่น,2026-04-30,18.2114676,100.6604297,30.687272727272727
น่าน,บ่อเกลือ,2026-04-04,19.1512734,101.1512259,126.4
น่าน,บ่อเกลือ,2026-04-05,19.1512734,101.1512259,93.388
น่าน,บ่อเกลือ,2026-04-06,19.1512734,101.1512259,69.46333333333332
น่าน,บ่อเกลือ,2026-04-07,19.1512734,101.1512259,54.370000000000005
น่าน,บ่อเกลือ,2026-04-22,19.1512734,101.1512259,46.0
น่าน,บ่อเกลือ,2026-04-23,19.1512734,101.1512259,14.175
น่าน,บ้านหลวง,2026-04-01,18.851955,100.436006,174.9725
น่าน,บ้านหลวง,2026-04-02,18.851955,100.436006,178.0225
น่าน,บ้านหลวง,2026-04-03,18.851955,100.436006,180.9675
น่าน,บ้านหลวง,2026-04-04,18.851955,100.436006,185.61083333333332
น่าน,บ้านหลวง,2026-04-14,18.851955,100.436006,139.5009090909091
น่าน,บ้านหลวง,2026-04-15,18.851955,100.436006,164.75458333333333
น่าน,บ้านหลวง,2026-04-16,18.851955,100.436006,195.83583333333334
น่าน,บ้านหลวง,2026-04-17,18.851955,100.436006,348.0025
น่าน,บ้านหลวง,2026-04-18,18.851955,100.436006,291.7075
น่าน,บ้านหลวง,2026-04-19,18.851955,100.436006,242.44916666666666
น่าน,บ้านหลวง,2026-04-20,18.851955,100.436006,169.97458333333333
น่าน,บ้านหลวง,2026-04-21,18.851955,100.436006,156.1175
น่าน,บ้านหลวง,2026-04-22,18.851955,100.436006,157.14000000000001
น่าน,บ้านหลวง,2026-04-23,18.85138772,100.43647488,137.97719999999998
น่าน,บ้านหลวง,2026-04-24,18.851955,100.436006,99.58083333333333
น่าน,บ้านหลวง,2026-04-25,18.851955,100.436006,64.06291666666667
น่าน,บ้านหลวง,2026-04-26,18.851955,100.436006,55.95363636363636
น่าน,บ้านหลวง,2026-04-27,18.851955,100.436006,48.768750000000004
น่าน,บ้านหลวง,2026-04-28,18.851955,100.436006,50.874583333333334
น่าน,บ้านหลวง,2026-04-29,18.851955,100.436006,38.885
น่าน,บ้านหลวง,2026-04-30,18.851955,100.436006,63.87416666666667
น่าน,ภูเพียง,2026-04-27,18.71074127018312,100.78207867115871,33.130833333333335
น่าน,ภูเพียง,2026-04-28,18.71074127018312,100.78207867115871,28.27416666666667
น่าน,ภูเพียง,2026-04-29,18.71074127018312,100.78207867115871,22.09166666666667
น่าน,ภูเพียง,2026-04-30,18.71074127018312,100.78207867115871,36.16041666666667
น่าน,เฉลิมพระเกียรติ,2026-04-26,19.59637250571473,101.08408217957079,24.084166666666665
น่าน,เฉลิมพระเกียรติ,2026-04-27,19.59637250571473,101.08408217957079,31.269375
น่าน,เฉลิมพระเกียรติ,2026-04-28,19.59637250571473,101.08408217957079,18.2525
น่าน,เฉลิมพระเกียรติ,2026-04-29,19.59637250571473,101.08408217957079,18.965625
น่าน,เฉลิมพระเกียรติ,2026-04-30,19.59637250571473,101.08408217957079,29.221458333333334
บึงกาฬ,บึงกาฬ,2026-04-01,18.3744016,103.64326529999998,92.44217391304348
บึงกาฬ,บึงกาฬ,2026-04-02,18.3744016,103.6432653,88.22375
บึงกาฬ,บึงกาฬ,2026-04-03,18.3744016,103.6432653,94.3925
บึงกาฬ,บึงกาฬ,2026-04-04,18.3744016,103.6432653,125.82416666666667
บึงกาฬ,บึงกาฬ,2026-04-05,18.3744016,103.6432653,126.15958333333333
บึงกาฬ,บึงกาฬ,2026-04-06,18.3744016,103.6432653,113.72666666666667
บึงกาฬ,บึงกาฬ,2026-04-07,18.3744016,103.6432653,115.31833333333333
บึงกาฬ,บึงกาฬ,2026-04-08,18.3744016,103.6432653,112.78041666666667
บึงกาฬ,บึงกาฬ,2026-04-09,18.3744016,103.6432653,107.99374999999999
บึงกาฬ,บึงกาฬ,2026-04-10,18.3744016,103.6432653,146.87166666666667
บึงกาฬ,บึงกาฬ,2026-04-11,18.3744016,103.6432653,156.23625
บึงกาฬ,บึงกาฬ,2026-04-12,18.3744016,103.6432653,159.49791666666667
บึงกาฬ,บึงกาฬ,2026-04-13,18.3744016,103.6432653,214.08333333333334
บึงกาฬ,บึงกาฬ,2026-04-14,18.3744016,103.6432653,189.13666666666666
บึงกาฬ,บึงกาฬ,2026-04-15,18.3744016,103.6432653,185.22833333333335
บึงกาฬ,บึงกาฬ,2026-04-16,18.3744016,103.6432653,193.13750000000002
บึงกาฬ,บึงกาฬ,2026-04-17,18.3744016,103.6432653,178.44458333333333
บึงกาฬ,บึงกาฬ,2026-04-18,18.3744016,103.6432653,71.71249999999999
บึงกาฬ,บึงกาฬ,2026-04-19,18.3744016,103.6432653,58.3725
บึงกาฬ,บึงกาฬ,2026-04-20,18.3744016,103.6432653,44.92916666666667
บึงกาฬ,บึงกาฬ,2026-04-21,18.3744016,103.6432653,47.46625
บึงกาฬ,บึงกาฬ,2026-04-22,18.3744016,103.6432653,60.155
บึงกาฬ,บึงกาฬ,2026-04-23,18.3744016,103.6432653,54.6
บึงกาฬ,บึงกาฬ,2026-04-24,18.3744016,103.6432653,21.339166666666667
บึงกาฬ,บึงกาฬ,2026-04-25,18.3744016,103.6432653,21.09375
บึงกาฬ,บึงกาฬ,2026-04-26,18.3744016,103.6432653,27.94090909090909
บึงกาฬ,บึงกาฬ,2026-04-27,18.3744016,103.6432653,32.94916666666666
บึงกาฬ,บึงกาฬ,2026-04-28,18.3744016,103.6432653,24.185000000000002
บึงกาฬ,บึงกาฬ,2026-04-29,18.3744016,103.6432653,20.589583333333334
บึงกาฬ,บึงกาฬ,2026-04-30,18.3744016,103.6432653,23.59875
บึงกาฬ,บึงโขงหลง,2026-04-01,17.96926,104.04348,44.10521739130434
บึงกาฬ,บึงโขงหลง,2026-04-02,17.96926,104.04348,44.041666666666664
บึงกาฬ,บึงโขงหลง,2026-04-03,17.96926,104.04348,47.364583333333336
บึงกาฬ,บึงโขงหลง,2026-04-04,17.96926,104.04348,46.20208333333333
บึงกาฬ,บึงโขงหลง,2026-04-05,17.96926,104.04348,45.8225
บึงกาฬ,บึงโขงหลง,2026-04-06,17.96926,104.04348,42.62833333333334
บึงกาฬ,บึงโขงหลง,2026-04-07,17.96926,104.04348,48.91416666666667
บึงกาฬ,บึงโขงหลง,2026-04-08,17.96926,104.04348,48.27041666666667
บึงกาฬ,บึงโขงหลง,2026-04-09,17.96926,104.04348,44.16375
บึงกาฬ,บึงโขงหลง,2026-04-10,17.96926,104.04348,43.62083333333334
บึงกาฬ,บึงโขงหลง,2026-04-11,17.96926,104.04348,47.555416666666666
บึงกาฬ,บึงโขงหลง,2026-04-12,17.96926,104.04348,45.48583333333334
บึงกาฬ,บึงโขงหลง,2026-04-13,17.96926,104.04348,49.70291666666666
บึงกาฬ,บึงโขงหลง,2026-04-14,17.96926,104.04348,44.89333333333334
บึงกาฬ,บึงโขงหลง,2026-04-15,17.96926,104.04348,53.18125
บึงกาฬ,บึงโขงหลง,2026-04-16,17.96926,104.04348,46.84625
บึงกาฬ,บึงโขงหลง,2026-04-17,17.96926,104.04348,40.675000000000004
บึงกาฬ,บึงโขงหลง,2026-04-18,17.96926,104.04348,31.799583333333334
บึงกาฬ,บึงโขงหลง,2026-04-19,17.96926,104.04348,32.54291666666666
บึงกาฬ,บึงโขงหลง,2026-04-20,17.96926,104.04348,32.73291666666667
บึงกาฬ,บึงโขงหลง,2026-04-21,17.96926,104.04348,33.08833333333333
บึงกาฬ,บึงโขงหลง,2026-04-22,17.96926,104.04348,37.28791666666667
บึงกาฬ,บึงโขงหลง,2026-04-23,17.96926,104.04348,35.760416666666664
บึงกาฬ,บึงโขงหลง,2026-04-24,17.96926,104.04348,5.172272727272728
บึงกาฬ,บึงโขงหลง,2026-04-25,17.96926,104.04348,4.385
บึงกาฬ,บึงโขงหลง,2026-04-26,17.96926,104.04348,9.783636363636363
บึงกาฬ,บึงโขงหลง,2026-04-27,17.96926,104.04348,20.74625
บึงกาฬ,บึงโขงหลง,2026-04-28,17.96926,104.04348,18.24833333333333
บึงกาฬ,บึงโขงหลง,2026-04-29,17.96926,104.04348,18.3125
บึงกาฬ,บึงโขงหลง,2026-04-30,17.96926,104.04348,16.334166666666665
บึงกาฬ,บุ่งคล้า,2026-04-01,18.279907,103.98698,100.79041666666666
บึงกาฬ,บุ่งคล้า,2026-04-02,18.279907,103.98698,96.13875
บึงกาฬ,บุ่งคล้า,2026-04-03,18.279907,103.98698,106.16666666666667
บึงกาฬ,บุ่งคล้า,2026-04-04,18.279907,103.98698,121.91458333333333
บึงกาฬ,บุ่งคล้า,2026-04-05,18.279907,103.98698,120.12833333333333
บึงกาฬ,บุ่งคล้า,2026-04-06,18.279907,103.98698,111.90500000000002
บึงกาฬ,บุ่งคล้า,2026-04-07,18.279907,103.98698,125.79541666666667
บึงกาฬ,บุ่งคล้า,2026-04-08,18.279907,103.98698,128.4075
บึงกาฬ,บุ่งคล้า,2026-04-09,18.279907,103.98698,104.85000000000001
บึงกาฬ,บุ่งคล้า,2026-04-10,18.279907,103.98697999999999,112.41
บึงกาฬ,บุ่งคล้า,2026-04-11,18.279907,103.98698,101.46666666666667
บึงกาฬ,บุ่งคล้า,2026-04-12,18.279907,103.98698,108.65882352941176
บึงกาฬ,บุ่งคล้า,2026-04-13,18.279907,103.98698,119.43473684210525
บึงกาฬ,บุ่งคล้า,2026-04-14,18.279907,103.98698,136.88904761904763
บึงกาฬ,บุ่งคล้า,2026-04-15,18.279907,103.98698,134.71166666666667
บึงกาฬ,บุ่งคล้า,2026-04-16,18.279907,103.98698,115.18909090909091
บึงกาฬ,บุ่งคล้า,2026-04-17,18.279907,103.98697999999999,113.703
บึงกาฬ,บุ่งคล้า,2026-04-18,18.279907,103.98698,65.45714285714287
บึงกาฬ,บุ่งคล้า,2026-04-19,18.279907,103.98698,76.04958333333333
บึงกาฬ,บุ่งคล้า,2026-04-20,18.279907,103.98698,62.469166666666666
บึงกาฬ,บุ่งคล้า,2026-04-21,18.279907,103.98698,58.0375
บึงกาฬ,บุ่งคล้า,2026-04-22,18.279907,103.98698,66.96166666666666
บึงกาฬ,บุ่งคล้า,2026-04-23,18.279907,103.98698,68.63333333333334
บึงกาฬ,บุ่งคล้า,2026-04-24,18.279907,103.98698,17.225416666666664
บึงกาฬ,บุ่งคล้า,2026-04-25,18.279907,103.98698,14.909166666666666
บึงกาฬ,บุ่งคล้า,2026-04-26,18.279907,103.98698,22.452142857142857
บึงกาฬ,บุ่งคล้า,2026-04-28,18.279907,103.98698,28.14818181818182
บึงกาฬ,บุ่งคล้า,2026-04-29,18.279907,103.98698,22.53125
บึงกาฬ,บุ่งคล้า,2026-04-30,18.279907,103.98698,24.48125
บึงกาฬ,ปากคาด,2026-04-01,18.2995208,103.31211999999998,80.36714285714287
บึงกาฬ,ปากคาด,2026-04-02,18.2995208,103.31212,83.98
บึงกาฬ,ปากคาด,2026-04-03,18.2995208,103.31212,80.81052631578946
บึงกาฬ,ปากคาด,2026-04-04,18.2995208,103.31212,103.04875
บึงกาฬ,ปากคาด,2026-04-05,18.2995208,103.31212,105.94583333333333
บึงกาฬ,ปากคาด,2026-04-06,18.2995208,103.31212,106.33083333333333
บึงกาฬ,ปากคาด,2026-04-07,18.2995208,103.31212,117.085
บึงกาฬ,ปากคาด,2026-04-08,18.2995208,103.31212,100.35333333333334
บึงกาฬ,ปากคาด,2026-04-09,18.2995208,103.31212,153.66458333333333
บึงกาฬ,ปากคาด,2026-04-10,18.2995208,103.31212,284.4078260869565
บึงกาฬ,ปากคาด,2026-04-11,18.2995208,103.31212,340.01666666666665
บึงกาฬ,ปากคาด,2026-04-12,18.2995208,103.31212,232.45125
บึงกาฬ,ปากคาด,2026-04-13,18.2995208,103.31212,156.42625
บึงกาฬ,ปากคาด,2026-04-14,18.2995208,103.31212,198.62708333333333
บึงกาฬ,ปากคาด,2026-04-15,18.2995208,103.31212,205.72708333333333
บึงกาฬ,ปากคาด,2026-04-16,18.2995208,103.31212,166.30458333333334
บึงกาฬ,ปากคาด,2026-04-17,18.2995208,103.31212,228.91863636363635
บึงกาฬ,ปากคาด,2026-04-18,18.2995208,103.31212,62.40375
บึงกาฬ,ปากคาด,2026-04-19,18.2995208,103.31212,62.36875
บึงกาฬ,ปากคาด,2026-04-20,18.2995208,103.31212,48.399166666666666
บึงกาฬ,ปากคาด,2026-04-21,18.2995208,103.31212,50.786249999999995
บึงกาฬ,ปากคาด,2026-04-22,18.2995208,103.31211999999998,66.23285714285714
บึงกาฬ,ปากคาด,2026-04-28,18.2995208,103.31211999999998,29.892142857142858
บึงกาฬ,ปากคาด,2026-04-29,18.2995208,103.31212,20.150000000000002
บึงกาฬ,ปากคาด,2026-04-30,18.2995208,103.31212,22.752916666666668
บึงกาฬ,พรเจริญ,2026-04-01,18.00889,103.707779,61.24521739130435
บึงกาฬ,พรเจริญ,2026-04-02,18.00889,103.707779,54.97333333333333
บึงกาฬ,พรเจริญ,2026-04-03,18.00889,103.707779,54.85708333333333
บึงกาฬ,พรเจริญ,2026-04-04,18.00889,103.707779,58.61041666666667
บึงกาฬ,พรเจริญ,2026-04-05,18.00889,103.707779,58.24333333333333
บึงกาฬ,พรเจริญ,2026-04-06,18.00889,103.707779,57.88999999999999
บึงกาฬ,พรเจริญ,2026-04-07,18.00889,103.707779,58.98875
บึงกาฬ,พรเจริญ,2026-04-08,18.00889,103.707779,55.159166666666664
บึงกาฬ,พรเจริญ,2026-04-09,18.00889,103.707779,49.38999999999999
บึงกาฬ,พรเจริญ,2026-04-10,18.00889,103.707779,52.27916666666667
บึงกาฬ,พรเจริญ,2026-04-11,18.00889,103.707779,49.35125
บึงกาฬ,พรเจริญ,2026-04-12,18.00889,103.707779,51.474583333333335
บึงกาฬ,พรเจริญ,2026-04-13,18.00889,103.707779,53.25083333333333
บึงกาฬ,พรเจริญ,2026-04-14,18.00889,103.707779,55.08291666666667
บึงกาฬ,พรเจริญ,2026-04-15,18.00889,103.707779,54.97333333333333
บึงกาฬ,พรเจริญ,2026-04-16,18.00889,103.707779,58.40208333333334
บึงกาฬ,พรเจริญ,2026-04-17,18.00889,103.707779,55.324999999999996
บึงกาฬ,พรเจริญ,2026-04-18,18.00889,103.707779,39.29708333333333
บึงกาฬ,พรเจริญ,2026-04-19,18.00889,103.707779,35.25625
บึงกาฬ,พรเจริญ,2026-04-20,18.00889,103.707779,33.34166666666667
บึงกาฬ,พรเจริญ,2026-04-21,18.00889,103.707779,42.03
บึงกาฬ,พรเจริญ,2026-04-22,18.00889,103.707779,36.8575
บึงกาฬ,พรเจริญ,2026-04-23,18.00889,103.707779,42.992000000000004
บึงกาฬ,พรเจริญ,2026-04-27,18.00889,103.70777900000002,30.59454545454545
บึงกาฬ,พรเจริญ,2026-04-28,18.00889,103.707779,18.584999999999997
บึงกาฬ,พรเจริญ,2026-04-29,18.00889,103.707779,14.28375
บึงกาฬ,พรเจริญ,2026-04-30,18.00889,103.707779,11.593333333333334
บึงกาฬ,ศรีวิไล,2026-04-01,18.114575,103.863976,67.11652173913043
บึงกาฬ,ศรีวิไล,2026-04-02,18.114575,103.863976,66.48
บึงกาฬ,ศรีวิไล,2026-04-03,18.114575,103.863976,76.75583333333333
บึงกาฬ,ศรีวิไล,2026-04-04,18.114575,103.863976,81.62958333333334
บึงกาฬ,ศรีวิไล,2026-04-05,18.114575,103.863976,78.65166666666667
บึงกาฬ,ศรีวิไล,2026-04-06,18.114575,103.863976,76.4375
บึงกาฬ,ศรีวิไล,2026-04-07,18.114575,103.863976,86.11166666666666
บึงกาฬ,ศรีวิไล,2026-04-08,18.114575,103.863976,85.59208333333333
บึงกาฬ,ศรีวิไล,2026-04-09,18.114575,103.863976,67.93374999999999
บึงกาฬ,ศรีวิไล,2026-04-10,18.114575,103.863976,69.44875
บึงกาฬ,ศรีวิไล,2026-04-11,18.114575,103.863976,70.80416666666666
บึงกาฬ,ศรีวิไล,2026-04-12,18.114575,103.863976,69.23458333333333
บึงกาฬ,ศรีวิไล,2026-04-13,18.114575,103.863976,75.49791666666667
บึงกาฬ,ศรีวิไล,2026-04-14,18.114575,103.863976,84.50478260869565
บึงกาฬ,ศรีวิไล,2026-04-15,18.114575,103.863976,78.77666666666667
บึงกาฬ,ศรีวิไล,2026-04-16,18.114575,103.863976,82.09791666666666
บึงกาฬ,ศรีวิไล,2026-04-17,18.114575,103.863976,78.44833333333334
บึงกาฬ,ศรีวิไล,2026-04-18,18.114575,103.863976,50.870000000000005
บึงกาฬ,ศรีวิไล,2026-04-19,18.114575,103.863976,45.79583333333333
บึงกาฬ,ศรีวิไล,2026-04-20,18.114575,103.863976,43.72333333333333
บึงกาฬ,ศรีวิไล,2026-04-21,18.114575,103.863976,45.27583333333333
บึงกาฬ,ศรีวิไล,2026-04-22,18.114575,103.863976,45.728125
บึงกาฬ,ศรีวิไล,2026-04-23,18.114575,103.863976,49.9575
บึงกาฬ,ศรีวิไล,2026-04-24,18.114575,103.863976,14.035000000000002
บึงกาฬ,ศรีวิไล,2026-04-25,18.114575,103.863976,14.174583333333333
บึงกาฬ,ศรีวิไล,2026-04-26,18.114575,103.863976,20.686875
บึงกาฬ,ศรีวิไล,2026-04-27,18.114575,103.863976,33.61958333333333
บึงกาฬ,ศรีวิไล,2026-04-28,18.114575,103.863976,24.298333333333332
บึงกาฬ,ศรีวิไล,2026-04-29,18.114575,103.863976,22.202272727272728
บึงกาฬ,ศรีวิไล,2026-04-30,18.114575,103.863976,22.10625
บึงกาฬ,เซกา,2026-04-01,17.938711,103.9476633,34.27125
บึงกาฬ,เซกา,2026-04-02,17.938711,103.9476633,32.82416666666666
บึงกาฬ,เซกา,2026-04-03,17.938711,103.9476633,36.21666666666667
บึงกาฬ,เซกา,2026-04-04,17.938711,103.9476633,37.40916666666667
บึงกาฬ,เซกา,2026-04-05,17.938711,103.9476633,37.122083333333336
บึงกาฬ,เซกา,2026-04-06,17.938711,103.9476633,35.14083333333333
บึงกาฬ,เซกา,2026-04-07,17.938711,103.9476633,42.767500000000005
บึงกาฬ,เซกา,2026-04-08,17.938711,103.9476633,41.482083333333335
บึงกาฬ,เซกา,2026-04-09,17.938711,103.9476633,37.087916666666665
บึงกาฬ,เซกา,2026-04-10,17.938711,103.9476633,37.56791666666667
บึงกาฬ,เซกา,2026-04-11,17.938711,103.9476633,39.79666666666667
บึงกาฬ,เซกา,2026-04-12,17.938711,103.9476633,36.00208333333333
บึงกาฬ,เซกา,2026-04-13,17.938711,103.9476633,38.13166666666667
บึงกาฬ,เซกา,2026-04-14,17.938711,103.9476633,37.649166666666666
บึงกาฬ,เซกา,2026-04-15,17.938711,103.9476633,34.88625
บึงกาฬ,เซกา,2026-04-16,17.938711,103.9476633,38.9425
บึงกาฬ,เซกา,2026-04-17,17.938711,103.9476633,31.50125
บึงกาฬ,เซกา,2026-04-18,17.938711,103.9476633,20.43166666666667
บึงกาฬ,เซกา,2026-04-19,17.938711,103.9476633,19.297916666666666
บึงกาฬ,เซกา,2026-04-20,17.938711,103.9476633,20.292916666666667
บึงกาฬ,เซกา,2026-04-21,17.938711,103.9476633,22.532916666666665
บึงกาฬ,เซกา,2026-04-22,17.938711,103.9476633,24.7975
บึงกาฬ,เซกา,2026-04-23,17.938711,103.9476633,24.379166666666666
บึงกาฬ,เซกา,2026-04-24,17.938711,103.9476633,9.364583333333334
บึงกาฬ,เซกา,2026-04-25,17.938711,103.9476633,11.683333333333332
บึงกาฬ,เซกา,2026-04-28,17.938711,103.94766329999999,13.386363636363637
บึงกาฬ,เซกา,2026-04-29,17.938711,103.9476633,11.937916666666666
บึงกาฬ,เซกา,2026-04-30,17.938711,103.9476633,12.207500000000001
บึงกาฬ,โซ่พิสัย,2026-04-01,18.081414,103.44796900000001,95.30521739130435
บึงกาฬ,โซ่พิสัย,2026-04-02,18.081414,103.447969,88.81083333333333
บึงกาฬ,โซ่พิสัย,2026-04-03,18.081414,103.447969,79.52458333333333
บึงกาฬ,โซ่พิสัย,2026-04-04,18.081414,103.447969,96.19833333333334
บึงกาฬ,โซ่พิสัย,2026-04-05,18.081414,103.447969,104.55458333333333
บึงกาฬ,โซ่พิสัย,2026-04-06,18.081414,103.447969,95.20041666666667
บึงกาฬ,โซ่พิสัย,2026-04-07,18.081414,103.447969,97.22250000000001
บึงกาฬ,โซ่พิสัย,2026-04-08,18.081414,103.447969,78.22375000000001
บึงกาฬ,โซ่พิสัย,2026-04-09,18.081414,103.447969,71.62541666666667
บึงกาฬ,โซ่พิสัย,2026-04-10,18.081414,103.447969,106.41541666666667
บึงกาฬ,โซ่พิสัย,2026-04-11,18.081414,103.447969,81.3925
บึงกาฬ,โซ่พิสัย,2026-04-12,18.081414,103.447969,73.19041666666666
บึงกาฬ,โซ่พิสัย,2026-04-13,18.081414,103.447969,87.9325
บึงกาฬ,โซ่พิสัย,2026-04-14,18.081414,103.447969,85.45916666666666
บึงกาฬ,โซ่พิสัย,2026-04-15,18.081414,103.447969,93.825
บึงกาฬ,โซ่พิสัย,2026-04-16,18.081414,103.447969,84.68708333333333
บึงกาฬ,โซ่พิสัย,2026-04-17,18.081414,103.447969,109.88458333333334
บึงกาฬ,โซ่พิสัย,2026-04-18,18.081414,103.447969,61.52458333333333
บึงกาฬ,โซ่พิสัย,2026-04-19,18.081414,103.447969,60.18666666666667
บึงกาฬ,โซ่พิสัย,2026-04-20,18.081414,103.447969,45.740833333333335
บึงกาฬ,โซ่พิสัย,2026-04-21,18.081414,103.447969,53.21333333333333
บึงกาฬ,โซ่พิสัย,2026-04-22,18.081414,103.447969,58.26916666666667
บึงกาฬ,โซ่พิสัย,2026-04-23,18.081414,103.447969,58.66583333333333
บึงกาฬ,โซ่พิสัย,2026-04-24,18.081414,103.447969,20.635833333333334
บึงกาฬ,โซ่พิสัย,2026-04-25,18.081414,103.447969,21.303749999999997
บึงกาฬ,โซ่พิสัย,2026-04-26,18.081414,103.447969,26.38409090909091
บึงกาฬ,โซ่พิสัย,2026-04-27,18.081414,103.447969,38.75958333333333
บึงกาฬ,โซ่พิสัย,2026-04-28,18.081414,103.447969,29.35291666666667
บึงกาฬ,โซ่พิสัย,2026-04-29,18.081414,103.447969,25.309583333333332
บึงกาฬ,โซ่พิสัย,2026-04-30,18.081414,103.447969,23.13625
บุรีรัมย์,โนนสุวรรณ,2026-04-01,14.555,102.58333000000002,24.40695652173913
บุรีรัมย์,โนนสุวรรณ,2026-04-02,14.555,102.58333,24.011666666666667
บุรีรัมย์,โนนสุวรรณ,2026-04-03,14.554999999999998,102.58333,28.252857142857142
บุรีรัมย์,โนนสุวรรณ,2026-04-06,14.555000000000001,102.58333,27.386000000000003
บุรีรัมย์,โนนสุวรรณ,2026-04-07,14.555,102.58333,27.925882352941176
บุรีรัมย์,โนนสุวรรณ,2026-04-09,14.554999999999998,102.58333,21.547857142857143
บุรีรัมย์,โนนสุวรรณ,2026-04-10,14.555,102.58333,22.27529411764706
บุรีรัมย์,โนนสุวรรณ,2026-04-11,14.555,102.58333000000002,25.96782608695652
บุรีรัมย์,โนนสุวรรณ,2026-04-16,14.555,102.58332999999999,16.311818181818182
บุรีรัมย์,โนนสุวรรณ,2026-04-17,14.555,102.58332999999999,21.457727272727272
บุรีรัมย์,โนนสุวรรณ,2026-04-18,14.555,102.58333,21.484166666666667
บุรีรัมย์,โนนสุวรรณ,2026-04-19,14.555,102.58333,22.13083333333333
บุรีรัมย์,โนนสุวรรณ,2026-04-20,14.555,102.58333,18.592916666666667
บุรีรัมย์,โนนสุวรรณ,2026-04-21,14.555,102.58333000000002,20.00913043478261
บุรีรัมย์,โนนสุวรรณ,2026-04-22,14.554999999999998,102.58333,25.786666666666665
บุรีรัมย์,โนนสุวรรณ,2026-04-23,14.555,102.58333,21.767916666666665
บุรีรัมย์,โนนสุวรรณ,2026-04-24,14.555,102.58333,19.701249999999998
บุรีรัมย์,โนนสุวรรณ,2026-04-25,14.555,102.58333,29.605833333333333
บุรีรัมย์,โนนสุวรรณ,2026-04-26,14.555,102.58332999999999,38.766363636363636
บุรีรัมย์,โนนสุวรรณ,2026-04-27,14.555,102.58333,31.06041666666667
บุรีรัมย์,โนนสุวรรณ,2026-04-28,14.555,102.58333000000002,21.198695652173914
บุรีรัมย์,โนนสุวรรณ,2026-04-29,14.555,102.58333,18.105
บุรีรัมย์,โนนสุวรรณ,2026-04-30,14.555,102.58333,20.468333333333334
ปทุมธานี,คลองหลวง,2026-04-08,14.07925851,100.6014276,47.2
ปทุมธานี,คลองหลวง,2026-04-17,14.07925851,100.6014276,40.010000000000005
ปทุมธานี,ธัญบุรี,2026-04-01,13.9941492,100.6031722,15.495217391304347
ปทุมธานี,ธัญบุรี,2026-04-02,13.9941492,100.6031722,10.358333333333333
ปทุมธานี,ธัญบุรี,2026-04-03,13.9941492,100.6031722,13.098333333333334
ปทุมธานี,ธัญบุรี,2026-04-04,13.9941492,100.6031722,20.516666666666666
ปทุมธานี,ธัญบุรี,2026-04-05,13.9941492,100.6031722,23.65041666666667
ปทุมธานี,ธัญบุรี,2026-04-06,13.9941492,100.6031722,21.605
ปทุมธานี,ธัญบุรี,2026-04-07,14.01540163195288,100.66994770799649,29.284848484848485
ปทุมธานี,ธัญบุรี,2026-04-08,14.033111991913614,100.72559396466022,29.620625
ปทุมธานี,ธัญบุรี,2026-04-09,14.033111991913614,100.72559396466022,26.60375
ปทุมธานี,ธัญบุรี,2026-04-10,14.033111991913614,100.72559396466022,22.713541666666668
ปทุมธานี,ธัญบุรี,2026-04-11,14.033111991913614,100.72559396466022,26.03
ปทุมธานี,ธัญบุรี,2026-04-12,14.033111991913614,100.72559396466022,24.715
ปทุมธานี,ธัญบุรี,2026-04-13,14.033111991913614,100.72559396466022,20.12125
ปทุมธานี,ธัญบุรี,2026-04-14,14.033111991913614,100.72559396466022,26.455624999999998
ปทุมธานี,ธัญบุรี,2026-04-15,14.033111991913614,100.72559396466022,29.234583333333333
ปทุมธานี,ธัญบุรี,2026-04-16,14.033111991913614,100.72559396466022,24.194374999999997
ปทุมธานี,ธัญบุรี,2026-04-17,14.033111991913614,100.72559396466022,25.17
ปทุมธานี,ธัญบุรี,2026-04-18,14.03867810504413,100.74308278818312,42.07595238095238
ปทุมธานี,ธัญบุรี,2026-04-19,14.033111991913614,100.72559396466022,20.805
ปทุมธานี,ธัญบุรี,2026-04-20,14.033111991913614,100.72559396466022,19.866458333333334
ปทุมธานี,ธัญบุรี,2026-04-21,14.033111991913614,100.72559396466022,25.918541666666666
ปทุมธานี,ธัญบุรี,2026-04-22,14.033940987486245,100.72819868305724,23.31276595744681
ปทุมธานี,ธัญบุรี,2026-04-23,14.033111991913614,100.72559396466022,18.379375
ปทุมธานี,ธัญบุรี,2026-04-24,14.033111991913614,100.72559396466022,16.158958333333334
ปทุมธานี,ธัญบุรี,2026-04-25,14.033111991913614,100.72559396466022,20.26
ปทุมธานี,ธัญบุรี,2026-04-26,14.047723038881221,100.7715021264078,27.4803125
ปทุมธานี,ธัญบุรี,2026-04-27,14.04915549446628,100.77600292657912,20.66794117647059
ปทุมธานี,ธัญบุรี,2026-04-28,14.033111991913614,100.72559396466022,10.9925
ปทุมธานี,ธัญบุรี,2026-04-29,14.033111991913614,100.72559396466022,16.791458333333335
ปทุมธานี,ธัญบุรี,2026-04-30,14.033111991913614,100.72559396466022,21.729583333333334
ปทุมธานี,ลำลูกกา,2026-04-01,13.946657578073099,100.69349178082139,30.741130434782608
ปทุมธานี,ลำลูกกา,2026-04-02,13.946657578073099,100.6934917808214,25.130499999999998
ปทุมธานี,ลำลูกกา,2026-04-03,13.946657578073099,100.6934917808214,30.757166666666667
ปทุมธานี,ลำลูกกา,2026-04-04,13.946657578073099,100.6934917808214,35.76233333333334
ปทุมธานี,ลำลูกกา,2026-04-05,13.946657578073099,100.6934917808214,38.393166666666666
ปทุมธานี,ลำลูกกา,2026-04-06,13.946657578073099,100.6934917808214,36.28008333333333
ปทุมธานี,ลำลูกกา,2026-04-07,13.946657578073099,100.6934917808214,40.73741666666667
ปทุมธานี,ลำลูกกา,2026-04-08,13.946657578073099,100.6934917808214,37.92366666666667
ปทุมธานี,ลำลูกกา,2026-04-09,13.946657578073099,100.6934917808214,34.030833333333334
ปทุมธานี,ลำลูกกา,2026-04-10,13.946657578073099,100.6934917808214,29.105916666666666
ปทุมธานี,ลำลูกกา,2026-04-11,13.946657578073099,100.6934917808214,30.721333333333334
ปทุมธานี,ลำลูกกา,2026-04-12,13.946657578073099,100.6934917808214,31.96925
ปทุมธานี,ลำลูกกา,2026-04-13,13.946657578073099,100.6934917808214,25.407666666666668
ปทุมธานี,ลำลูกกา,2026-04-14,13.946657578073099,100.6934917808214,32.579249999999995
ปทุมธานี,ลำลูกกา,2026-04-15,13.946657578073099,100.6934917808214,31.341416666666664
ปทุมธานี,ลำลูกกา,2026-04-16,13.946657578073099,100.6934917808214,30.408333333333335
ปทุมธานี,ลำลูกกา,2026-04-17,13.946657578073099,100.6934917808214,31.241333333333333
ปทุมธานี,ลำลูกกา,2026-04-18,13.946727416684508,100.69421107710652,34.135677966101696
ปทุมธานี,ลำลูกกา,2026-04-19,13.946657578073099,100.6934917808214,27.211583333333333
ปทุมธานี,ลำลูกกา,2026-04-20,13.946657578073099,100.6934917808214,28.517666666666667
ปทุมธานี,ลำลูกกา,2026-04-21,13.946657578073099,100.6934917808214,34.099333333333334
ปทุมธานี,ลำลูกกา,2026-04-22,13.946657578073099,100.6934917808214,31.641666666666666
ปทุมธานี,ลำลูกกา,2026-04-23,13.946657578073099,100.6934917808214,26.3785
ปทุมธานี,ลำลูกกา,2026-04-24,13.946657578073099,100.6934917808214,23.206500000000002
ปทุมธานี,ลำลูกกา,2026-04-25,13.946657578073099,100.6934917808214,28.22575
ปทุมธานี,ลำลูกกา,2026-04-26,13.946657578073099,100.6934917808214,31.49609090909091
ปทุมธานี,ลำลูกกา,2026-04-27,13.946657578073099,100.6934917808214,26.219916666666666
ปทุมธานี,ลำลูกกา,2026-04-28,13.946657578073099,100.6934917808214,14.815
ปทุมธานี,ลำลูกกา,2026-04-29,13.946657578073099,100.6934917808214,24.189
ปทุมธานี,ลำลูกกา,2026-04-30,13.946657578073099,100.6934917808214,32.655
ปทุมธานี,สามโคก,2026-04-01,14.05934558384881,100.53865840428217,27.21782608695652
ปทุมธานี,สามโคก,2026-04-02,14.05934558384881,100.53865840428217,22.108125
ปทุมธานี,สามโคก,2026-04-03,14.05934558384881,100.53865840428217,24.151875
ปทุมธานี,สามโคก,2026-04-04,14.05934558384881,100.53865840428217,33.705625
ปทุมธานี,สามโคก,2026-04-05,14.05934558384881,100.53865840428217,36.84458333333333
ปทุมธานี,สามโคก,2026-04-06,14.05934558384881,100.53865840428217,34.07375
ปทุมธานี,สามโคก,2026-04-07,14.05934558384881,100.53865840428217,36.11541666666667
ปทุมธานี,สามโคก,2026-04-08,14.05934558384881,100.53865840428217,35.66354166666667
ปทุมธานี,สามโคก,2026-04-09,14.05934558384881,100.53865840428217,34.17270833333333
ปทุมธานี,สามโคก,2026-04-10,14.05934558384881,100.53865840428217,27.34166666666667
ปทุมธานี,สามโคก,2026-04-11,14.05934558384881,100.53865840428217,31.438333333333333
ปทุมธานี,สามโคก,2026-04-12,14.05934558384881,100.53865840428217,31.51
ปทุมธานี,สามโคก,2026-04-13,14.05934558384881,100.53865840428217,25.559166666666666
ปทุมธานี,สามโคก,2026-04-14,14.05934558384881,100.53865840428217,31.702291666666667
ปทุมธานี,สามโคก,2026-04-15,14.05934558384881,100.53865840428217,28.043333333333333
ปทุมธานี,สามโคก,2026-04-16,14.05934558384881,100.53865840428217,29.49020833333333
ปทุมธานี,สามโคก,2026-04-17,14.05934558384881,100.53865840428217,29.313125
ปทุมธานี,สามโคก,2026-04-18,14.05934558384881,100.53865840428217,31.190625
ปทุมธานี,สามโคก,2026-04-19,14.05934558384881,100.53865840428217,27.429791666666663
ปทุมธานี,สามโคก,2026-04-20,14.05934558384881,100.53865840428217,22.805833333333336
ปทุมธานี,สามโคก,2026-04-21,14.05934558384881,100.53865840428217,30.08020833333333
ปทุมธานี,สามโคก,2026-04-22,14.05934558384881,100.53865840428217,30.550833333333333
ปทุมธานี,สามโคก,2026-04-23,14.05934558384881,100.53865840428217,26.614375
ปทุมธานี,สามโคก,2026-04-24,14.05934558384881,100.53865840428217,20.668333333333333
ปทุมธานี,สามโคก,2026-04-25,14.048134994845377,100.54037398251602,25.496764705882352
ปทุมธานี,สามโคก,2026-04-26,14.032119867697618,100.54282480856436,37.843636363636364
ปทุมธานี,สามโคก,2026-04-27,14.032119867697618,100.54282480856436,28.609583333333333
ปทุมธานี,สามโคก,2026-04-28,14.032119867697618,100.54282480856436,21.762083333333333
ปทุมธานี,สามโคก,2026-04-29,14.032119867697618,100.54282480856436,29.258333333333336
ปทุมธานี,สามโคก,2026-04-30,14.032119867697618,100.54282480856436,33.91166666666667
ปทุมธานี,หนองเสือ,2026-04-01,14.166756813610624,100.84541959308153,36.071304347826086
ปทุมธานี,หนองเสือ,2026-04-02,14.166756813610624,100.84541959308154,48.651250000000005
ปทุมธานี,หนองเสือ,2026-04-03,14.166756813610624,100.84541959308154,42.66166666666667
ปทุมธานี,หนองเสือ,2026-04-04,14.166756813610624,100.84541959308154,24.714166666666667
ปทุมธานี,หนองเสือ,2026-04-05,14.166756813610624,100.84541959308154,30.85666666666667
ปทุมธานี,หนองเสือ,2026-04-06,14.166756813610624,100.84541959308154,29.947083333333335
ปทุมธานี,หนองเสือ,2026-04-07,14.166756813610624,100.84541959308154,28.91875
ปทุมธานี,หนองเสือ,2026-04-08,14.166756813610624,100.84541959308154,32.361250000000005
ปทุมธานี,หนองเสือ,2026-04-09,14.166756813610624,100.84541959308154,47.04541666666666
ปทุมธานี,หนองเสือ,2026-04-10,14.166756813610624,100.84541959308154,61.165
ปทุมธานี,หนองเสือ,2026-04-11,14.166756813610624,100.84541959308154,32.89125
ปทุมธานี,หนองเสือ,2026-04-15,14.166756813610624,100.84541959308154,36.25125
ปทุมธานี,หนองเสือ,2026-04-16,14.166756813610624,100.84541959308154,53.92333333333334
ปทุมธานี,หนองเสือ,2026-04-17,14.166756813610624,100.84541959308154,70.74208333333333
ปทุมธานี,หนองเสือ,2026-04-18,14.166756813610624,100.84541959308154,39.52708333333333
ปทุมธานี,หนองเสือ,2026-04-19,14.166756813610624,100.84541959308154,32.802083333333336
ปทุมธานี,หนองเสือ,2026-04-20,14.166756813610624,100.84541959308154,29.58125
ปทุมธานี,หนองเสือ,2026-04-21,14.166756813610624,100.84541959308154,28.389166666666668
ปทุมธานี,หนองเสือ,2026-04-22,14.166756813610624,100.84541959308154,34.165263157894735
ปทุมธานี,หนองเสือ,2026-04-23,14.166756813610624,100.84541959308154,57.95
ปทุมธานี,หนองเสือ,2026-04-24,14.166756813610624,100.84541959308154,72.34875
ปทุมธานี,หนองเสือ,2026-04-25,14.166756813610624,100.84541959308154,21.281666666666666
ปทุมธานี,หนองเสือ,2026-04-26,14.166756813610624,100.84541959308154,28.315454545454543
ปทุมธานี,หนองเสือ,2026-04-27,14.166756813610624,100.84541959308154,46.43291666666667
ปทุมธานี,หนองเสือ,2026-04-28,14.166756813610624,100.84541959308154,54.17041666666666
ปทุมธานี,หนองเสือ,2026-04-29,14.166756813610624,100.84541959308154,55.01291666666666
ปทุมธานี,หนองเสือ,2026-04-30,14.166756813610624,100.84541959308154,54.27
ปทุมธานี,เมือง,2026-04-01,14.008813,100.51635385,14.866739130434782
ปทุมธานี,เมือง,2026-04-02,14.002158933333334,100.5119194,9.300833333333333
ปทุมธานี,เมือง,2026-04-03,13.9888508,100.50305050000001,1.8741666666666668
ปทุมธานี,เมือง,2026-04-04,13.9888508,100.50305050000001,3.775
ปทุมธานี,เมือง,2026-04-05,13.9888508,100.50305050000001,4.551666666666667
ปทุมธานี,เมือง,2026-04-06,13.9888508,100.50305050000001,3.4941666666666666
ปทุมธานี,เมือง,2026-04-07,13.998831899999999,100.509702175,12.236875
ปทุมธานี,เมือง,2026-04-08,14.008812999999998,100.51635385000002,19.933958333333333
ปทุมธานี,เมือง,2026-04-09,14.001771624684714,100.52931560320745,22.981971830985916
ปทุมธานี,เมือง,2026-04-10,14.001863230091411,100.52080535309949,15.111875
ปทุมธานี,เมือง,2026-04-11,13.9888508,100.50305050000001,3.5091666666666668
ปทุมธานี,เมือง,2026-04-12,13.9888508,100.50305050000001,4.05
ปทุมธานี,เมือง,2026-04-13,13.9888508,100.50305050000001,3.56
ปทุมธานี,เมือง,2026-04-14,13.9888508,100.50305050000001,4.253333333333333
ปทุมธานี,เมือง,2026-04-15,13.9888508,100.50305050000001,2.9466666666666668
ปทุมธานี,เมือง,2026-04-16,13.9888508,100.50305050000001,2.6
ปทุมธานี,เมือง,2026-04-17,13.9888508,100.50305050000001,2.52
ปทุมธานี,เมือง,2026-04-18,13.9888508,100.50305050000001,3.67375
ปทุมธานี,เมือง,2026-04-19,13.9888508,100.50305050000001,3.8674999999999997
ปทุมธานี,เมือง,2026-04-20,13.9888508,100.50305050000001,1.5575
ปทุมธานี,เมือง,2026-04-21,13.9888508,100.50305050000001,2.5741666666666667
ปทุมธานี,เมือง,2026-04-22,14.003559789473684,100.51285296842104,16.642105263157895
ปทุมธานี,เมือง,2026-04-23,14.008812999999998,100.51635385000002,15.584375
ปทุมธานี,เมือง,2026-04-24,14.00420633846154,100.51328384615385,9.77153846153846
ปทุมธานี,เมือง,2026-04-25,13.9888508,100.50305050000001,2.11
ปทุมธานี,เมือง,2026-04-26,13.9888508,100.50305049999999,2.740909090909091
ปทุมธานี,เมือง,2026-04-27,14.004820559999999,100.51369317999999,8.5315
ปทุมธานี,เมือง,2026-04-28,14.008812999999998,100.51635385000002,8.651458333333332
ปทุมธานี,เมือง,2026-04-29,14.008812999999998,100.51635385000002,12.163541666666667
ปทุมธานี,เมือง,2026-04-30,14.008812999999998,100.51635385000002,14.579583333333332
ประจวบคีรีขันธ์,กุยบุรี,2026-04-01,12.041773697013117,99.85396369543207,32.29913043478261
ประจวบคีรีขันธ์,กุยบุรี,2026-04-02,12.041773697013118,99.85396369543209,28.59958333333333
ประจวบคีรีขันธ์,กุยบุรี,2026-04-03,12.041773697013118,99.85396369543209,28.13625
ประจวบคีรีขันธ์,กุยบุรี,2026-04-04,12.041773697013118,99.85396369543209,37.355
ประจวบคีรีขันธ์,กุยบุรี,2026-04-05,12.041773697013118,99.85396369543209,36.931666666666665
ประจวบคีรีขันธ์,กุยบุรี,2026-04-06,12.041773697013118,99.85396369543209,33.57125
ประจวบคีรีขันธ์,กุยบุรี,2026-04-07,12.041773697013118,99.85396369543209,32.729166666666664
ประจวบคีรีขันธ์,กุยบุรี,2026-04-08,12.041773697013118,99.85396369543209,35.48291666666667
ประจวบคีรีขันธ์,กุยบุรี,2026-04-09,12.041773697013118,99.85396369543209,35.52333333333333
ประจวบคีรีขันธ์,กุยบุรี,2026-04-10,12.041773697013118,99.85396369543209,30.919166666666666
ประจวบคีรีขันธ์,กุยบุรี,2026-04-11,12.041773697013118,99.85396369543209,25.317083333333333
ประจวบคีรีขันธ์,กุยบุรี,2026-04-12,12.041773697013118,99.85396369543209,27.63625
ประจวบคีรีขันธ์,กุยบุรี,2026-04-13,12.041773697013118,99.85396369543209,31.778333333333332
ประจวบคีรีขันธ์,กุยบุรี,2026-04-14,12.041773697013118,99.85396369543209,36.083333333333336
ประจวบคีรีขันธ์,กุยบุรี,2026-04-15,12.041773697013118,99.85396369543209,39.89625
ประจวบคีรีขันธ์,กุยบุรี,2026-04-16,12.041773697013118,99.85396369543209,35.44083333333334
ประจวบคีรีขันธ์,กุยบุรี,2026-04-17,12.041773697013118,99.85396369543209,39.99708333333333
ประจวบคีรีขันธ์,กุยบุรี,2026-04-18,12.041773697013118,99.85396369543209,34.0
ประจวบคีรีขันธ์,กุยบุรี,2026-04-19,12.041773697013118,99.85396369543209,33.437916666666666
ประจวบคีรีขันธ์,กุยบุรี,2026-04-20,12.041773697013118,99.85396369543209,31.985833333333332
ประจวบคีรีขันธ์,กุยบุรี,2026-04-21,12.041773697013118,99.85396369543209,30.542083333333334
ประจวบคีรีขันธ์,กุยบุรี,2026-04-22,12.041773697013118,99.85396369543209,33.75125
ประจวบคีรีขันธ์,กุยบุรี,2026-04-23,12.041773697013118,99.85396369543209,33.81875
ประจวบคีรีขันธ์,กุยบุรี,2026-04-24,12.041773697013118,99.85396369543209,23.56958333333333
ประจวบคีรีขันธ์,กุยบุรี,2026-04-25,12.041773697013118,99.85396369543209,21.207083333333333
ประจวบคีรีขันธ์,กุยบุรี,2026-04-26,12.041773697013117,99.85396369543209,19.26409090909091
ประจวบคีรีขันธ์,กุยบุรี,2026-04-27,12.041773697013118,99.85396369543209,15.275416666666667
ประจวบคีรีขันธ์,กุยบุรี,2026-04-28,12.041773697013118,99.85396369543209,9.513333333333334
ประจวบคีรีขันธ์,กุยบุรี,2026-04-29,12.041773697013118,99.85396369543209,23.854166666666668
ประจวบคีรีขันธ์,กุยบุรี,2026-04-30,12.041773697013118,99.85396369543209,20.508750000000003
ประจวบคีรีขันธ์,เมือง,2026-04-01,11.80779,99.79744000000001,30.35217391304348
ประจวบคีรีขันธ์,เมือง,2026-04-02,11.807790000000002,99.79744,25.08791666666667
ประจวบคีรีขันธ์,เมือง,2026-04-03,11.807790000000002,99.79744,25.922916666666666
ประจวบคีรีขันธ์,เมือง,2026-04-04,11.807790000000002,99.79744,33.736666666666665
ประจวบคีรีขันธ์,เมือง,2026-04-05,11.807790000000002,99.79744,32.31583333333334
ประจวบคีรีขันธ์,เมือง,2026-04-06,11.807790000000002,99.79744,28.97458333333333
ประจวบคีรีขันธ์,เมือง,2026-04-07,11.807790000000002,99.79744,25.986666666666665
ประจวบคีรีขันธ์,เมือง,2026-04-08,11.807790000000002,99.79744,32.12083333333333
ประจวบคีรีขันธ์,เมือง,2026-04-09,11.807790000000002,99.79744,34.02
ประจวบคีรีขันธ์,เมือง,2026-04-10,11.807790000000002,99.79744,26.051666666666666
ประจวบคีรีขันธ์,เมือง,2026-04-11,11.807790000000002,99.79744,18.89125
ประจวบคีรีขันธ์,เมือง,2026-04-12,11.807790000000002,99.79744,29.076666666666668
ประจวบคีรีขันธ์,เมือง,2026-04-13,11.807790000000002,99.79744,31.057916666666667
ประจวบคีรีขันธ์,เมือง,2026-04-14,11.807790000000002,99.79744,42.231249999999996
ประจวบคีรีขันธ์,เมือง,2026-04-15,11.807790000000002,99.79744,48.59833333333333
ประจวบคีรีขันธ์,เมือง,2026-04-16,11.807790000000002,99.79744,39.50125
ประจวบคีรีขันธ์,เมือง,2026-04-17,11.807790000000002,99.79744,33.71
ประจวบคีรีขันธ์,เมือง,2026-04-18,11.807790000000002,99.79744,33.07
ประจวบคีรีขันธ์,เมือง,2026-04-19,11.807790000000002,99.79744,30.874166666666667
ประจวบคีรีขันธ์,เมือง,2026-04-20,11.807790000000002,99.79744,29.826666666666668
ประจวบคีรีขันธ์,เมือง,2026-04-21,11.807790000000002,99.79744,30.245416666666667
ประจวบคีรีขันธ์,เมือง,2026-04-22,11.807790000000002,99.79744,35.32958333333333
ประจวบคีรีขันธ์,เมือง,2026-04-23,11.807790000000002,99.79744,31.61375
ประจวบคีรีขันธ์,เมือง,2026-04-24,11.807790000000002,99.79744,20.719583333333333
ประจวบคีรีขันธ์,เมือง,2026-04-25,11.807790000000002,99.79744,16.203333333333333
ประจวบคีรีขันธ์,เมือง,2026-04-26,11.80779,99.79744,17.313636363636363
ประจวบคีรีขันธ์,เมือง,2026-04-27,11.807790000000002,99.79744,12.050416666666665
ประจวบคีรีขันธ์,เมือง,2026-04-28,11.807790000000002,99.79744,7.966666666666666
ประจวบคีรีขันธ์,เมือง,2026-04-29,11.807790000000002,99.79744,26.41541666666667
ประจวบคีรีขันธ์,เมือง,2026-04-30,11.807790000000002,99.79744,16.006666666666664
ปัตตานี,ยะหริ่ง,2026-04-01,6.856039,101.378205,17.97478260869565
ปัตตานี,ยะหริ่ง,2026-04-02,6.856039,101.378205,22.08875
ปัตตานี,ยะหริ่ง,2026-04-03,6.856039,101.378205,28.281739130434783
ปัตตานี,ยะหริ่ง,2026-04-04,6.856039,101.378205,39.14833333333333
ปัตตานี,ยะหริ่ง,2026-04-05,6.856039,101.378205,59.78041666666667
ปัตตานี,ยะหริ่ง,2026-04-06,6.856039,101.378205,40.73875
ปัตตานี,ยะหริ่ง,2026-04-07,6.856039,101.378205,19.145833333333332
ปัตตานี,ยะหริ่ง,2026-04-08,6.856039,101.378205,21.950416666666666
ปัตตานี,ยะหริ่ง,2026-04-09,6.856039,101.378205,26.902083333333334
ปัตตานี,ยะหริ่ง,2026-04-10,6.856039,101.378205,14.699583333333335
ปัตตานี,ยะหริ่ง,2026-04-11,6.856039,101.378205,28.341250000000002
ปัตตานี,ยะหริ่ง,2026-04-12,6.856039,101.378205,30.36791666666667
ปัตตานี,ยะหริ่ง,2026-04-13,6.856039,101.378205,24.68958333333333
ปัตตานี,ยะหริ่ง,2026-04-14,6.856039,101.378205,28.890416666666667
ปัตตานี,ยะหริ่ง,2026-04-15,6.856039,101.378205,22.097916666666666
ปัตตานี,ยะหริ่ง,2026-04-16,6.856039,101.378205,27.749583333333334
ปัตตานี,ยะหริ่ง,2026-04-17,6.856039,101.378205,31.792083333333334
ปัตตานี,ยะหริ่ง,2026-04-18,6.856039,101.378205,22.612083333333334
ปัตตานี,ยะหริ่ง,2026-04-19,6.856039,101.378205,22.6425
ปัตตานี,ยะหริ่ง,2026-04-20,6.856039,101.378205,19.582916666666666
ปัตตานี,ยะหริ่ง,2026-04-21,6.856039,101.378205,31.643333333333334
ปัตตานี,ยะหริ่ง,2026-04-22,6.856039,101.378205,26.335416666666664
ปัตตานี,ยะหริ่ง,2026-04-23,6.856039,101.378205,32.00875
ปัตตานี,ยะหริ่ง,2026-04-24,6.856039,101.378205,34.13916666666667
ปัตตานี,ยะหริ่ง,2026-04-25,6.856039,101.378205,28.419583333333335
ปัตตานี,ยะหริ่ง,2026-04-26,6.856038999999999,101.378205,13.906818181818181
ปัตตานี,ยะหริ่ง,2026-04-27,6.856039,101.378205,38.67375
ปัตตานี,ยะหริ่ง,2026-04-28,6.856039,101.378205,21.86125
ปัตตานี,ยะหริ่ง,2026-04-29,6.856039,101.378205,27.20375
ปัตตานี,ยะหริ่ง,2026-04-30,6.856039,101.378205,19.797916666666666
ปัตตานี,สายบุรี,2026-04-01,6.695419508125889,101.61960302622,21.34913043478261
ปัตตานี,สายบุรี,2026-04-02,6.69541950812589,101.61960302621999,20.49625
ปัตตานี,สายบุรี,2026-04-03,6.69541950812589,101.61960302621999,27.54875
ปัตตานี,สายบุรี,2026-04-04,6.69541950812589,101.61960302621999,32.65208333333333
ปัตตานี,สายบุรี,2026-04-05,6.69541950812589,101.61960302621999,37.28625
ปัตตานี,สายบุรี,2026-04-06,6.69541950812589,101.61960302621999,35.312916666666666
ปัตตานี,สายบุรี,2026-04-07,6.69541950812589,101.61960302621999,23.90833333333333
ปัตตานี,สายบุรี,2026-04-08,6.69541950812589,101.61960302621999,22.738333333333333
ปัตตานี,สายบุรี,2026-04-09,6.69541950812589,101.61960302621999,27.75375
ปัตตานี,สายบุรี,2026-04-10,6.69541950812589,101.61960302621999,14.852500000000001
ปัตตานี,สายบุรี,2026-04-11,6.69541950812589,101.61960302621999,29.587500000000002
ปัตตานี,สายบุรี,2026-04-12,6.69541950812589,101.61960302621999,27.7375
ปัตตานี,สายบุรี,2026-04-13,6.69541950812589,101.61960302621999,30.142916666666665
ปัตตานี,สายบุรี,2026-04-14,6.69541950812589,101.61960302621999,24.51125
ปัตตานี,สายบุรี,2026-04-15,6.69541950812589,101.61960302621999,26.105833333333333
ปัตตานี,สายบุรี,2026-04-16,6.69541950812589,101.61960302621999,27.745
ปัตตานี,สายบุรี,2026-04-17,6.69541950812589,101.61960302621999,33.4325
ปัตตานี,สายบุรี,2026-04-18,6.69541950812589,101.61960302621999,26.632499999999997
ปัตตานี,สายบุรี,2026-04-19,6.69541950812589,101.61960302621999,18.668333333333333
ปัตตานี,สายบุรี,2026-04-20,6.69541950812589,101.61960302621999,17.518333333333334
ปัตตานี,สายบุรี,2026-04-21,6.69541950812589,101.61960302621999,24.76625
ปัตตานี,สายบุรี,2026-04-22,6.69541950812589,101.61960302621999,29.107499999999998
ปัตตานี,สายบุรี,2026-04-23,6.69541950812589,101.61960302621999,31.370416666666667
ปัตตานี,สายบุรี,2026-04-24,6.69541950812589,101.61960302621999,43.07041666666667
ปัตตานี,สายบุรี,2026-04-25,6.69541950812589,101.61960302621999,26.3175
ปัตตานี,สายบุรี,2026-04-26,6.695419508125891,101.61960302622,19.018181818181816
ปัตตานี,สายบุรี,2026-04-27,6.69541950812589,101.61960302621999,17.27
ปัตตานี,สายบุรี,2026-04-28,6.69541950812589,101.61960302621999,24.783749999999998
ปัตตานี,สายบุรี,2026-04-29,6.69541950812589,101.61960302621999,21.034583333333334
ปัตตานี,สายบุรี,2026-04-30,6.69541950812589,101.61960302621999,19.3525
ปัตตานี,เมือง,2026-04-01,6.8662582,101.2509223,31.12291666666667
ปัตตานี,เมือง,2026-04-02,6.8662582,101.2509223,33.76625
ปัตตานี,เมือง,2026-04-03,6.8662582,101.2509223,46.95541666666667
ปัตตานี,เมือง,2026-04-04,6.8662582,101.2509223,57.196666666666665
ปัตตานี,เมือง,2026-04-05,6.8662582,101.2509223,65.36541666666666
ปัตตานี,เมือง,2026-04-06,6.8662582,101.2509223,55.01166666666666
ปัตตานี,เมือง,2026-04-07,6.8662582,101.2509223,33.354166666666664
ปัตตานี,เมือง,2026-04-08,6.8662582,101.2509223,33.65208333333333
ปัตตานี,เมือง,2026-04-09,6.8662582,101.2509223,37.638333333333335
ปัตตานี,เมือง,2026-04-10,6.8662582,101.2509223,25.638749999999998
ปัตตานี,เมือง,2026-04-11,6.8662582,101.2509223,44.88999999999999
ปัตตานี,เมือง,2026-04-12,6.8662582,101.2509223,40.94041666666667
ปัตตานี,เมือง,2026-04-13,6.8662582,101.2509223,38.526666666666664
ปัตตานี,เมือง,2026-04-14,6.8662582,101.2509223,41.8925
ปัตตานี,เมือง,2026-04-15,6.866258199999999,101.2509223,36.78130434782609
ปัตตานี,เมือง,2026-04-16,6.8662582,101.2509223,42.287083333333335
ปัตตานี,เมือง,2026-04-17,6.8662582,101.2509223,65.25125
ปัตตานี,เมือง,2026-04-18,6.8662582,101.2509223,36.34375
ปัตตานี,เมือง,2026-04-19,6.8662582,101.2509223,37.135416666666664
ปัตตานี,เมือง,2026-04-20,6.8662582,101.2509223,33.33083333333334
ปัตตานี,เมือง,2026-04-21,6.8662582,101.2509223,39.82333333333333
ปัตตานี,เมือง,2026-04-22,6.8662582,101.2509223,45.017500000000005
ปัตตานี,เมือง,2026-04-23,6.8662582,101.2509223,51.245000000000005
ปัตตานี,เมือง,2026-04-24,6.8662582,101.2509223,53.390416666666674
ปัตตานี,เมือง,2026-04-25,6.8662582,101.2509223,49.80625
ปัตตานี,เมือง,2026-04-26,6.8662582,101.2509223,35.94055555555556
ปัตตานี,เมือง,2026-04-27,6.8662582,101.2509223,29.967916666666667
ปัตตานี,เมือง,2026-04-28,6.866258199999999,101.2509223,37.703913043478266
ปัตตานี,เมือง,2026-04-29,6.8662582,101.2509223,39.70041666666666
ปัตตานี,เมือง,2026-04-30,6.866258199999999,101.2509223,37.92260869565217
พระนครศรีอยุธยา,นครหลวง,2026-04-01,14.460480099999998,100.59734950000002,31.85739130434783
พระนครศรีอยุธยา,นครหลวง,2026-04-02,14.4604801,100.5973495,30.395416666666666
พระนครศรีอยุธยา,นครหลวง,2026-04-03,14.4604801,100.5973495,32.56375
พระนครศรีอยุธยา,นครหลวง,2026-04-04,14.4604801,100.5973495,36.73791666666667
พระนครศรีอยุธยา,นครหลวง,2026-04-05,14.4604801,100.5973495,41.04666666666667
พระนครศรีอยุธยา,นครหลวง,2026-04-06,14.4604801,100.5973495,43.89333333333334
พระนครศรีอยุธยา,นครหลวง,2026-04-07,14.4604801,100.5973495,42.24041666666667
พระนครศรีอยุธยา,นครหลวง,2026-04-08,14.4604801,100.5973495,42.09916666666667
พระนครศรีอยุธยา,นครหลวง,2026-04-09,14.4604801,100.5973495,38.95583333333333
พระนครศรีอยุธยา,นครหลวง,2026-04-10,14.4604801,100.5973495,33.59583333333333
พระนครศรีอยุธยา,นครหลวง,2026-04-11,14.4604801,100.5973495,36.08166666666667
พระนครศรีอยุธยา,นครหลวง,2026-04-12,14.4604801,100.5973495,35.11708333333333
พระนครศรีอยุธยา,นครหลวง,2026-04-13,14.4604801,100.5973495,36.73166666666666
พระนครศรีอยุธยา,นครหลวง,2026-04-14,14.4604801,100.5973495,38.42
พระนครศรีอยุธยา,นครหลวง,2026-04-15,14.4604801,100.5973495,39.05583333333333
พระนครศรีอยุธยา,นครหลวง,2026-04-16,14.4604801,100.5973495,34.44708333333333
พระนครศรีอยุธยา,นครหลวง,2026-04-17,14.4604801,100.5973495,34.095416666666665
พระนครศรีอยุธยา,นครหลวง,2026-04-18,14.4604801,100.5973495,38.74458333333333
พระนครศรีอยุธยา,นครหลวง,2026-04-19,14.4604801,100.5973495,35.979166666666664
พระนครศรีอยุธยา,นครหลวง,2026-04-20,14.4604801,100.5973495,32.43958333333333
พระนครศรีอยุธยา,นครหลวง,2026-04-21,14.4604801,100.5973495,37.67916666666667
พระนครศรีอยุธยา,นครหลวง,2026-04-22,14.4604801,100.5973495,36.13333333333333
พระนครศรีอยุธยา,นครหลวง,2026-04-23,14.4604801,100.5973495,31.474999999999998
พระนครศรีอยุธยา,นครหลวง,2026-04-24,14.4604801,100.5973495,29.367499999999996
พระนครศรีอยุธยา,นครหลวง,2026-04-25,14.4604801,100.5973495,22.457083333333333
พระนครศรีอยุธยา,นครหลวง,2026-04-26,14.4604801,100.5973495,32.255
พระนครศรีอยุธยา,นครหลวง,2026-04-27,14.4604801,100.5973495,31.379583333333333
พระนครศรีอยุธยา,นครหลวง,2026-04-28,14.4604801,100.5973495,23.635416666666668
พระนครศรีอยุธยา,นครหลวง,2026-04-29,14.4604801,100.5973495,27.980416666666667
พระนครศรีอยุธยา,นครหลวง,2026-04-30,14.4604801,100.5973495,26.84375
พระนครศรีอยุธยา,บางปะอิน,2026-04-01,14.175798494529204,100.60405317595465,35.9020652173913
พระนครศรีอยุธยา,บางปะอิน,2026-04-02,14.175798494529204,100.60405317595463,31.90822916666667
พระนครศรีอยุธยา,บางปะอิน,2026-04-03,14.175798494529204,100.60405317595463,33.322604166666665
พระนครศรีอยุธยา,บางปะอิน,2026-04-04,14.175798494529204,100.60405317595463,41.43458333333333
พระนครศรีอยุธยา,บางปะอิน,2026-04-05,14.175798494529204,100.60405317595463,45.029374999999995
พระนครศรีอยุธยา,บางปะอิน,2026-04-06,14.175798494529204,100.60405317595463,42.54177083333334
พระนครศรีอยุธยา,บางปะอิน,2026-04-07,14.175798494529204,100.60405317595463,46.606875
พระนครศรีอยุธยา,บางปะอิน,2026-04-08,14.175798494529204,100.60405317595463,45.34677083333333
พระนครศรีอยุธยา,บางปะอิน,2026-04-09,14.175798494529204,100.60405317595463,44.1978125
พระนครศรีอยุธยา,บางปะอิน,2026-04-10,14.175798494529204,100.60405317595463,36.146458333333335
พระนครศรีอยุธยา,บางปะอิน,2026-04-11,14.175798494529204,100.60405317595463,42.932500000000005
พระนครศรีอยุธยา,บางปะอิน,2026-04-12,14.175798494529204,100.60405317595463,39.79052083333333
พระนครศรีอยุธยา,บางปะอิน,2026-04-13,14.175798494529204,100.60405317595463,35.126875
พระนครศรีอยุธยา,บางปะอิน,2026-04-14,14.175798494529204,100.60405317595463,42.067708333333336
พระนครศรีอยุธยา,บางปะอิน,2026-04-15,14.175798494529204,100.60405317595463,36.490520833333335
พระนครศรีอยุธยา,บางปะอิน,2026-04-16,14.175798494529204,100.60405317595463,37.89572916666667
พระนครศรีอยุธยา,บางปะอิน,2026-04-17,14.175798494529204,100.60405317595463,37.65979166666667
พระนครศรีอยุธยา,บางปะอิน,2026-04-18,14.175798494529204,100.60405317595463,43.8134375
พระนครศรีอยุธยา,บางปะอิน,2026-04-19,14.175798494529204,100.60405317595463,38.067812499999995
พระนครศรีอยุธยา,บางปะอิน,2026-04-20,14.159053296543119,100.60054150318412,34.90276422764228
พระนครศรีอยุธยา,บางปะอิน,2026-04-21,14.148882329686137,100.59888545063642,39.18451388888889
พระนครศรีอยุธยา,บางปะอิน,2026-04-22,14.146976110534311,100.59956217779747,37.217214285714284
พระนครศรีอยุธยา,บางปะอิน,2026-04-23,14.147942644188758,100.59921904853272,33.19119718309859
พระนครศรีอยุธยา,บางปะอิน,2026-04-24,14.148882329686137,100.59888545063642,30.367986111111108
พระนครศรีอยุธยา,บางปะอิน,2026-04-25,14.148882329686137,100.59888545063642,37.75145833333333
พระนครศรีอยุธยา,บางปะอิน,2026-04-26,14.148882329686137,100.59888545063643,49.18318181818182
พระนครศรีอยุธยา,บางปะอิน,2026-04-27,14.148882329686137,100.59888545063642,30.788541666666667
พระนครศรีอยุธยา,บางปะอิน,2026-04-28,14.148882329686137,100.59888545063642,21.849722222222223
พระนครศรีอยุธยา,บางปะอิน,2026-04-29,14.148882329686137,100.59888545063642,28.165833333333335
พระนครศรีอยุธยา,บางปะอิน,2026-04-30,14.14746280478584,100.59938939639464,35.22617021276596
พระนครศรีอยุธยา,พระนครศรีอยุธยา,2026-04-01,14.364028,100.588778,29.632608695652173
พระนครศรีอยุธยา,พระนครศรีอยุธยา,2026-04-02,14.364028,100.588778,27.019583333333333
พระนครศรีอยุธยา,พระนครศรีอยุธยา,2026-04-03,14.364028,100.588778,27.935000000000002
พระนครศรีอยุธยา,พระนครศรีอยุธยา,2026-04-04,14.364028,100.588778,35.15875
พระนครศรีอยุธยา,พระนครศรีอยุธยา,2026-04-05,14.364028,100.588778,39.6675
พระนครศรีอยุธยา,พระนครศรีอยุธยา,2026-04-06,14.364028,100.588778,39.724583333333335
พระนครศรีอยุธยา,พระนครศรีอยุธยา,2026-04-07,14.364028,100.588778,39.68083333333333
พระนครศรีอยุธยา,พระนครศรีอยุธยา,2026-04-08,14.364028,100.588778,39.041666666666664
พระนครศรีอยุธยา,พระนครศรีอยุธยา,2026-04-09,14.364028,100.588778,36.48625
พระนครศรีอยุธยา,พระนครศรีอยุธยา,2026-04-10,14.364028,100.588778,30.35291666666667
พระนครศรีอยุธยา,พระนครศรีอยุธยา,2026-04-11,14.364028,100.588778,34.10875
พระนครศรีอยุธยา,พระนครศรีอยุธยา,2026-04-12,14.364028,100.588778,33.49375
พระนครศรีอยุธยา,พระนครศรีอยุธยา,2026-04-13,14.364028,100.588778,31.9425
พระนครศรีอยุธยา,พระนครศรีอยุธยา,2026-04-14,14.364028,100.588778,34.04833333333333
พระนครศรีอยุธยา,พระนครศรีอยุธยา,2026-04-15,14.364028,100.588778,35.61083333333333
พระนครศรีอยุธยา,พระนครศรีอยุธยา,2026-04-16,14.364028,100.588778,30.60291666666667
พระนครศรีอยุธยา,พระนครศรีอยุธยา,2026-04-17,14.364028,100.588778,30.818749999999998
พระนครศรีอยุธยา,พระนครศรีอยุธยา,2026-04-18,14.364028,100.588778,38.11304347826087
พระนครศรีอยุธยา,พระนครศรีอยุธยา,2026-04-19,14.364027999999998,100.588778,34.46636363636364
พระนครศรีอยุธยา,พระนครศรีอยุธยา,2026-04-20,14.364028,100.588778,30.672916666666666
พระนครศรีอยุธยา,พระนครศรีอยุธยา,2026-04-21,14.364028,100.588778,36.087916666666665
พระนครศรีอยุธยา,พระนครศรีอยุธยา,2026-04-22,14.364028,100.588778,35.24333333333333
พระนครศรีอยุธยา,พระนครศรีอยุธยา,2026-04-23,14.364028,100.588778,27.605416666666667
พระนครศรีอยุธยา,พระนครศรีอยุธยา,2026-04-24,14.364028,100.588778,23.34
พระนครศรีอยุธยา,พระนครศรีอยุธยา,2026-04-25,14.364028,100.588778,24.6775
พระนครศรีอยุธยา,พระนครศรีอยุธยา,2026-04-26,14.364027999999998,100.588778,36.57272727272727
พระนครศรีอยุธยา,พระนครศรีอยุธยา,2026-04-27,14.364028,100.588778,28.141666666666666
พระนครศรีอยุธยา,พระนครศรีอยุธยา,2026-04-28,14.364028,100.588778,19.789166666666667
พระนครศรีอยุธยา,พระนครศรีอยุธยา,2026-04-29,14.364028,100.588778,27.12782608695652
พระนครศรีอยุธยา,พระนครศรีอยุธยา,2026-04-30,14.364028,100.588778,36.57875
พระนครศรีอยุธยา,ลาดบัวหลวง,2026-04-01,14.166255055524404,100.31946061740771,40.463478260869564
พระนครศรีอยุธยา,ลาดบัวหลวง,2026-04-02,14.166255055524404,100.31946061740773,40.23666666666667
พระนครศรีอยุธยา,ลาดบัวหลวง,2026-04-03,14.166255055524404,100.31946061740773,35.004583333333336
พระนครศรีอยุธยา,ลาดบัวหลวง,2026-04-04,14.166255055524404,100.31946061740773,41.49458333333333
พระนครศรีอยุธยา,ลาดบัวหลวง,2026-04-05,14.166255055524404,100.31946061740773,49.421666666666674
พระนครศรีอยุธยา,ลาดบัวหลวง,2026-04-06,14.166255055524404,100.31946061740773,46.007083333333334
พระนครศรีอยุธยา,ลาดบัวหลวง,2026-04-07,14.166255055524404,100.31946061740773,55.99875
พระนครศรีอยุธยา,ลาดบัวหลวง,2026-04-08,14.166255055524404,100.31946061740773,53.272083333333335
พระนครศรีอยุธยา,ลาดบัวหลวง,2026-04-09,14.166255055524404,100.31946061740773,49.12
พระนครศรีอยุธยา,ลาดบัวหลวง,2026-04-10,14.166255055524404,100.31946061740773,41.981249999999996
พระนครศรีอยุธยา,ลาดบัวหลวง,2026-04-11,14.166255055524404,100.31946061740773,48.75375
พระนครศรีอยุธยา,ลาดบัวหลวง,2026-04-12,14.166255055524404,100.31946061740773,48.445
พระนครศรีอยุธยา,ลาดบัวหลวง,2026-04-13,14.166255055524404,100.31946061740773,39.625
พระนครศรีอยุธยา,ลาดบัวหลวง,2026-04-14,14.166255055524404,100.31946061740773,46.46083333333333
พระนครศรีอยุธยา,ลาดบัวหลวง,2026-04-15,14.166255055524404,100.31946061740773,46.91166666666666
พระนครศรีอยุธยา,ลาดบัวหลวง,2026-04-16,14.166255055524404,100.31946061740773,39.16166666666667
พระนครศรีอยุธยา,ลาดบัวหลวง,2026-04-17,14.166255055524404,100.31946061740773,40.38708333333333
พระนครศรีอยุธยา,ลาดบัวหลวง,2026-04-18,14.166255055524404,100.31946061740773,47.25333333333333
พระนครศรีอยุธยา,ลาดบัวหลวง,2026-04-19,14.166255055524404,100.31946061740773,40.162083333333335
พระนครศรีอยุธยา,ลาดบัวหลวง,2026-04-20,14.166255055524404,100.31946061740773,33.86291666666667
พระนครศรีอยุธยา,ลาดบัวหลวง,2026-04-21,14.166255055524404,100.31946061740773,45.552083333333336
พระนครศรีอยุธยา,ลาดบัวหลวง,2026-04-22,14.166255055524404,100.31946061740773,44.7925
พระนครศรีอยุธยา,ลาดบัวหลวง,2026-04-23,14.166255055524404,100.31946061740773,36.80291666666667
พระนครศรีอยุธยา,ลาดบัวหลวง,2026-04-24,14.166255055524404,100.31946061740773,34.71541666666666
พระนครศรีอยุธยา,ลาดบัวหลวง,2026-04-25,14.166255055524404,100.31946061740773,47.84625
พระนครศรีอยุธยา,ลาดบัวหลวง,2026-04-26,14.166255055524404,100.3194606174077,74.54818181818182
พระนครศรีอยุธยา,ลาดบัวหลวง,2026-04-27,14.166255055524404,100.31946061740773,30.465
พระนครศรีอยุธยา,ลาดบัวหลวง,2026-04-28,14.166255055524404,100.31946061740773,23.109583333333333
พระนครศรีอยุธยา,ลาดบัวหลวง,2026-04-29,14.166255055524404,100.31946061740773,34.65625
พระนครศรีอยุธยา,ลาดบัวหลวง,2026-04-30,14.166255055524404,100.31946061740773,34.98791666666667
พระนครศรีอยุธยา,วังน้อย,2026-04-01,14.264380500000001,100.6948585,6.412608695652175
พระนครศรีอยุธยา,วังน้อย,2026-04-02,14.2643805,100.6948585,7.172916666666667
พระนครศรีอยุธยา,วังน้อย,2026-04-03,14.2643805,100.6948585,5.2004166666666665
พระนครศรีอยุธยา,วังน้อย,2026-04-04,14.2643805,100.6948585,9.976666666666667
พระนครศรีอยุธยา,วังน้อย,2026-04-05,14.2643805,100.6948585,13.325000000000001
พระนครศรีอยุธยา,วังน้อย,2026-04-06,14.2643805,100.6948585,15.770416666666668
พระนครศรีอยุธยา,วังน้อย,2026-04-07,14.2643805,100.6948585,16.60625
พระนครศรีอยุธยา,วังน้อย,2026-04-08,14.2643805,100.6948585,13.002916666666666
พระนครศรีอยุธยา,วังน้อย,2026-04-09,14.2643805,100.6948585,12.6775
พระนครศรีอยุธยา,วังน้อย,2026-04-10,14.2643805,100.6948585,6.617083333333333
พระนครศรีอยุธยา,วังน้อย,2026-04-11,14.2643805,100.6948585,8.5525
พระนครศรีอยุธยา,วังน้อย,2026-04-12,14.2643805,100.6948585,7.809583333333333
พระนครศรีอยุธยา,วังน้อย,2026-04-13,14.2643805,100.6948585,8.672500000000001
พระนครศรีอยุธยา,วังน้อย,2026-04-14,14.2643805,100.6948585,9.632083333333332
พระนครศรีอยุธยา,วังน้อย,2026-04-15,14.2643805,100.6948585,6.68625
พระนครศรีอยุธยา,วังน้อย,2026-04-16,14.2643805,100.6948585,6.204583333333333
พระนครศรีอยุธยา,วังน้อย,2026-04-17,14.2643805,100.6948585,8.633333333333333
พระนครศรีอยุธยา,วังน้อย,2026-04-18,14.2643805,100.6948585,10.585833333333333
พระนครศรีอยุธยา,วังน้อย,2026-04-19,14.2643805,100.6948585,8.016666666666667
พระนครศรีอยุธยา,วังน้อย,2026-04-20,14.2643805,100.6948585,6.62125
พระนครศรีอยุธยา,วังน้อย,2026-04-21,14.2643805,100.6948585,7.423333333333333
พระนครศรีอยุธยา,วังน้อย,2026-04-22,14.2643805,100.6948585,5.284583333333333
พระนครศรีอยุธยา,วังน้อย,2026-04-23,14.2643805,100.6948585,3.8504166666666664
พระนครศรีอยุธยา,วังน้อย,2026-04-24,14.2643805,100.6948585,3.32375
พระนครศรีอยุธยา,วังน้อย,2026-04-25,14.2643805,100.6948585,6.93625
พระนครศรีอยุธยา,วังน้อย,2026-04-26,14.2643805,100.6948585,12.181818181818182
พระนครศรีอยุธยา,วังน้อย,2026-04-27,14.2643805,100.6948585,5.848333333333334
พระนครศรีอยุธยา,วังน้อย,2026-04-28,14.2643805,100.6948585,2.9645833333333336
พระนครศรีอยุธยา,วังน้อย,2026-04-29,14.2643805,100.6948585,3.6495833333333336
พระนครศรีอยุธยา,วังน้อย,2026-04-30,14.2643805,100.6948585,3.0854166666666667
พะเยา,จุน,2026-04-01,19.492047061023122,100.10652614192065,203.46125
พะเยา,จุน,2026-04-02,19.489019783740325,100.10707757170798,211.17896551724135
พะเยา,จุน,2026-04-03,19.492933839217073,100.10636461198295,166.71818181818182
พะเยา,จุน,2026-04-04,19.521310741423473,100.10119565397656,177.64874999999998
พะเยา,จุน,2026-04-05,19.521310741423473,100.10119565397656,163.70666666666668
พะเยา,จุน,2026-04-06,19.521310741423473,100.10119565397656,137.4625
พะเยา,จุน,2026-04-07,19.492933839217073,100.10636461198295,123.35969696969697
พะเยา,จุน,2026-04-08,19.497815886908494,100.10547532888508,83.03806451612903
พะเยา,จุน,2026-04-09,19.492933839217073,100.10636461198295,90.04393939393938
พะเยา,จุน,2026-04-10,19.521310741423473,100.10119565397656,82.9175
พะเยา,จุน,2026-04-11,19.521310741423473,100.10119565397656,62.538333333333334
พะเยา,จุน,2026-04-12,19.521310741423473,100.10119565397656,63.18625
พะเยา,จุน,2026-04-13,19.521310741423473,100.10119565397656,115.51083333333334
พะเยา,จุน,2026-04-14,19.521310741423473,100.10119565397656,88.24416666666667
พะเยา,จุน,2026-04-15,19.521310741423473,100.10119565397656,74.50333333333333
พะเยา,จุน,2026-04-16,19.521310741423473,100.10119565397656,114.90583333333332
พะเยา,จุน,2026-04-17,19.492933839217073,100.10636461198295,127.4878787878788
พะเยา,จุน,2026-04-18,19.521310741423473,100.10119565397656,134.59708333333333
พะเยา,จุน,2026-04-19,19.521310741423473,100.10119565397656,99.15208333333334
พะเยา,จุน,2026-04-20,19.492933839217073,100.10636461198295,103.84545454545454
พะเยา,จุน,2026-04-21,19.492933839217073,100.10636461198295,101.31333333333333
พะเยา,จุน,2026-04-22,19.521310741423473,100.10119565397656,87.12166666666667
พะเยา,จุน,2026-04-23,19.521310741423473,100.10119565397656,64.79166666666667
พะเยา,จุน,2026-04-24,19.521310741423473,100.10119565397656,56.637499999999996
พะเยา,จุน,2026-04-25,19.458919696067568,100.11578484555979,35.80942857142857
พะเยา,จุน,2026-04-26,19.422052260175445,100.12440573149533,31.682380952380953
พะเยา,จุน,2026-04-27,19.405931804888496,100.12625452731824,28.922542372881356
พะเยา,จุน,2026-04-28,19.403245426597483,100.12602102974331,23.573521126760564
พะเยา,จุน,2026-04-29,19.417040120417962,100.12377890605552,23.92264705882353
พะเยา,จุน,2026-04-30,19.422052260175445,100.12440573149532,31.743333333333336
พะเยา,ดอกคำใต้,2026-04-01,19.190438139174148,100.0102537329101,172.7507692307692
พะเยา,ดอกคำใต้,2026-04-02,19.188882142971078,100.00871407427996,166.60625
พะเยา,ดอกคำใต้,2026-04-03,19.189604569779647,100.00942891578681,132.71642857142857
พะเยา,ดอกคำใต้,2026-04-04,19.188140764703064,100.00814356828391,161.91281690140843
พะเยา,ดอกคำใต้,2026-04-05,19.188882142971078,100.00871407427996,150.48319444444442
พะเยา,ดอกคำใต้,2026-04-06,19.188882142971078,100.00871407427996,116.70555555555555
พะเยา,ดอกคำใต้,2026-04-07,19.191180773725616,100.0109885699836,120.79469696969697
พะเยา,ดอกคำใต้,2026-04-08,19.20000751582304,100.01972263348549,95.1018
พะเยา,ดอกคำใต้,2026-04-09,19.200750583397564,100.02045789903539,97.93816326530613
พะเยา,ดอกคำใต้,2026-04-10,19.198607119240272,100.01833694071836,103.62942307692308
พะเยา,ดอกคำใต้,2026-04-11,19.189238268862628,100.00906646093827,103.6038028169014
พะเยา,ดอกคำใต้,2026-04-12,19.1907690786651,100.01058119761876,105.52611940298507
พะเยา,ดอกคำใต้,2026-04-13,19.1929603588259,100.01274946988316,160.47387096774193
พะเยา,ดอกคำใต้,2026-04-14,19.196106411056768,100.01586248934849,119.74696428571428
พะเยา,ดอกคำใต้,2026-04-15,19.19794655481444,100.01768331205463,89.74396226415095
พะเยา,ดอกคำใต้,2026-04-16,19.212049714194443,100.0285912215315,108.49763157894736
พะเยา,ดอกคำใต้,2026-04-17,19.220268328546684,100.03134944223822,119.95575757575757
พะเยา,ดอกคำใต้,2026-04-18,19.24152,100.04922,149.81958333333333
พะเยา,ดอกคำใต้,2026-04-19,19.24152,100.04922,126.4375
พะเยา,ดอกคำใต้,2026-04-20,19.209627088718282,100.02634639153192,111.16875
พะเยา,ดอกคำใต้,2026-04-21,19.20000751582304,100.01972263348549,111.7458
พะเยา,ดอกคำใต้,2026-04-22,19.20000751582304,100.01972263348549,88.7568
พะเยา,ดอกคำใต้,2026-04-23,19.198607119240272,100.01833694071836,73.6276923076923
พะเยา,ดอกคำใต้,2026-04-24,19.19249427701392,100.01228828181422,55.74285714285715
พะเยา,ดอกคำใต้,2026-04-25,19.188882142971078,100.00871407427996,45.99194444444444
พะเยา,ดอกคำใต้,2026-04-26,19.18848706581014,100.0083231453309,41.8878125
พะเยา,ดอกคำใต้,2026-04-27,19.188882142971078,100.00871407427996,38.850972222222225
พะเยา,ดอกคำใต้,2026-04-28,19.188882142971078,100.00871407427996,29.322916666666668
พะเยา,ดอกคำใต้,2026-04-29,19.188882142971078,100.00871407427996,28.044444444444444
พะเยา,ดอกคำใต้,2026-04-30,19.188882142971078,100.00871407427996,39.486250000000005
พะเยา,ปง,2026-04-01,19.205818953547514,100.3249537450233,164.93533333333335
พะเยา,ปง,2026-04-02,19.209278254812343,100.32586854192836,160.45172413793105
พะเยา,ปง,2026-04-03,19.209278254812343,100.32586854192836,143.68913793103448
พะเยา,ปง,2026-04-04,19.211067496844514,100.32602361759778,147.9039285714286
พะเยา,ปง,2026-04-05,19.2197155,100.32677315,129.04979166666666
พะเยา,ปง,2026-04-06,19.2197155,100.32677315,108.995
พะเยา,ปง,2026-04-07,19.208429123000467,100.3257949466954,110.42559322033898
พะเยา,ปง,2026-04-08,19.207608295582318,100.3257238046369,76.15716666666667
พะเยา,ปง,2026-04-09,19.20681438053854,100.32565499510488,96.6139344262295
พะเยา,ปง,2026-04-10,19.209278254812343,100.32586854192836,77.26206896551724
พะเยา,ปง,2026-04-11,19.210157180722884,100.32594471945018,70.66052631578947
พะเยา,ปง,2026-04-12,19.210157180722884,100.32594471945018,71.34543859649123
พะเยา,ปง,2026-04-13,19.210157180722884,100.32594471945018,116.62912280701754
พะเยา,ปง,2026-04-14,19.207608295582318,100.3257238046369,93.346
พะเยา,ปง,2026-04-15,19.210157180722884,100.32594471945018,75.18263157894737
พะเยา,ปง,2026-04-16,19.207608295582318,100.3257238046369,89.4235
พะเยา,ปง,2026-04-17,19.208429123000467,100.3257949466954,157.24830508474577
พะเยา,ปง,2026-04-18,19.2197155,100.32677315,127.64458333333333
พะเยา,ปง,2026-04-19,19.215058882916278,100.32636955562958,98.73076923076923
พะเยา,ปง,2026-04-20,19.20681438053854,100.32565499510488,80.17868852459016
พะเยา,ปง,2026-04-21,19.20681438053854,100.32565499510488,78.83934426229509
พะเยา,ปง,2026-04-22,19.2228136013578,100.34197677988165,79.47999999999999
พะเยา,ปง,2026-04-23,19.232989836847374,100.35329138224515,69.24375
พะเยา,ปง,2026-04-24,19.226986123441115,100.35070762959428,55.79473684210526
พะเยา,ปง,2026-04-25,19.237259857612255,100.35512902450485,39.34969696969697
พะเยา,ปง,2026-04-26,19.242682106202576,100.35746253848544,34.99074074074074
พะเยา,ปง,2026-04-27,19.23279812162936,100.35320887585797,33.704
พะเยา,ปง,2026-04-28,19.21568180116383,100.33395385418426,28.86591836734694
พะเยา,ปง,2026-04-29,19.209278254812343,100.32586854192836,21.654827586206896
พะเยา,ปง,2026-04-30,19.20681438053854,100.32565499510488,33.33540983606557
พะเยา,ภูกามยาว,2026-04-07,19.290316,99.983941,94.19666666666667
พะเยา,ภูกามยาว,2026-04-08,19.290316,99.983941,50.425
พะเยา,ภูกามยาว,2026-04-09,19.290316,99.983941,70.51
พะเยา,ภูกามยาว,2026-04-17,19.290316,99.983941,58.089999999999996
พะเยา,ภูซาง,2026-04-01,19.627917995580933,100.37496994062867,242.97318840579712
พะเยา,ภูซาง,2026-04-02,19.627917995580933,100.37496994062866,226.54680555555558
พะเยา,ภูซาง,2026-04-03,19.627917995580933,100.37496994062866,192.27916666666667
พะเยา,ภูซาง,2026-04-04,19.627917995580933,100.37496994062866,214.62222222222223
พะเยา,ภูซาง,2026-04-05,19.627917995580933,100.37496994062866,195.2486111111111
พะเยา,ภูซาง,2026-04-06,19.627917995580933,100.37496994062866,174.56805555555556
พะเยา,ภูซาง,2026-04-07,19.627917995580933,100.37496994062866,130.05694444444444
พะเยา,ภูซาง,2026-04-08,19.627917995580933,100.37496994062866,90.88152777777778
พะเยา,ภูซาง,2026-04-09,19.627917995580933,100.37496994062866,102.80902777777777
พะเยา,ภูซาง,2026-04-10,19.627917995580933,100.37496994062866,88.4998611111111
พะเยา,ภูซาง,2026-04-11,19.627917995580933,100.37496994062866,88.88416666666666
พะเยา,ภูซาง,2026-04-12,19.627917995580933,100.37496994062866,91.35430555555556
พะเยา,ภูซาง,2026-04-13,19.627917995580933,100.37496994062866,148.02486111111114
พะเยา,ภูซาง,2026-04-14,19.627917995580933,100.37496994062866,109.46805555555555
พะเยา,ภูซาง,2026-04-15,19.627917995580933,100.37496994062866,82.58625
พะเยา,ภูซาง,2026-04-16,19.627917995580933,100.37496994062866,104.62611111111111
พะเยา,ภูซาง,2026-04-17,19.627917995580933,100.37496994062866,148.30694444444444
พะเยา,ภูซาง,2026-04-18,19.627917995580933,100.37496994062866,175.0676388888889
พะเยา,ภูซาง,2026-04-19,19.627917995580933,100.37496994062866,157.33513888888888
พะเยา,ภูซาง,2026-04-20,19.627917995580933,100.37496994062866,121.91930555555557
พะเยา,ภูซาง,2026-04-21,19.627917995580933,100.37496994062866,114.80222222222223
พะเยา,ภูซาง,2026-04-22,19.627917995580933,100.37496994062866,79.87194444444444
พะเยา,ภูซาง,2026-04-23,19.627917995580933,100.37496994062866,59.36611111111111
พะเยา,ภูซาง,2026-04-24,19.627917995580933,100.37496994062866,54.562916666666666
พะเยา,ภูซาง,2026-04-25,19.627917995580933,100.37496994062866,46.181666666666665
พะเยา,ภูซาง,2026-04-26,19.62764039096248,100.37437522436885,40.38671875
พะเยา,ภูซาง,2026-04-27,19.627917995580933,100.37496994062866,38.143055555555556
พะเยา,ภูซาง,2026-04-28,19.627917995580933,100.37496994062866,27.827777777777776
พะเยา,ภูซาง,2026-04-29,19.627917995580933,100.37496994062866,24.508750000000003
พะเยา,ภูซาง,2026-04-30,19.627917995580933,100.37496994062866,36.44583333333333
พะเยา,เชียงคำ,2026-04-01,19.502417003819712,100.3362232288207,185.21949152542373
พะเยา,เชียงคำ,2026-04-02,19.501583980644533,100.33346641984623,179.97625000000002
พะเยา,เชียงคำ,2026-04-03,19.502887098674822,100.33485403553469,157.54976377952755
พะเยา,เชียงคำ,2026-04-04,19.498423619633794,100.34047743238219,156.48188118811882
พะเยา,เชียงคำ,2026-04-05,19.497384027196052,100.34278368650585,144.08302083333334
พะเยา,เชียงคำ,2026-04-06,19.497384027196052,100.34278368650585,128.64177083333334
พะเยา,เชียงคำ,2026-04-07,19.49984483620675,100.33620089642014,103.22238938053097
พะเยา,เชียงคำ,2026-04-08,19.484553317920003,100.34022895031386,85.12438271604938
พะเยา,เชียงคำ,2026-04-09,19.485150973883638,100.34172126375245,100.42282352941177
พะเยา,เชียงคำ,2026-04-10,19.4818615073384,100.34300475150066,84.03384615384616
พะเยา,เชียงคำ,2026-04-11,19.480900394519978,100.34423652513995,81.30940789473685
พะเยา,เชียงคำ,2026-04-12,19.4818615073384,100.34300475150066,79.03544871794873
พะเยา,เชียงคำ,2026-04-13,19.4804006158544,100.34487704743238,138.1648
พะเยา,เชียงคำ,2026-04-14,19.48065216008343,100.34455466535141,106.64655629139072
พะเยา,เชียงคำ,2026-04-15,19.483853632089314,100.34045162068468,88.73157575757575
พะเยา,เชียงคำ,2026-04-16,19.483214184638403,100.34127114415648,115.87172839506174
พะเยา,เชียงคำ,2026-04-17,19.48065216008343,100.34455466535141,148.3407284768212
พะเยา,เชียงคำ,2026-04-18,19.4827745645159,100.34183456654333,145.44825
พะเยา,เชียงคำ,2026-04-19,19.484470242131263,100.3396613659083,120.53863095238096
พะเยา,เชียงคำ,2026-04-20,19.49193142712232,100.33740605541807,103.89442857142856
พะเยา,เชียงคำ,2026-04-21,19.501299238037856,100.33409809894181,88.57677966101694
พะเยา,เชียงคำ,2026-04-22,19.487993146147936,100.3408902479273,77.23197080291972
พะเยา,เชียงคำ,2026-04-23,19.482323814770048,100.3424122527881,60.904113924050634
พะเยา,เชียงคำ,2026-04-24,19.48794396784096,100.33922803472983,56.05473988439306
พะเยา,เชียงคำ,2026-04-25,19.486670380574008,100.33892985927099,45.598679245283016
พะเยา,เชียงคำ,2026-04-26,19.484470242131263,100.33966136590831,39.04551020408163
พะเยา,เชียงคำ,2026-04-27,19.484470242131263,100.3396613659083,35.629642857142855
พะเยา,เชียงคำ,2026-04-28,19.484267166967747,100.33992162945741,28.281676646706586
พะเยา,เชียงคำ,2026-04-29,19.484470242131263,100.3396613659083,24.17886904761905
พะเยา,เชียงคำ,2026-04-30,19.487467871488683,100.33857626389107,36.6256050955414
พะเยา,เชียงม่วน,2026-04-01,18.87195070869528,100.23149387698828,177.06369565217392
พะเยา,เชียงม่วน,2026-04-02,18.87195070869528,100.23149387698828,173.49625
พะเยา,เชียงม่วน,2026-04-03,18.87195070869528,100.23149387698828,155.28354166666665
พะเยา,เชียงม่วน,2026-04-04,18.87195070869528,100.23149387698828,179.30895833333332
พะเยา,เชียงม่วน,2026-04-05,18.87195070869528,100.23149387698828,165.08208333333332
พะเยา,เชียงม่วน,2026-04-06,18.87195070869528,100.23149387698828,132.14270833333333
พะเยา,เชียงม่วน,2026-04-07,18.87195070869528,100.23149387698828,123.116875
พะเยา,เชียงม่วน,2026-04-08,18.87195070869528,100.23149387698828,99.41604166666667
พะเยา,เชียงม่วน,2026-04-09,18.87195070869528,100.23149387698828,123.09145833333334
พะเยา,เชียงม่วน,2026-04-10,18.87195070869528,100.23149387698828,104.68854166666667
พะเยา,เชียงม่วน,2026-04-11,18.87195070869528,100.23149387698828,123.89104166666668
พะเยา,เชียงม่วน,2026-04-12,18.87195070869528,100.23149387698828,177.87583333333336
พะเยา,เชียงม่วน,2026-04-13,18.87195070869528,100.23149387698828,174.19145833333334
พะเยา,เชียงม่วน,2026-04-14,18.87195070869528,100.23149387698828,115.14375
พะเยา,เชียงม่วน,2026-04-15,18.87195070869528,100.23149387698828,102.22874999999999
พะเยา,เชียงม่วน,2026-04-16,18.87195070869528,100.23149387698828,113.3175
พะเยา,เชียงม่วน,2026-04-17,18.87195070869528,100.23149387698828,222.99979166666665
พะเยา,เชียงม่วน,2026-04-18,18.87195070869528,100.23149387698828,190.23625
พะเยา,เชียงม่วน,2026-04-19,18.87195070869528,100.23149387698828,150.95895833333333
พะเยา,เชียงม่วน,2026-04-20,18.87195070869528,100.23149387698828,113.06291666666668
พะเยา,เชียงม่วน,2026-04-21,18.87195070869528,100.23149387698828,96.64958333333334
พะเยา,เชียงม่วน,2026-04-22,18.87195070869528,100.23149387698828,93.29229166666666
พะเยา,เชียงม่วน,2026-04-23,18.87195070869528,100.23149387698828,80.25458333333333
พะเยา,เชียงม่วน,2026-04-24,18.87195070869528,100.23149387698828,57.03020833333333
พะเยา,เชียงม่วน,2026-04-25,18.87195070869528,100.23149387698828,49.38375
พะเยา,เชียงม่วน,2026-04-26,18.872490227097714,100.23293494961646,44.54558139534884
พะเยา,เชียงม่วน,2026-04-27,18.87195070869528,100.23149387698828,40.22875
พะเยา,เชียงม่วน,2026-04-28,18.87195070869528,100.23149387698828,35.868541666666665
พะเยา,เชียงม่วน,2026-04-29,18.87195070869528,100.23149387698828,28.598541666666666
พะเยา,เชียงม่วน,2026-04-30,18.87195070869528,100.23149387698828,41.706041666666664
พะเยา,เมือง,2026-04-01,19.195138154878304,99.89170973827913,183.75803030303032
พะเยา,เมือง,2026-04-02,19.193832148144466,99.89221261922353,166.41847222222225
พะเยา,เมือง,2026-04-03,19.194236826287348,99.89205679695907,142.1850704225352
พะเยา,เมือง,2026-04-04,19.193832148144466,99.89221261922353,169.02541666666667
พะเยา,เมือง,2026-04-05,19.195081371976833,99.89173160266803,157.61391304347828
พะเยา,เมือง,2026-04-06,19.193832148144466,99.89221261922353,125.49361111111112
พะเยา,เมือง,2026-04-07,19.193832148144466,99.89221261922353,122.70625000000001
พะเยา,เมือง,2026-04-08,19.193832148144466,99.89221261922353,77.79041666666666
พะเยา,เมือง,2026-04-09,19.193832148144466,99.89221261922353,84.67180555555555
พะเยา,เมือง,2026-04-10,19.193832148144466,99.89221261922353,86.99111111111111
พะเยา,เมือง,2026-04-11,19.193832148144466,99.89221261922353,89.80694444444445
พะเยา,เมือง,2026-04-12,19.193832148144466,99.89221261922353,111.62833333333333
พะเยา,เมือง,2026-04-13,19.193832148144466,99.89221261922353,164.53944444444446
พะเยา,เมือง,2026-04-14,19.193832148144466,99.89221261922353,113.80152777777776
พะเยา,เมือง,2026-04-15,19.193832148144466,99.89221261922353,95.7501388888889
พะเยา,เมือง,2026-04-16,19.193832148144466,99.89221261922353,145.6226388888889
พะเยา,เมือง,2026-04-17,19.193832148144466,99.89221261922353,139.72958333333335
พะเยา,เมือง,2026-04-18,19.193832148144466,99.89221261922353,160.7001388888889
พะเยา,เมือง,2026-04-19,19.19465306666288,99.89189652262992,106.90814285714285
พะเยา,เมือง,2026-04-20,19.194236826287348,99.89205679695907,91.94492957746479
พะเยา,เมือง,2026-04-21,19.193832148144466,99.89221261922353,106.57486111111112
พะเยา,เมือง,2026-04-22,19.193832148144466,99.89221261922353,73.81638888888888
พะเยา,เมือง,2026-04-23,19.193832148144466,99.89221261922353,61.97277777777778
พะเยา,เมือง,2026-04-24,19.193832148144466,99.89221261922353,51.47541666666667
พะเยา,เมือง,2026-04-25,19.193832148144466,99.89221261922353,41.19680555555556
พะเยา,เมือง,2026-04-26,19.193832148144466,99.89221261922353,37.24151515151515
พะเยา,เมือง,2026-04-27,19.193832148144466,99.89221261922353,35.50347222222222
พะเยา,เมือง,2026-04-28,19.193832148144466,99.89221261922353,25.78027777777778
พะเยา,เมือง,2026-04-29,19.193832148144466,99.89221261922353,25.48166666666667
พะเยา,เมือง,2026-04-30,19.193832148144466,99.89221261922353,35.71888888888889
พะเยา,เมืองพะเยา,2026-04-01,19.177165,99.834642,186.62130434782608
พะเยา,เมืองพะเยา,2026-04-02,19.177165,99.83464199999999,170.67791666666668
พะเยา,เมืองพะเยา,2026-04-03,19.177165,99.83464199999999,109.0
พะเยา,เมืองพะเยา,2026-04-04,19.177165,99.83464199999999,139.65875
พะเยา,เมืองพะเยา,2026-04-05,19.177165,99.83464199999999,160.46041666666667
พะเยา,เมืองพะเยา,2026-04-06,19.177165,99.83464199999999,135.8375
พะเยา,เมืองพะเยา,2026-04-07,19.177165,99.83464199999999,127.89041666666667
พะเยา,เมืองพะเยา,2026-04-08,19.177165,99.834642,75.63695652173914
พะเยา,เมืองพะเยา,2026-04-09,19.177165,99.83464199999999,72.59666666666666
พะเยา,เมืองพะเยา,2026-04-10,19.177165,99.83464199999999,75.97458333333334
พะเยา,เมืองพะเยา,2026-04-11,19.177165,99.83464199999999,78.59458333333333
พะเยา,เมืองพะเยา,2026-04-12,19.177165,99.83464199999999,97.85875
พะเยา,เมืองพะเยา,2026-04-13,19.177165,99.83464199999999,135.10083333333333
พะเยา,เมืองพะเยา,2026-04-14,19.177165,99.83464199999999,88.49125
พะเยา,เมืองพะเยา,2026-04-15,19.177165,99.83464199999999,81.03041666666667
พะเยา,เมืองพะเยา,2026-04-16,19.177165,99.83464199999999,119.2975
พะเยา,เมืองพะเยา,2026-04-17,19.177165,99.83464199999999,138.43
พะเยา,เมืองพะเยา,2026-04-18,19.177165,99.83464199999999,159.65041666666667
พะเยา,เมืองพะเยา,2026-04-19,19.177165,99.83464199999999,115.97458333333333
พะเยา,เมืองพะเยา,2026-04-20,19.177165,99.83464199999999,94.71
พะเยา,เมืองพะเยา,2026-04-21,19.177165,99.83464199999999,130.22416666666666
พะเยา,เมืองพะเยา,2026-04-22,19.177165,99.83464199999999,77.88125000000001
พะเยา,เมืองพะเยา,2026-04-23,19.177165,99.83464199999999,66.40916666666666
พะเยา,เมืองพะเยา,2026-04-24,19.177165,99.83464199999999,57.49791666666667
พะเยา,เมืองพะเยา,2026-04-25,19.177165,99.83464199999999,44.49333333333333
พะเยา,เมืองพะเยา,2026-04-26,19.177165,99.834642,41.58047619047619
พะเยา,เมืองพะเยา,2026-04-27,19.177165,99.83464199999999,38.299166666666665
พะเยา,เมืองพะเยา,2026-04-28,19.177165,99.83464199999999,29.81375
พะเยา,เมืองพะเยา,2026-04-29,19.177165,99.83464199999999,28.096666666666668
พะเยา,เมืองพะเยา,2026-04-30,19.177165,99.83464199999999,37.572916666666664
พะเยา,แม่ใจ,2026-04-01,19.3420596,99.8152521,237.06529411764706
พะเยา,แม่ใจ,2026-04-02,19.3420596,99.8152521,284.9866666666667
พะเยา,แม่ใจ,2026-04-28,19.3420596,99.8152521,29.905714285714286
พะเยา,แม่ใจ,2026-04-29,19.3420596,99.8152521,33.20608695652174
พะเยา,แม่ใจ,2026-04-30,19.3420596,99.8152521,41.64333333333334
พังงา,กะปง,2026-04-01,8.696846119,98.40873346,10.158636363636363
พังงา,กะปง,2026-04-02,8.696846119,98.40873346,13.273333333333333
พังงา,กะปง,2026-04-03,8.696846119,98.40873346000001,19.87047619047619
พังงา,กะปง,2026-04-04,8.696846119,98.40873346,27.330416666666665
พังงา,กะปง,2026-04-05,8.696846119,98.40873346,28.92625
พังงา,กะปง,2026-04-06,8.696846119,98.40873346,18.896
พังงา,กะปง,2026-04-07,8.696846119,98.40873346,17.445
พังงา,กะปง,2026-04-08,8.696846119,98.40873346,21.52125
พังงา,กะปง,2026-04-09,8.696846119,98.40873346,13.176874999999999
พังงา,กะปง,2026-04-10,8.696846119,98.40873346,10.248235294117647
พังงา,กะปง,2026-04-11,8.696846119,98.40873346,11.718333333333334
พังงา,กะปง,2026-04-12,8.696846119,98.40873346,7.622916666666666
พังงา,กะปง,2026-04-13,8.696846119,98.40873346,10.731666666666667
พังงา,กะปง,2026-04-14,8.696846119,98.40873346,12.181000000000001
พังงา,กะปง,2026-04-15,8.696846119,98.40873346,11.685652173913043
พังงา,กะปง,2026-04-16,8.696846119,98.40873346,11.34125
พังงา,กะปง,2026-04-17,8.696846119,98.40873346,16.116363636363637
พังงา,กะปง,2026-04-18,8.696846119,98.40873346,12.193181818181818
พังงา,กะปง,2026-04-19,8.696846119,98.40873346,10.030416666666666
พังงา,กะปง,2026-04-20,8.696846119,98.40873346,10.025
พังงา,กะปง,2026-04-21,8.696846119,98.40873346,10.125217391304348
พังงา,กะปง,2026-04-22,8.696846119,98.40873346000001,15.662380952380953
พังงา,กะปง,2026-04-23,8.696846119,98.40873346,12.837083333333332
พังงา,กะปง,2026-04-24,8.696846119,98.40873346,15.204583333333334
พังงา,กะปง,2026-04-25,8.696846119,98.40873346,15.220416666666667
พังงา,กะปง,2026-04-26,8.696846119,98.40873346,13.79090909090909
พังงา,กะปง,2026-04-27,8.696846119,98.40873346,10.089583333333334
พังงา,กะปง,2026-04-28,8.696846119,98.40873346,3.8895652173913042
พังงา,กะปง,2026-04-29,8.696846119,98.40873346,5.610833333333333
พังงา,กะปง,2026-04-30,8.696846119,98.40873346,8.601666666666667
พังงา,คุระบุรี,2026-04-01,8.99282,98.42284,11.75
พังงา,คุระบุรี,2026-04-02,8.99282,98.42284,20.072083333333335
พังงา,คุระบุรี,2026-04-03,8.99282,98.42284,25.63291666666667
พังงา,คุระบุรี,2026-04-04,8.99282,98.42284,457.21416666666664
พังงา,คุระบุรี,2026-04-05,8.99282,98.42284,1234.6308333333334
พังงา,คุระบุรี,2026-04-06,8.99282,98.42284,1535.6095833333331
พังงา,คุระบุรี,2026-04-07,8.99282,98.42284,1517.3774999999998
พังงา,คุระบุรี,2026-04-08,8.99282,98.42284,2697.13
พังงา,คุระบุรี,2026-04-09,8.99282,98.42284,3332.7408333333333
พังงา,คุระบุรี,2026-04-10,8.99282,98.42284,3331.75
พังงา,คุระบุรี,2026-04-11,8.99282,98.42284,3332.1991666666668
พังงา,คุระบุรี,2026-04-12,8.99282,98.42284,3332.2775
พังงา,คุระบุรี,2026-04-13,8.99282,98.42284,3332.257916666667
พังงา,คุระบุรี,2026-04-14,8.99282,98.42284,3332.60875
พังงา,คุระบุรี,2026-04-15,8.99282,98.42284,3332.45875
พังงา,คุระบุรี,2026-04-16,8.99282,98.42284,3332.2004166666666
พังงา,คุระบุรี,2026-04-17,8.99282,98.42284,3332.79125
พังงา,คุระบุรี,2026-04-18,8.99282,98.42284,3332.6083333333336
พังงา,คุระบุรี,2026-04-19,8.99282,98.42284,3307.9420833333334
พังงา,คุระบุรี,2026-04-20,8.99282,98.42284,3316.135
พังงา,คุระบุรี,2026-04-21,8.99282,98.42284,3332.5670833333334
พังงา,คุระบุรี,2026-04-22,8.99282,98.42284,3332.5049999999997
พังงา,คุระบุรี,2026-04-23,8.99282,98.42284,3332.2491666666665
พังงา,คุระบุรี,2026-04-24,8.99282,98.42284,3332.4833333333336
พังงา,คุระบุรี,2026-04-25,8.99282,98.42284,3332.5420833333333
พังงา,คุระบุรี,2026-04-26,8.99282,98.42284,3331.402727272727
พังงา,คุระบุรี,2026-04-27,8.99282,98.42284,3332.5345833333336
พังงา,คุระบุรี,2026-04-28,8.99282,98.42284,3332.9079166666666
พังงา,คุระบุรี,2026-04-29,8.99282,98.42284,3332.289166666667
พังงา,คุระบุรี,2026-04-30,8.99282,98.42284,3332.3333333333335
พังงา,ตะกั่วป่า,2026-04-08,8.866328483,98.34338046,33.270714285714284
พังงา,ตะกั่วป่า,2026-04-09,8.866328483,98.34338046,26.64375
พังงา,ตะกั่วป่า,2026-04-10,8.866328483,98.34338046,25.97941176470588
พังงา,ตะกั่วป่า,2026-04-11,8.866328483,98.34338046,16.519166666666667
พังงา,ตะกั่วป่า,2026-04-12,8.866328483,98.34338046,13.811666666666667
พังงา,ตะกั่วป่า,2026-04-13,8.866328483,98.34338046,20.14708333333333
พังงา,ตะกั่วป่า,2026-04-14,8.866328483,98.34338046,28.167
พังงา,ตะกั่วป่า,2026-04-15,8.866328483,98.34338046000002,26.175652173913043
พังงา,ตะกั่วป่า,2026-04-16,8.866328483,98.34338046,27.002916666666668
พังงา,ตะกั่วป่า,2026-04-17,8.866328483,98.34338045999999,29.0
พังงา,ตะกั่วป่า,2026-04-18,8.866328483,98.34338046,29.0
พังงา,ตะกั่วป่า,2026-04-19,8.866328483,98.34338046,29.0
พังงา,ตะกั่วป่า,2026-04-20,8.866328483,98.34338046,29.0
พังงา,ตะกั่วป่า,2026-04-21,8.866328483,98.34338045999999,29.0
พังงา,ตะกั่วป่า,2026-04-22,8.866328483,98.34338046,29.0
พังงา,ตะกั่วป่า,2026-04-23,8.866328483,98.34338046,29.0
พังงา,ตะกั่วป่า,2026-04-24,8.866328483,98.34338046,29.0
พังงา,ตะกั่วป่า,2026-04-25,8.866328483,98.34338046,29.0
พังงา,ตะกั่วป่า,2026-04-26,8.866328483,98.34338045999999,29.0
พังงา,ตะกั่วป่า,2026-04-27,8.866328483,98.34338046,29.0
พังงา,ตะกั่วป่า,2026-04-28,8.866328483,98.34338046000002,29.0
พังงา,ตะกั่วป่า,2026-04-29,8.866328483,98.34338046,29.0
พังงา,ตะกั่วป่า,2026-04-30,8.866328483,98.34338046,29.0
พังงา,ทับปุด,2026-04-01,8.5534732675,98.65160986000001,15.588043478260868
พังงา,ทับปุด,2026-04-02,8.553473267500001,98.65160986000001,19.06625
พังงา,ทับปุด,2026-04-03,8.556045716333333,98.65245040266667,23.852888888888888
พังงา,ทับปุด,2026-04-04,8.553473267500001,98.65160986000001,25.824791666666666
พังงา,ทับปุด,2026-04-05,8.57276663375,98.65791393,27.9484375
พังงา,ทับปุด,2026-04-06,8.578754230172414,98.65987036551725,24.928275862068965
พังงา,ทับปุด,2026-04-07,8.558985657857143,98.65341102285713,20.936666666666667
พังงา,ทับปุด,2026-04-08,8.59206,98.664218,29.709999999999997
พังงา,ทับปุด,2026-04-09,8.59206,98.664218,25.914583333333336
พังงา,ทับปุด,2026-04-10,8.59206,98.664218,23.255416666666665
พังงา,ทับปุด,2026-04-11,8.59206,98.664218,19.135833333333334
พังงา,ทับปุด,2026-04-12,8.59206,98.664218,13.099583333333333
พังงา,ทับปุด,2026-04-13,8.59206,98.664218,16.742083333333333
พังงา,ทับปุด,2026-04-14,8.59206,98.664218,21.670416666666668
พังงา,ทับปุด,2026-04-15,8.59206,98.664218,26.024583333333336
พังงา,ทับปุด,2026-04-16,8.59206,98.664218,27.702916666666667
พังงา,ทับปุด,2026-04-17,8.59206,98.664218,24.754583333333333
พังงา,ทับปุด,2026-04-18,8.581035219285715,98.66061567428572,22.700357142857143
พังงา,ทับปุด,2026-04-19,8.59206,98.664218,20.304583333333333
พังงา,ทับปุด,2026-04-20,8.59206,98.664218,25.951666666666668
พังงา,ทับปุด,2026-04-21,8.574052858166668,98.65833420133335,22.483666666666668
พังงา,ทับปุด,2026-04-22,8.5735383684,98.6581660928,23.714000000000002
พังงา,ทับปุด,2026-04-23,8.59206,98.664218,22.449166666666667
พังงา,ทับปุด,2026-04-24,8.586123579615386,98.66227828615385,26.384615384615383
พังงา,ทับปุด,2026-04-25,8.59206,98.664218,26.97869565217391
พังงา,ทับปุด,2026-04-26,8.59206,98.66421800000002,26.795333333333335
พังงา,ทับปุด,2026-04-27,8.59206,98.664218,14.934000000000001
พังงา,ทับปุด,2026-04-28,8.59206,98.66421800000002,12.408636363636363
พังงา,ทับปุด,2026-04-29,8.59206,98.664218,13.14875
พังงา,ทับปุด,2026-04-30,8.59206,98.664218,13.950000000000001
พังงา,ท้ายเหมือง,2026-04-01,8.355688,98.29108299999999,15.490869565217393
พังงา,ท้ายเหมือง,2026-04-02,8.355688,98.291083,24.827083333333334
พังงา,ท้ายเหมือง,2026-04-03,8.355688,98.291083,32.20875
พังงา,ท้ายเหมือง,2026-04-04,8.355688,98.291083,36.02166666666667
พังงา,ท้ายเหมือง,2026-04-05,8.355688,98.291083,31.35875
พังงา,ท้ายเหมือง,2026-04-06,8.355688,98.291083,27.034583333333334
พังงา,ท้ายเหมือง,2026-04-07,8.355688,98.291083,27.05666666666667
พังงา,ท้ายเหมือง,2026-04-08,8.355688,98.291083,30.983157894736838
พังงา,ท้ายเหมือง,2026-04-09,8.355688,98.291083,27.903333333333332
พังงา,ท้ายเหมือง,2026-04-10,8.355688,98.291083,24.9175
พังงา,ท้ายเหมือง,2026-04-11,8.355688,98.291083,18.411666666666665
พังงา,ท้ายเหมือง,2026-04-12,8.355688,98.291083,12.2025
พังงา,ท้ายเหมือง,2026-04-13,8.355688,98.291083,19.058333333333334
พังงา,ท้ายเหมือง,2026-04-14,8.355688,98.291083,27.439999999999998
พังงา,ท้ายเหมือง,2026-04-15,8.355688,98.291083,31.265833333333333
พังงา,ท้ายเหมือง,2026-04-16,8.355688,98.291083,32.0675
พังงา,ท้ายเหมือง,2026-04-17,8.355688,98.291083,28.29625
พังงา,ท้ายเหมือง,2026-04-18,8.355688,98.291083,23.17375
พังงา,ท้ายเหมือง,2026-04-19,8.355688,98.291083,22.697916666666668
พังงา,ท้ายเหมือง,2026-04-20,8.355688,98.291083,27.66541666666667
พังงา,ท้ายเหมือง,2026-04-21,8.355688,98.291083,25.843
พังงา,ท้ายเหมือง,2026-04-22,8.355688,98.291083,27.167916666666667
พังงา,ท้ายเหมือง,2026-04-23,8.355688,98.291083,22.182083333333335
พังงา,ท้ายเหมือง,2026-04-24,8.355688,98.291083,25.935
พังงา,ท้ายเหมือง,2026-04-25,8.355688,98.291083,27.595
พังงา,ท้ายเหมือง,2026-04-26,8.355688,98.29108300000001,23.050454545454546
พังงา,ท้ายเหมือง,2026-04-27,8.355688,98.291083,16.0825
พังงา,ท้ายเหมือง,2026-04-28,8.355688,98.291083,12.9225
พังงา,ท้ายเหมือง,2026-04-29,8.355688,98.291083,13.222916666666668
พังงา,ท้ายเหมือง,2026-04-30,8.355688,98.291083,14.323333333333332
พังงา,เกาะยาว,2026-04-01,8.111776466317206,98.5905638663572,1.458
พังงา,เกาะยาว,2026-04-02,8.111776466317206,98.59056386635719,1.7416666666666665
พังงา,เกาะยาว,2026-04-03,8.111776466317206,98.59056386635719,2.6108333333333333
พังงา,เกาะยาว,2026-04-04,8.111776466317206,98.59056386635719,3.3487500000000003
พังงา,เกาะยาว,2026-04-05,8.111776466317206,98.59056386635719,2.5533333333333332
พังงา,เกาะยาว,2026-04-06,8.111776466317206,98.59056386635719,2.689166666666667
พังงา,เกาะยาว,2026-04-07,8.111776466317206,98.59056386635719,2.689583333333333
พังงา,เกาะยาว,2026-04-08,8.111776466317206,98.59056386635719,3.032083333333333
พังงา,เกาะยาว,2026-04-09,8.111776466317206,98.59056386635719,2.4808333333333334
พังงา,เกาะยาว,2026-04-10,8.111776466317206,98.59056386635719,2.8491666666666666
พังงา,เกาะยาว,2026-04-11,8.111776466317206,98.59056386635719,2.1891666666666665
พังงา,เกาะยาว,2026-04-12,8.111776466317206,98.59056386635719,2.235
พังงา,เกาะยาว,2026-04-13,8.111776466317206,98.59056386635719,2.16125
พังงา,เกาะยาว,2026-04-14,8.111776466317206,98.59056386635719,2.07125
พังงา,เกาะยาว,2026-04-15,8.111776466317206,98.59056386635719,2.9254166666666666
พังงา,เกาะยาว,2026-04-16,8.111776466317206,98.59056386635719,2.59375
พังงา,เกาะยาว,2026-04-17,8.111776466317206,98.59056386635719,1.9991666666666668
พังงา,เกาะยาว,2026-04-22,8.111776466317206,98.5905638663572,2.8636363636363638
พังงา,เกาะยาว,2026-04-23,8.111776466317206,98.59056386635719,2.5420833333333333
พังงา,เกาะยาว,2026-04-24,8.111776466317206,98.59056386635719,3.36375
พังงา,เกาะยาว,2026-04-25,8.111776466317206,98.59056386635719,3.189583333333333
พังงา,เกาะยาว,2026-04-26,8.111776466317206,98.5905638663572,3.4373913043478264
พังงา,เกาะยาว,2026-04-27,8.111776466317206,98.59056386635719,2.3179166666666666
พังงา,เกาะยาว,2026-04-28,8.111776466317206,98.59056386635719,2.5520833333333335
พังงา,เกาะยาว,2026-04-29,8.111776466317206,98.59056386635719,2.6358333333333333
พังงา,เกาะยาว,2026-04-30,8.111776466317206,98.59056386635719,1.9441666666666668
พังงา,เมือง,2026-04-09,8.44028847,98.51944445,10.53375
พังงา,เมือง,2026-04-10,8.44028847,98.51944445,10.565882352941177
พังงา,เมือง,2026-04-11,8.44028847,98.51944445,8.459166666666667
พังงา,เมือง,2026-04-12,8.44028847,98.51944445,5.245
พังงา,เมือง,2026-04-13,8.44028847,98.51944445,6.214583333333334
พังงา,เมือง,2026-04-14,8.44028847,98.51944445,7.891
พังงา,เมือง,2026-04-15,8.44028847,98.51944445,12.610434782608696
พังงา,เมือง,2026-04-16,8.44028847,98.51944445,14.183333333333332
พังงา,เมือง,2026-04-17,8.44028847,98.51944445,12.556363636363637
พังงา,เมือง,2026-04-18,8.44028847,98.51944445,11.38125
พังงา,เมือง,2026-04-19,8.44028847,98.51944445,9.965416666666666
พังงา,เมือง,2026-04-20,8.44028847,98.51944445,13.791666666666666
พังงา,เมือง,2026-04-21,8.44028847,98.51944445,12.245909090909093
พังงา,เมือง,2026-04-22,8.44028847,98.51944445000001,12.883333333333335
พังงา,เมือง,2026-04-23,8.44028847,98.51944445,10.993333333333332
พังงา,เมือง,2026-04-24,8.44028847,98.51944445,12.3275
พังงา,เมือง,2026-04-25,8.44028847,98.51944445,12.669583333333334
พังงา,เมือง,2026-04-26,8.44028847,98.51944445,9.132727272727273
พังงา,เมือง,2026-04-27,8.44028847,98.51944445,6.7508333333333335
พังงา,เมือง,2026-04-28,8.44028847,98.51944445,4.593913043478261
พังงา,เมือง,2026-04-29,8.44028847,98.51944445,5.3220833333333335
พังงา,เมือง,2026-04-30,8.44028847,98.51944445,5.695833333333333
พิจิตร,ดงเจริญ,2026-04-03,16.02050701,100.5484253,57.462
พิจิตร,ดงเจริญ,2026-04-04,16.02050701,100.5484253,50.77291666666667
พิจิตร,ดงเจริญ,2026-04-05,16.02050701,100.5484253,47.5925
พิจิตร,ดงเจริญ,2026-04-06,16.02050701,100.5484253,71.852
พิจิตร,ดงเจริญ,2026-04-07,16.02050701,100.5484253,56.71333333333334
พิจิตร,ดงเจริญ,2026-04-08,16.02050701,100.5484253,56.71875
พิจิตร,ดงเจริญ,2026-04-09,16.02050701,100.5484253,52.16
พิจิตร,ดงเจริญ,2026-04-10,16.02050701,100.5484253,49.10470588235294
พิจิตร,ดงเจริญ,2026-04-11,16.02050701,100.5484253,51.61416666666667
พิจิตร,ดงเจริญ,2026-04-12,16.02050701,100.5484253,50.151250000000005
พิจิตร,ดงเจริญ,2026-04-13,16.02050701,100.5484253,49.69708333333333
พิจิตร,ดงเจริญ,2026-04-14,16.02050701,100.5484253,57.222
พิจิตร,ดงเจริญ,2026-04-15,16.02050701,100.5484253,54.94652173913043
พิจิตร,ดงเจริญ,2026-04-16,16.02050701,100.5484253,53.60916666666666
พิจิตร,ดงเจริญ,2026-04-17,16.02050701,100.5484253,69.16545454545455
พิจิตร,ดงเจริญ,2026-04-18,16.02050701,100.5484253,64.6925
พิจิตร,ดงเจริญ,2026-04-19,16.02050701,100.5484253,56.715
พิจิตร,ดงเจริญ,2026-04-20,16.02050701,100.5484253,47.854166666666664
พิจิตร,ดงเจริญ,2026-04-21,16.02050701,100.5484253,55.58217391304348
พิจิตร,ดงเจริญ,2026-04-22,16.02050701,100.5484253,66.79714285714286
พิจิตร,ดงเจริญ,2026-04-23,16.02050701,100.5484253,54.50083333333333
พิจิตร,ดงเจริญ,2026-04-24,16.02050701,100.5484253,37.705
พิจิตร,ดงเจริญ,2026-04-25,16.02050701,100.5484253,39.79125
พิจิตร,ดงเจริญ,2026-04-26,16.02050701,100.5484253,61.23363636363637
พิจิตร,ดงเจริญ,2026-04-27,16.02050701,100.5484253,40.612500000000004
พิจิตร,ดงเจริญ,2026-04-28,16.02050701,100.5484253,28.04869565217391
พิจิตร,ดงเจริญ,2026-04-29,16.02050701,100.5484253,26.516666666666666
พิจิตร,ดงเจริญ,2026-04-30,16.02050701,100.5484253,29.35
พิจิตร,ตะพานหิน,2026-04-01,16.21113,100.41833299999999,71.94173913043478
พิจิตร,ตะพานหิน,2026-04-02,16.21113,100.418333,81.8975
พิจิตร,ตะพานหิน,2026-04-03,16.21113,100.418333,67.9475
พิจิตร,ตะพานหิน,2026-04-04,16.21113,100.418333,72.7825
พิจิตร,ตะพานหิน,2026-04-05,16.21113,100.418333,84.825
พิจิตร,ตะพานหิน,2026-04-06,16.211988837931035,100.42199901724139,82.76310344827587
พิจิตร,ตะพานหิน,2026-04-07,16.21362063,100.42896445000001,49.898125
พิจิตร,ตะพานหิน,2026-04-08,16.21362063,100.42896445000001,58.19520833333333
พิจิตร,ตะพานหิน,2026-04-09,16.213122504,100.42683816,54.509249999999994
พิจิตร,ตะพานหิน,2026-04-10,16.213195400487805,100.42714932439024,42.57707317073171
พิจิตร,ตะพานหิน,2026-04-11,16.21362063,100.42896445000001,45.564166666666665
พิจิตร,ตะพานหิน,2026-04-12,16.21362063,100.42896445000001,50.51916666666667
พิจิตร,ตะพานหิน,2026-04-13,16.21362063,100.42896445000001,36.77458333333333
พิจิตร,ตะพานหิน,2026-04-14,16.21339420909091,100.42799795454545,44.56522727272728
พิจิตร,ตะพานหิน,2026-04-15,16.21356763787234,100.42873824893617,45.376382978723406
พิจิตร,ตะพานหิน,2026-04-16,16.21362063,100.42896445000001,42.87958333333333
พิจิตร,ตะพานหิน,2026-04-17,16.213512341739133,100.42850221304349,57.01891304347826
พิจิตร,ตะพานหิน,2026-04-18,16.21362063,100.42896445000001,48.987291666666664
พิจิตร,ตะพานหิน,2026-04-19,16.21362063,100.42896445000001,43.330000000000005
พิจิตร,ตะพานหิน,2026-04-20,16.21362063,100.42896445000001,33.738958333333336
พิจิตร,ตะพานหิน,2026-04-21,16.21356763787234,100.42873824893617,43.45191489361702
พิจิตร,ตะพานหิน,2026-04-22,16.213454588,100.42825568666667,48.17155555555555
พิจิตร,ตะพานหิน,2026-04-23,16.21362063,100.42896445000001,43.755625
พิจิตร,ตะพานหิน,2026-04-24,16.21362063,100.42896445000001,27.61791666666667
พิจิตร,ตะพานหิน,2026-04-25,16.21362063,100.42896445000001,27.178749999999997
พิจิตร,ตะพานหิน,2026-04-26,16.21362063,100.42896445000001,42.425000000000004
พิจิตร,ตะพานหิน,2026-04-27,16.21362063,100.42896445000001,29.58458333333333
พิจิตร,ตะพานหิน,2026-04-28,16.21356763787234,100.42873824893617,18.1568085106383
พิจิตร,ตะพานหิน,2026-04-29,16.21362063,100.42896445000001,19.185416666666665
พิจิตร,ตะพานหิน,2026-04-30,16.21362063,100.42896445000001,19.157708333333332
พิจิตร,บางมูลนาก,2026-04-06,16.04056807,100.3519801,117.43800000000002
พิจิตร,บางมูลนาก,2026-04-07,16.04056807,100.3519801,58.93833333333333
พิจิตร,บางมูลนาก,2026-04-08,16.04056807,100.3519801,50.18416666666667
พิจิตร,บางมูลนาก,2026-04-09,16.04056807,100.3519801,50.07818181818182
พิจิตร,บางมูลนาก,2026-04-11,16.04056807,100.3519801,72.513
พิจิตร,บางมูลนาก,2026-04-12,16.04056807,100.3519801,119.0
พิจิตร,บางมูลนาก,2026-04-14,16.04056807,100.3519801,111.05
พิจิตร,บางมูลนาก,2026-04-20,16.04056807,100.3519801,34.504999999999995
พิจิตร,บางมูลนาก,2026-04-24,16.04056807,100.3519801,39.23
พิจิตร,บึงนาราง,2026-04-01,16.19191968,100.1180927,2.2564285714285712
พิจิตร,บึงนาราง,2026-04-02,16.19191968,100.11809270000002,3.0860869565217395
พิจิตร,บึงนาราง,2026-04-03,16.19191968,100.1180927,2.4492307692307693
พิจิตร,บึงนาราง,2026-04-04,16.19191968,100.11809270000002,2.1982608695652175
พิจิตร,บึงนาราง,2026-04-05,16.19191968,100.1180927,3.0549999999999997
พิจิตร,บึงนาราง,2026-04-06,16.19191968,100.11809269999999,4.3133333333333335
พิจิตร,บึงนาราง,2026-04-07,16.19191968,100.11809270000002,2.922608695652174
พิจิตร,บึงนาราง,2026-04-08,16.19191968,100.1180927,3.2576190476190474
พิจิตร,บึงนาราง,2026-04-09,16.19191968,100.11809270000002,2.919090909090909
พิจิตร,บึงนาราง,2026-04-10,16.19191968,100.11809270000002,1.9381818181818182
พิจิตร,บึงนาราง,2026-04-11,16.19191968,100.11809269999999,3.0991666666666666
พิจิตร,บึงนาราง,2026-04-12,16.19191968,100.11809270000002,3.2830434782608697
พิจิตร,บึงนาราง,2026-04-13,16.19191968,100.11809269999999,2.660833333333333
พิจิตร,บึงนาราง,2026-04-14,16.19191968,100.1180927,3.131111111111111
พิจิตร,บึงนาราง,2026-04-15,16.19191968,100.1180927,3.58
พิจิตร,บึงนาราง,2026-04-16,16.19191968,100.1180927,1.6442857142857144
พิจิตร,สามง่าม,2026-04-01,16.413033,100.16548,15.388333333333334
พิจิตร,สามง่าม,2026-04-02,16.413033,100.16548,16.196666666666665
พิจิตร,สามง่าม,2026-04-03,16.413033,100.16548,9.84625
พิจิตร,สามง่าม,2026-04-04,16.413033,100.16548,13.262500000000001
พิจิตร,สามง่าม,2026-04-05,16.413033,100.16548,20.55375
พิจิตร,สามง่าม,2026-04-06,16.413033,100.16548,17.938750000000002
พิจิตร,สามง่าม,2026-04-07,16.413033,100.16548,16.34958333333333
พิจิตร,สามง่าม,2026-04-08,16.413033,100.16548,17.3475
พิจิตร,สามง่าม,2026-04-09,16.413033,100.16548,13.416666666666666
พิจิตร,สามง่าม,2026-04-10,16.413033,100.16548,10.5825
พิจิตร,สามง่าม,2026-04-11,16.413033,100.16548,15.997083333333334
พิจิตร,สามง่าม,2026-04-12,16.413033,100.16548,15.353333333333333
พิจิตร,สามง่าม,2026-04-13,16.413033,100.16548,9.686666666666666
พิจิตร,สามง่าม,2026-04-14,16.413033,100.16548,12.29
พิจิตร,สามง่าม,2026-04-15,16.413033,100.16548,13.404583333333333
พิจิตร,สามง่าม,2026-04-16,16.413033,100.16548,12.802916666666667
พิจิตร,สามง่าม,2026-04-17,16.413033,100.16548,16.345416666666665
พิจิตร,สามง่าม,2026-04-18,16.413033,100.16548,17.309583333333332
พิจิตร,สามง่าม,2026-04-19,16.413033,100.16548,15.987083333333333
พิจิตร,สามง่าม,2026-04-20,16.413033,100.16548,13.229999999999999
พิจิตร,สามง่าม,2026-04-21,16.413033,100.16548,12.870833333333332
พิจิตร,สามง่าม,2026-04-22,16.413033,100.16548,13.78875
พิจิตร,สามง่าม,2026-04-23,16.413033,100.16548,11.520833333333334
พิจิตร,สามง่าม,2026-04-24,16.413033,100.16548,7.21375
พิจิตร,สามง่าม,2026-04-25,16.413033,100.16548,8.1775
พิจิตร,สามง่าม,2026-04-26,16.413033,100.16547999999999,9.725909090909092
พิจิตร,สามง่าม,2026-04-27,16.413033,100.16548,6.413333333333333
พิจิตร,สามง่าม,2026-04-28,16.413033,100.16548,2.4495833333333334
พิจิตร,สามง่าม,2026-04-29,16.413033,100.16548,3.7883333333333336
พิจิตร,สามง่าม,2026-04-30,16.413033,100.16548,4.494583333333334
พิจิตร,โพทะเล,2026-04-07,16.092682,100.260182,57.39727272727273
พิจิตร,โพทะเล,2026-04-08,16.092682,100.260182,62.57217391304348
พิจิตร,โพทะเล,2026-04-09,16.092682,100.260182,56.238125000000004
พิจิตร,โพทะเล,2026-04-10,16.092682,100.260182,55.19882352941176
พิจิตร,โพทะเล,2026-04-11,16.092682,100.260182,55.14791666666667
พิจิตร,โพทะเล,2026-04-12,16.092682,100.260182,62.543749999999996
พิจิตร,โพทะเล,2026-04-13,16.092682,100.260182,44.38125
พิจิตร,โพทะเล,2026-04-14,16.092682,100.260182,52.4625
พิจิตร,โพทะเล,2026-04-15,16.092682,100.260182,54.43217391304348
พิจิตร,โพทะเล,2026-04-16,16.092682,100.260182,35.77875
พิจิตร,โพทะเล,2026-04-20,16.092682,100.260182,57.25
พิจิตร,โพทะเล,2026-04-21,16.092682,100.260182,56.05409090909091
พิจิตร,โพทะเล,2026-04-22,16.092682,100.260182,76.70599999999999
พิจิตร,โพทะเล,2026-04-23,16.092682,100.260182,51.862500000000004
พิจิตร,โพทะเล,2026-04-24,16.092682,100.260182,35.327083333333334
พิจิตร,โพทะเล,2026-04-25,16.092682,100.260182,40.19541666666667
พิจิตร,โพทะเล,2026-04-26,16.092682,100.260182,41.75318181818182
พิจิตร,โพทะเล,2026-04-27,16.092682,100.260182,38.660000000000004
พิจิตร,โพทะเล,2026-04-28,16.092682,100.260182,21.33782608695652
พิจิตร,โพทะเล,2026-04-29,16.092682,100.260182,26.730833333333333
พิจิตร,โพทะเล,2026-04-30,16.092682,100.260182,27.640416666666667
พิจิตร,โพธิ์ประทับช้าง,2026-04-01,16.285830853548386,100.15840530537633,67.53698924731184
พิจิตร,โพธิ์ประทับช้าง,2026-04-02,16.285905265,100.15901845,63.74822916666667
พิจิตร,โพธิ์ประทับช้าง,2026-04-03,16.285905265,100.15901845,47.5209375
พิจิตร,โพธิ์ประทับช้าง,2026-04-04,16.287468092,100.16530822,61.02975
พิจิตร,โพธิ์ประทับช้าง,2026-04-05,16.288509976666667,100.1695014,60.22763888888889
พิจิตร,โพธิ์ประทับช้าง,2026-04-06,16.28869284774648,100.16993745070423,57.74971830985915
พิจิตร,โพธิ์ประทับช้าง,2026-04-07,16.287821819480516,100.16711068051949,81.0287012987013
พิจิตร,โพธิ์ประทับช้าง,2026-04-08,16.285905265,100.15901845,63.5134375
พิจิตร,โพธิ์ประทับช้าง,2026-04-09,16.285905265,100.15901845,35.374375
พิจิตร,โพธิ์ประทับช้าง,2026-04-10,16.28642620733333,100.16111504,45.35055555555556
พิจิตร,โพธิ์ประทับช้าง,2026-04-11,16.285905265,100.15901845,80.02197916666667
พิจิตร,โพธิ์ประทับช้าง,2026-04-12,16.285905265,100.15901845,80.4521875
พิจิตร,โพธิ์ประทับช้าง,2026-04-13,16.287143712857144,100.16298865714286,43.98202380952381
พิจิตร,โพธิ์ประทับช้าง,2026-04-14,16.289234452028985,100.17079364637681,43.974347826086955
พิจิตร,โพธิ์ประทับช้าง,2026-04-15,16.29185321857143,100.17991445714286,43.82803571428571
พิจิตร,โพธิ์ประทับช้าง,2026-04-16,16.294146899999998,100.18863859999999,34.39395833333334
พิจิตร,โพธิ์ประทับช้าง,2026-04-17,16.2901329575,100.17337135,58.6703125
พิจิตร,โพธิ์ประทับช้าง,2026-04-18,16.286157333870968,100.16003292903225,72.78010752688172
พิจิตร,โพธิ์ประทับช้าง,2026-04-19,16.285987519052632,100.15934949052632,72.61010526315789
พิจิตร,โพธิ์ประทับช้าง,2026-04-20,16.290342129354837,100.1756157,52.954193548387096
พิจิตร,โพธิ์ประทับช้าง,2026-04-21,16.288509976666667,100.1695014,60.69444444444444
พิจิตร,โพธิ์ประทับช้าง,2026-04-22,16.287352327037038,100.16484231111112,66.1604938271605
พิจิตร,โพธิ์ประทับช้าง,2026-04-23,16.285905265,100.15901845,57.762708333333336
พิจิตร,โพธิ์ประทับช้าง,2026-04-24,16.28655469522727,100.16362109090909,40.57784090909091
พิจิตร,โพธิ์ประทับช้าง,2026-04-25,16.2873340115,100.16914426,44.2485
พิจิตร,โพธิ์ประทับช้าง,2026-04-26,16.285905265,100.15901844999999,48.82579545454546
พิจิตร,โพธิ์ประทับช้าง,2026-04-27,16.28702157,100.16351114285713,44.44154761904762
พิจิตร,โพธิ์ประทับช้าง,2026-04-28,16.287697067051283,100.16660374358975,25.398461538461536
พิจิตร,โพธิ์ประทับช้าง,2026-04-29,16.285905265,100.15901845,33.7965625
พิจิตร,โพธิ์ประทับช้าง,2026-04-30,16.285905265,100.15901845,33.81458333333333
พิษณุโลก,นครไทย,2026-04-01,17.093238,100.8293264,15.347916666666668
พิษณุโลก,นครไทย,2026-04-02,17.093238,100.8293264,15.344166666666666
พิษณุโลก,นครไทย,2026-04-03,17.093238,100.8293264,15.149166666666666
พิษณุโลก,นครไทย,2026-04-04,17.093238,100.8293264,12.88375
พิษณุโลก,นครไทย,2026-04-05,17.093238,100.8293264,13.504583333333334
พิษณุโลก,นครไทย,2026-04-06,17.093238,100.8293264,14.51625
พิษณุโลก,นครไทย,2026-04-07,17.093238,100.8293264,11.747916666666667
พิษณุโลก,นครไทย,2026-04-08,17.093238,100.8293264,12.59625
พิษณุโลก,นครไทย,2026-04-09,17.093238,100.8293264,27.28708333333333
พิษณุโลก,นครไทย,2026-04-10,17.093238,100.8293264,24.64333333333333
พิษณุโลก,นครไทย,2026-04-11,17.093238,100.8293264,27.579166666666666
พิษณุโลก,นครไทย,2026-04-12,17.093238,100.8293264,38.566250000000004
พิษณุโลก,นครไทย,2026-04-13,17.093238,100.8293264,39.367916666666666
พิษณุโลก,นครไทย,2026-04-14,17.093238,100.8293264,35.20291666666667
พิษณุโลก,นครไทย,2026-04-15,17.093238,100.8293264,34.15333333333333
พิษณุโลก,นครไทย,2026-04-16,17.093238,100.8293264,33.291666666666664
พิษณุโลก,นครไทย,2026-04-17,17.093238,100.8293264,36.92958333333333
พิษณุโลก,นครไทย,2026-04-18,17.093238,100.8293264,40.16375
พิษณุโลก,นครไทย,2026-04-19,17.093238,100.8293264,42.88833333333333
พิษณุโลก,นครไทย,2026-04-20,17.093238,100.8293264,30.0675
พิษณุโลก,นครไทย,2026-04-21,17.093238,100.8293264,30.033749999999998
พิษณุโลก,นครไทย,2026-04-22,17.093238,100.8293264,34.957142857142856
พิษณุโลก,นครไทย,2026-04-28,17.093238,100.8293264,10.232857142857142
พิษณุโลก,นครไทย,2026-04-29,17.093238,100.8293264,15.067083333333334
พิษณุโลก,นครไทย,2026-04-30,17.093238,100.8293264,8.5725
พิษณุโลก,บางกระทุ่ม,2026-04-01,16.56520029787234,100.29081589361702,75.37744680851064
พิษณุโลก,บางกระทุ่ม,2026-04-02,16.5649785,100.29024600000001,89.07458333333334
พิษณุโลก,บางกระทุ่ม,2026-04-03,16.5649785,100.29024600000001,74.37291666666667
พิษณุโลก,บางกระทุ่ม,2026-04-04,16.5649785,100.29024600000001,75.18583333333333
พิษณุโลก,บางกระทุ่ม,2026-04-05,16.5649785,100.29024600000001,101.25104166666667
พิษณุโลก,บางกระทุ่ม,2026-04-06,16.5649785,100.29024600000001,98.77520833333334
พิษณุโลก,บางกระทุ่ม,2026-04-07,16.5649785,100.29024600000001,86.88604166666666
พิษณุโลก,บางกระทุ่ม,2026-04-08,16.5649785,100.29024600000001,90.723125
พิษณุโลก,บางกระทุ่ม,2026-04-09,16.5649785,100.29024600000001,94.30979166666667
พิษณุโลก,บางกระทุ่ม,2026-04-10,16.5649785,100.29024600000001,75.35333333333334
พิษณุโลก,บางกระทุ่ม,2026-04-11,16.576212625,100.329575,77.8321875
พิษณุโลก,บางกระทุ่ม,2026-04-12,16.56677596,100.29653864,92.978
พิษณุโลก,บางกระทุ่ม,2026-04-13,16.5649785,100.29024600000001,70.5025
พิษณุโลก,บางกระทุ่ม,2026-04-14,16.5649785,100.29024600000001,66.44520833333333
พิษณุโลก,บางกระทุ่ม,2026-04-15,16.5649785,100.29024600000001,77.67708333333333
พิษณุโลก,บางกระทุ่ม,2026-04-16,16.56475670212766,100.28967610638297,76.80489361702128
พิษณุโลก,บางกระทุ่ม,2026-04-17,16.5739658,100.3217092,79.20683333333334
พิษณุโลก,บางกระทุ่ม,2026-04-18,16.569971444444445,100.30772555555556,83.68092592592593
พิษณุโลก,บางกระทุ่ม,2026-04-19,16.5649785,100.29024600000001,91.87604166666667
พิษณุโลก,บางกระทุ่ม,2026-04-20,16.56677596,100.29653864,62.602
พิษณุโลก,บางกระทุ่ม,2026-04-21,16.5649785,100.29024600000001,76.35020833333333
พิษณุโลก,บางกระทุ่ม,2026-04-22,16.5649785,100.29024600000001,80.609375
พิษณุโลก,บางกระทุ่ม,2026-04-23,16.569971444444445,100.30772555555556,74.70888888888888
พิษณุโลก,บางกระทุ่ม,2026-04-24,16.579957333333333,100.34268466666667,43.449444444444445
พิษณุโลก,บางกระทุ่ม,2026-04-25,16.579535394366196,100.34120752112676,37.16802816901408
พิษณุโลก,บางกระทุ่ม,2026-04-26,16.579496446153847,100.34107116923077,56.7543076923077
พิษณุโลก,บางกระทุ่ม,2026-04-27,16.56589557142857,100.29345653061226,47.02755102040816
พิษณุโลก,บางกระทุ่ม,2026-04-28,16.5649785,100.29024600000001,28.246666666666666
พิษณุโลก,บางกระทุ่ม,2026-04-29,16.5649785,100.29024600000001,33.90145833333333
พิษณุโลก,บางกระทุ่ม,2026-04-30,16.5649785,100.29024600000001,46.64625
พิษณุโลก,บางระกำ,2026-04-01,16.709994901408454,100.07625887323944,51.572535211267606
พิษณุโลก,บางระกำ,2026-04-02,16.709156333333333,100.076467,55.776944444444446
พิษณุโลก,บางระกำ,2026-04-03,16.709156333333333,100.076467,44.375277777777775
พิษณุโลก,บางระกำ,2026-04-04,16.709156333333333,100.076467,43.906388888888884
พิษณุโลก,บางระกำ,2026-04-05,16.709156333333333,100.076467,62.165
พิษณุโลก,บางระกำ,2026-04-06,16.709156333333333,100.076467,65.85819444444445
พิษณุโลก,บางระกำ,2026-04-07,16.709156333333333,100.076467,45.86291666666667
พิษณุโลก,บางระกำ,2026-04-08,16.709156333333333,100.076467,46.57375
พิษณุโลก,บางระกำ,2026-04-09,16.709156333333333,100.076467,40.10986111111111
พิษณุโลก,บางระกำ,2026-04-10,16.709156333333333,100.076467,37.3575
พิษณุโลก,บางระกำ,2026-04-11,16.709156333333333,100.076467,39.19444444444444
พิษณุโลก,บางระกำ,2026-04-12,16.709030450704226,100.07727577464789,53.75802816901409
พิษณุโลก,บางระกำ,2026-04-13,16.709156333333333,100.076467,50.559444444444445
พิษณุโลก,บางระกำ,2026-04-14,16.7077106,100.07524854285714,44.766285714285715
พิษณุโลก,บางระกำ,2026-04-15,16.715568153846156,100.07487563076923,42.489384615384616
พิษณุโลก,บางระกำ,2026-04-16,16.715568153846156,100.07487563076923,38.75107692307692
พิษณุโลก,บางระกำ,2026-04-17,16.709156333333333,100.076467,42.20638888888889
พิษณุโลก,บางระกำ,2026-04-18,16.708443647887325,100.07586635211267,46.15225352112676
พิษณุโลก,บางระกำ,2026-04-19,16.709156333333333,100.076467,50.290416666666665
พิษณุโลก,บางระกำ,2026-04-20,16.709156333333333,100.076467,33.31375
พิษณุโลก,บางระกำ,2026-04-21,16.709156333333333,100.076467,41.08555555555555
พิษณุโลก,บางระกำ,2026-04-22,16.709156333333333,100.076467,51.212916666666665
พิษณุโลก,บางระกำ,2026-04-23,16.709156333333333,100.076467,43.94097222222222
พิษณุโลก,บางระกำ,2026-04-24,16.709156333333333,100.076467,25.515694444444446
พิษณุโลก,บางระกำ,2026-04-25,16.709156333333333,100.076467,22.700694444444444
พิษณุโลก,บางระกำ,2026-04-26,16.709156333333333,100.07646700000001,35.27045454545454
พิษณุโลก,บางระกำ,2026-04-27,16.709156333333333,100.076467,20.293472222222224
พิษณุโลก,บางระกำ,2026-04-28,16.708900971428573,100.07810765714287,11.591
พิษณุโลก,บางระกำ,2026-04-29,16.709156333333333,100.076467,14.944027777777778
พิษณุโลก,บางระกำ,2026-04-30,16.709156333333333,100.076467,17.35638888888889
พิษณุโลก,เนินมะปราง,2026-04-01,16.511083251830986,100.66580696338028,63.2543661971831
พิษณุโลก,เนินมะปราง,2026-04-02,16.511772506666667,100.66622246666667,69.80125
พิษณุโลก,เนินมะปราง,2026-04-03,16.509644806956523,100.66493982608695,54.88768115942029
พิษณุโลก,เนินมะปราง,2026-04-04,16.511772506666667,100.66622246666667,63.58402777777778
พิษณุโลก,เนินมะปราง,2026-04-05,16.49779048,100.65779368571428,74.37107142857143
พิษณุโลก,เนินมะปราง,2026-04-06,16.494229020377357,100.65564673207548,70.42018867924529
พิษณุโลก,เนินมะปราง,2026-04-07,16.500989757288135,100.65972230508474,58.60813559322034
พิษณุโลก,เนินมะปราง,2026-04-08,16.48137601663444,100.65067466202473,60.1222
พิษณุโลก,เนินมะปราง,2026-04-09,16.487303960000002,100.65147209999999,61.713125
พิษณุโลก,เนินมะปราง,2026-04-10,16.46696321737601,100.65668389967846,47.41409836065574
พิษณุโลก,เนินมะปราง,2026-04-11,16.455488952306066,100.65962388924066,52.61694444444444
พิษณุโลก,เนินมะปราง,2026-04-12,16.455488952306066,100.65962388924066,62.76194444444444
พิษณุโลก,เนินมะปราง,2026-04-13,16.455488952306066,100.65962388924066,64.52305555555556
พิษณุโลก,เนินมะปราง,2026-04-14,16.47461997915951,100.66618740028781,58.48715909090909
พิษณุโลก,เนินมะปราง,2026-04-15,16.48096342490565,100.66836372237188,54.76378947368421
พิษณุโลก,เนินมะปราง,2026-04-16,16.481794114229547,100.66864871693049,60.10010416666666
พิษณุโลก,เนินมะปราง,2026-04-17,16.480115061340815,100.66807266409924,72.90648936170213
พิษณุโลก,เนินมะปราง,2026-04-18,16.481794114229547,100.66864871693049,68.46479166666667
พิษณุโลก,เนินมะปราง,2026-04-19,16.481794114229547,100.66864871693049,75.45354166666667
พิษณุโลก,เนินมะปราง,2026-04-20,16.481794114229547,100.66864871693049,50.40833333333333
พิษณุโลก,เนินมะปราง,2026-04-21,16.477631621049404,100.66556006023899,60.73368421052631
พิษณุโลก,เนินมะปราง,2026-04-22,16.465634631189925,100.65631952274012,74.14516129032258
พิษณุโลก,เนินมะปราง,2026-04-23,16.46860572396524,100.6575508876545,71.81895833333333
พิษณุโลก,เนินมะปราง,2026-04-24,16.46860572396524,100.6575508876545,39.88791666666666
พิษณุโลก,เนินมะปราง,2026-04-25,16.46860572396524,100.6575508876545,35.14635416666667
พิษณุโลก,เนินมะปราง,2026-04-26,16.46860572396524,100.6575508876545,57.99147727272727
พิษณุโลก,เนินมะปราง,2026-04-27,16.46860572396524,100.6575508876545,42.533854166666664
พิษณุโลก,เนินมะปราง,2026-04-28,16.467636209480666,100.65714907384032,30.372947368421052
พิษณุโลก,เนินมะปราง,2026-04-29,16.46860572396524,100.6575508876545,34.47645833333333
พิษณุโลก,เนินมะปราง,2026-04-30,16.469041290016136,100.66074575814208,28.075454545454544
พิษณุโลก,เมือง,2026-04-01,16.79201344473909,100.26336200233558,65.75474576271186
พิษณุโลก,เมือง,2026-04-02,16.77677813434888,100.2652365932769,77.98166666666667
พิษณุโลก,เมือง,2026-04-03,16.77677813434888,100.2652365932769,71.13972222222223
พิษณุโลก,เมือง,2026-04-04,16.77677813434888,100.2652365932769,68.02361111111111
พิษณุโลก,เมือง,2026-04-05,16.77677813434888,100.2652365932769,83.62166666666667
พิษณุโลก,เมือง,2026-04-06,16.77677813434888,100.2652365932769,90.86194444444445
พิษณุโลก,เมือง,2026-04-07,16.77677813434888,100.2652365932769,77.44
พิษณุโลก,เมือง,2026-04-08,16.77451621410318,100.26745296254981,70.9476811594203
พิษณุโลก,เมือง,2026-04-09,16.77677813434888,100.2652365932769,73.87069444444444
พิษณุโลก,เมือง,2026-04-10,16.77677813434888,100.2652365932769,60.32472222222222
พิษณุโลก,เมือง,2026-04-11,16.77677813434888,100.2652365932769,70.37430555555555
พิษณุโลก,เมือง,2026-04-12,16.77677813434888,100.2652365932769,70.20375
พิษณุโลก,เมือง,2026-04-13,16.77677813434888,100.2652365932769,64.34722222222223
พิษณุโลก,เมือง,2026-04-14,16.77677813434888,100.2652365932769,59.12236111111112
พิษณุโลก,เมือง,2026-04-15,16.77677813434888,100.2652365932769,62.82791666666666
พิษณุโลก,เมือง,2026-04-16,16.77677813434888,100.2652365932769,60.97958333333333
พิษณุโลก,เมือง,2026-04-17,16.77677813434888,100.2652365932769,71.34152777777778
พิษณุโลก,เมือง,2026-04-18,16.77677813434888,100.2652365932769,74.49222222222221
พิษณุโลก,เมือง,2026-04-19,16.77677813434888,100.2652365932769,80.90027777777777
พิษณุโลก,เมือง,2026-04-20,16.77677813434888,100.2652365932769,50.959583333333335
พิษณุโลก,เมือง,2026-04-21,16.77677813434888,100.2652365932769,64.80986111111112
พิษณุโลก,เมือง,2026-04-22,16.77677813434888,100.2652365932769,71.58152777777778
พิษณุโลก,เมือง,2026-04-23,16.77677813434888,100.2652365932769,78.00319444444443
พิษณุโลก,เมือง,2026-04-24,16.77677813434888,100.2652365932769,43.21361111111111
พิษณุโลก,เมือง,2026-04-25,16.77677813434888,100.2652365932769,37.9875
พิษณุโลก,เมือง,2026-04-26,16.77677813434888,100.2652365932769,46.10318181818182
พิษณุโลก,เมือง,2026-04-27,16.77677813434888,100.2652365932769,43.418055555555554
พิษณุโลก,เมือง,2026-04-28,16.77677813434888,100.2652365932769,27.957361111111112
พิษณุโลก,เมือง,2026-04-29,16.77677813434888,100.2652365932769,34.03486111111111
พิษณุโลก,เมือง,2026-04-30,16.770671010856763,100.25879846316028,39.399032258064516
ภูเก็ต,กะทู้,2026-04-01,7.955056999999999,98.387247,15.203478260869565
ภูเก็ต,กะทู้,2026-04-02,7.955057,98.387247,18.840833333333332
ภูเก็ต,กะทู้,2026-04-03,7.955057,98.387247,27.92142857142857
ภูเก็ต,กะทู้,2026-04-04,7.955057,98.387247,33.9525
ภูเก็ต,กะทู้,2026-04-05,7.955057,98.387247,30.71
ภูเก็ต,กะทู้,2026-04-06,7.955056999999999,98.387247,20.0
ภูเก็ต,กะทู้,2026-04-07,7.955057,98.387247,20.0
ภูเก็ต,กะทู้,2026-04-08,7.955057,98.387247,20.0
ภูเก็ต,กะทู้,2026-04-09,7.955057,98.387247,20.0
ภูเก็ต,กะทู้,2026-04-10,7.955057000000001,98.387247,20.0
ภูเก็ต,กะทู้,2026-04-11,7.955056999999999,98.387247,20.0
ภูเก็ต,กะทู้,2026-04-12,7.955057,98.38724700000002,12.316923076923077
ภูเก็ต,กะทู้,2026-04-13,7.955057,98.387247,14.481666666666667
ภูเก็ต,กะทู้,2026-04-14,7.955056999999999,98.387247,23.848000000000003
ภูเก็ต,กะทู้,2026-04-15,7.955056999999999,98.387247,32.11739130434783
ภูเก็ต,กะทู้,2026-04-16,7.955057,98.387247,31.907083333333333
ภูเก็ต,กะทู้,2026-04-17,7.955057,98.38724699999999,25.652272727272727
ภูเก็ต,กะทู้,2026-04-18,7.955057,98.387247,22.903750000000002
ภูเก็ต,กะทู้,2026-04-19,7.955057,98.387247,16.438750000000002
ภูเก็ต,กะทู้,2026-04-20,7.955057,98.387247,24.601249999999997
ภูเก็ต,กะทู้,2026-04-21,7.955057,98.38724699999999,25.854090909090907
ภูเก็ต,กะทู้,2026-04-22,7.955057,98.387247,23.96952380952381
ภูเก็ต,กะทู้,2026-04-23,7.955057,98.387247,18.34875
ภูเก็ต,กะทู้,2026-04-24,7.955057,98.387247,23.495833333333334
ภูเก็ต,กะทู้,2026-04-25,7.955057,98.387247,20.056250000000002
ภูเก็ต,กะทู้,2026-04-26,7.955057,98.38724699999999,20.689545454545456
ภูเก็ต,กะทู้,2026-04-27,7.955057,98.387247,11.307916666666666
ภูเก็ต,กะทู้,2026-04-28,7.955056999999999,98.387247,12.941739130434781
ภูเก็ต,กะทู้,2026-04-29,7.955057,98.387247,14.926666666666668
ภูเก็ต,กะทู้,2026-04-30,7.955057,98.387247,13.380833333333333
ภูเก็ต,เมือง,2026-04-01,7.861425534091928,98.37330502883488,11.211739130434783
ภูเก็ต,เมือง,2026-04-02,7.861425534091928,98.37330502883488,15.645416666666668
ภูเก็ต,เมือง,2026-04-03,7.861425534091928,98.37330502883488,27.17833333333333
ภูเก็ต,เมือง,2026-04-04,7.861425534091928,98.37330502883488,32.880833333333335
ภูเก็ต,เมือง,2026-04-05,7.861425534091928,98.37330502883488,28.283749999999998
ภูเก็ต,เมือง,2026-04-06,7.861425534091928,98.37330502883488,23.62125
ภูเก็ต,เมือง,2026-04-07,7.861425534091928,98.37330502883488,22.194166666666664
ภูเก็ต,เมือง,2026-04-08,7.861425534091928,98.37330502883488,29.012083333333333
ภูเก็ต,เมือง,2026-04-09,7.861425534091928,98.37330502883488,26.794166666666666
ภูเก็ต,เมือง,2026-04-10,7.861425534091928,98.37330502883488,27.149583333333336
ภูเก็ต,เมือง,2026-04-11,7.861425534091928,98.37330502883488,14.920416666666666
ภูเก็ต,เมือง,2026-04-12,7.861425534091928,98.37330502883488,9.262916666666667
ภูเก็ต,เมือง,2026-04-13,7.861425534091928,98.37330502883488,12.777500000000002
ภูเก็ต,เมือง,2026-04-14,7.861425534091928,98.37330502883488,21.949166666666667
ภูเก็ต,เมือง,2026-04-15,7.861425534091928,98.37330502883488,30.239166666666666
ภูเก็ต,เมือง,2026-04-16,7.861425534091928,98.37330502883488,30.3325
ภูเก็ต,เมือง,2026-04-17,7.861425534091928,98.37330502883488,25.51625
ภูเก็ต,เมือง,2026-04-18,7.861425534091928,98.37330502883488,22.96166666666667
ภูเก็ต,เมือง,2026-04-19,7.861425534091928,98.37330502883488,15.140833333333333
ภูเก็ต,เมือง,2026-04-20,7.861425534091928,98.37330502883488,24.180000000000003
ภูเก็ต,เมือง,2026-04-21,7.861425534091928,98.37330502883488,23.462500000000002
ภูเก็ต,เมือง,2026-04-22,7.861425534091928,98.37330502883488,24.851666666666663
ภูเก็ต,เมือง,2026-04-23,7.861425534091928,98.37330502883488,19.405
ภูเก็ต,เมือง,2026-04-24,7.861425534091928,98.37330502883488,24.15041666666667
ภูเก็ต,เมือง,2026-04-25,7.861425534091928,98.37330502883488,19.78125
ภูเก็ต,เมือง,2026-04-26,7.861425534091928,98.37330502883488,21.543181818181818
ภูเก็ต,เมือง,2026-04-27,7.861425534091928,98.37330502883488,8.295416666666666
ภูเก็ต,เมือง,2026-04-28,7.861425534091928,98.37330502883488,8.08375
ภูเก็ต,เมือง,2026-04-29,7.861425534091928,98.37330502883488,11.702916666666667
ภูเก็ต,เมือง,2026-04-30,7.861425534091928,98.37330502883488,10.15625
มหาสารคาม,กันทรวิชัย,2026-04-01,16.28321227906977,103.28377062790697,46.76279069767442
มหาสารคาม,กันทรวิชัย,2026-04-02,16.24317,103.25201499999999,55.22625
มหาสารคาม,กันทรวิชัย,2026-04-03,16.24317,103.25201499999999,50.87041666666667
มหาสารคาม,กันทรวิชัย,2026-04-04,16.24317,103.25201499999999,70.50041666666667
มหาสารคาม,กันทรวิชัย,2026-04-05,16.24317,103.25201499999999,62.51499999999999
มหาสารคาม,กันทรวิชัย,2026-04-06,16.24317,103.25201499999999,54.367916666666666
มหาสารคาม,กันทรวิชัย,2026-04-07,16.27894184210526,103.28038394736842,51.504210526315795
มหาสารคาม,กันทรวิชัย,2026-04-08,16.30040494736842,103.29740531578948,48.90815789473684
มหาสารคาม,กันทรวิชัย,2026-04-09,16.2794188,103.2807622,47.6825
มหาสารคาม,กันทรวิชัย,2026-04-10,16.26788509090909,103.27161536363636,61.07606060606061
มหาสารคาม,กันทรวิชัย,2026-04-11,16.24317,103.25201499999999,69.47208333333333
มหาสารคาม,กันทรวิชัย,2026-04-12,16.286510956521738,103.28638665217392,57.47413043478261
มหาสารคาม,กันทรวิชัย,2026-04-13,16.288481,103.28794899999998,44.791666666666664
มหาสารคาม,กันทรวิชัย,2026-04-14,16.284361818181818,103.28468227272728,38.8375
มหาสารคาม,กันทรวิชัย,2026-04-15,16.287516936170213,103.28718444680852,44.815319148936176
มหาสารคาม,กันทรวิชัย,2026-04-16,16.278024615384613,103.27965653846154,43.68230769230769
มหาสารคาม,กันทรวิชัย,2026-04-17,16.24317,103.25201499999999,47.78
มหาสารคาม,กันทรวิชัย,2026-04-18,16.24317,103.25201499999999,51.714166666666664
มหาสารคาม,กันทรวิชัย,2026-04-19,16.276557052631578,103.27849268421053,42.99894736842106
มหาสารคาม,กันทรวิชัย,2026-04-20,16.288481,103.28794899999998,37.854791666666664
มหาสารคาม,กันทรวิชัย,2026-04-21,16.287516936170213,103.28718444680852,41.04617021276596
มหาสารคาม,กันทรวิชัย,2026-04-22,16.285460266666664,103.28555340000001,43.80711111111111
มหาสารคาม,กันทรวิชัย,2026-04-23,16.287516936170213,103.28718444680852,46.09787234042553
มหาสารคาม,กันทรวิชัย,2026-04-24,16.2612944,103.2663886,29.136666666666667
มหาสารคาม,กันทรวิชัย,2026-04-25,16.288481,103.28794899999998,27.327291666666667
มหาสารคาม,กันทรวิชัย,2026-04-26,16.288480999999997,103.28794900000001,34.96181818181818
มหาสารคาม,กันทรวิชัย,2026-04-27,16.288481,103.28794899999998,46.595
มหาสารคาม,กันทรวิชัย,2026-04-28,16.24317,103.25201499999999,31.672083333333333
มหาสารคาม,กันทรวิชัย,2026-04-29,16.24317,103.25201499999999,43.50833333333333
มหาสารคาม,กันทรวิชัย,2026-04-30,16.24317,103.25201499999999,29.376666666666665
มหาสารคาม,กุดรัง,2026-04-01,16.0522701,102.9946802,18.549130434782608
มหาสารคาม,กุดรัง,2026-04-02,16.0522701,102.9946802,18.864583333333332
มหาสารคาม,กุดรัง,2026-04-03,16.0522701,102.99468020000002,19.86809523809524
มหาสารคาม,กุดรัง,2026-04-04,16.0522701,102.9946802,28.745833333333334
มหาสารคาม,กุดรัง,2026-04-05,16.0522701,102.9946802,34.1175
มหาสารคาม,กุดรัง,2026-04-06,16.0522701,102.99468019999999,22.36
มหาสารคาม,กุดรัง,2026-04-07,16.0522701,102.9946802,25.561666666666667
มหาสารคาม,กุดรัง,2026-04-08,16.0522701,102.9946802,24.23375
มหาสารคาม,กุดรัง,2026-04-09,16.0522701,102.9946802,17.575625
มหาสารคาม,กุดรัง,2026-04-10,16.0522701,102.9946802,26.185294117647057
มหาสารคาม,กุดรัง,2026-04-11,16.0522701,102.9946802,25.52625
มหาสารคาม,กุดรัง,2026-04-12,16.0522701,102.9946802,25.8275
มหาสารคาม,กุดรัง,2026-04-13,16.0522701,102.9946802,18.197916666666668
มหาสารคาม,กุดรัง,2026-04-14,16.0522701,102.99468019999999,12.633
มหาสารคาม,กุดรัง,2026-04-15,16.0522701,102.9946802,17.02
มหาสารคาม,กุดรัง,2026-04-16,16.0522701,102.9946802,15.412916666666668
มหาสารคาม,กุดรัง,2026-04-17,16.0522701,102.99468020000002,14.683333333333334
มหาสารคาม,กุดรัง,2026-04-18,16.0522701,102.9946802,13.924166666666666
มหาสารคาม,กุดรัง,2026-04-19,16.0522701,102.9946802,13.5675
มหาสารคาม,กุดรัง,2026-04-20,16.0522701,102.9946802,9.337916666666667
มหาสารคาม,กุดรัง,2026-04-21,16.0522701,102.9946802,14.892727272727273
มหาสารคาม,กุดรัง,2026-04-22,16.0522701,102.99468020000002,19.693809523809524
มหาสารคาม,กุดรัง,2026-04-23,16.0522701,102.9946802,18.492083333333333
มหาสารคาม,กุดรัง,2026-04-24,16.0522701,102.9946802,8.293750000000001
มหาสารคาม,กุดรัง,2026-04-25,16.0522701,102.9946802,9.549166666666666
มหาสารคาม,กุดรัง,2026-04-26,16.0522701,102.9946802,13.155000000000001
มหาสารคาม,กุดรัง,2026-04-27,16.0522701,102.9946802,17.994583333333335
มหาสารคาม,กุดรัง,2026-04-28,16.0522701,102.9946802,7.5495652173913035
มหาสารคาม,กุดรัง,2026-04-29,16.0522701,102.9946802,10.692083333333334
มหาสารคาม,กุดรัง,2026-04-30,16.0522701,102.9946802,6.274090909090909
มหาสารคาม,ชื่นชม,2026-04-01,16.616687,103.16694699999998,53.20913043478261
มหาสารคาม,ชื่นชม,2026-04-02,16.616687,103.166947,47.286249999999995
มหาสารคาม,ชื่นชม,2026-04-03,16.616687,103.166947,44.955000000000005
มหาสารคาม,ชื่นชม,2026-04-04,16.616687,103.166947,56.60999999999999
มหาสารคาม,ชื่นชม,2026-04-05,16.616687,103.166947,58.507083333333334
มหาสารคาม,ชื่นชม,2026-04-06,16.616687,103.166947,48.97125
มหาสารคาม,ชื่นชม,2026-04-07,16.616687,103.166947,63.74458333333334
มหาสารคาม,ชื่นชม,2026-04-08,16.603702,103.1580024,58.825
มหาสารคาม,ชื่นชม,2026-04-09,16.58976687804878,103.14840331707317,61.3480487804878
มหาสารคาม,ชื่นชม,2026-04-10,16.616687,103.166947,66.11083333333333
มหาสารคาม,ชื่นชม,2026-04-11,16.616687,103.166947,66.95291666666667
มหาสารคาม,ชื่นชม,2026-04-12,16.616687,103.166947,63.16416666666667
มหาสารคาม,ชื่นชม,2026-04-13,16.616687,103.166947,53.99583333333334
มหาสารคาม,ชื่นชม,2026-04-14,16.616687,103.166947,43.68416666666667
มหาสารคาม,ชื่นชม,2026-04-15,16.616687,103.166947,46.785
มหาสารคาม,ชื่นชม,2026-04-16,16.616687,103.166947,44.224583333333335
มหาสารคาม,ชื่นชม,2026-04-17,16.616687,103.166947,48.87416666666667
มหาสารคาม,ชื่นชม,2026-04-18,16.616687,103.166947,39.655
มหาสารคาม,ชื่นชม,2026-04-19,16.616687,103.166947,41.02916666666667
มหาสารคาม,ชื่นชม,2026-04-20,16.616687,103.166947,35.72291666666667
มหาสารคาม,ชื่นชม,2026-04-21,16.616687,103.166947,38.010416666666664
มหาสารคาม,ชื่นชม,2026-04-22,16.616687,103.166947,43.38583333333333
มหาสารคาม,ชื่นชม,2026-04-23,16.616687,103.166947,41.23916666666667
มหาสารคาม,ชื่นชม,2026-04-24,16.616687,103.166947,32.185
มหาสารคาม,ชื่นชม,2026-04-25,16.616687,103.166947,20.7175
มหาสารคาม,ชื่นชม,2026-04-26,16.616687,103.166947,28.39545454545454
มหาสารคาม,ชื่นชม,2026-04-27,16.616687,103.166947,38.735416666666666
มหาสารคาม,ชื่นชม,2026-04-28,16.616687,103.166947,21.53375
มหาสารคาม,ชื่นชม,2026-04-29,16.616687,103.166947,29.323333333333334
มหาสารคาม,ชื่นชม,2026-04-30,16.616687,103.16694699999998,11.564782608695653
มหาสารคาม,วาปีปทุม,2026-04-01,15.8444,103.37939999999999,39.628750000000004
มหาสารคาม,วาปีปทุม,2026-04-02,15.8444,103.37939999999999,46.017500000000005
มหาสารคาม,วาปีปทุม,2026-04-03,15.8444,103.37939999999999,39.35125
มหาสารคาม,วาปีปทุม,2026-04-04,15.8444,103.37939999999999,46.12625
มหาสารคาม,วาปีปทุม,2026-04-05,15.8444,103.37939999999999,42.36375
มหาสารคาม,วาปีปทุม,2026-04-06,15.8444,103.37939999999999,39.38791666666666
มหาสารคาม,วาปีปทุม,2026-04-07,15.8444,103.37939999999999,42.77291666666667
มหาสารคาม,วาปีปทุม,2026-04-08,15.8444,103.37939999999999,41.222500000000004
มหาสารคาม,วาปีปทุม,2026-04-09,15.8444,103.37939999999999,35.419583333333335
มหาสารคาม,วาปีปทุม,2026-04-10,15.8444,103.37939999999999,41.829166666666666
มหาสารคาม,วาปีปทุม,2026-04-11,15.8444,103.37939999999999,45.52625
มหาสารคาม,วาปีปทุม,2026-04-12,15.8444,103.37939999999999,41.941250000000004
มหาสารคาม,วาปีปทุม,2026-04-13,15.8444,103.37939999999999,34.28458333333334
มหาสารคาม,วาปีปทุม,2026-04-14,15.8444,103.37939999999999,34.21541666666666
มหาสารคาม,วาปีปทุม,2026-04-15,15.8444,103.37939999999999,35.27458333333333
มหาสารคาม,วาปีปทุม,2026-04-16,15.8444,103.37939999999999,35.196666666666665
มหาสารคาม,วาปีปทุม,2026-04-17,15.8444,103.37939999999999,33.755
มหาสารคาม,วาปีปทุม,2026-04-18,15.8444,103.37939999999999,28.349999999999998
มหาสารคาม,วาปีปทุม,2026-04-19,15.844399999999998,103.3794,36.224761904761905
มหาสารคาม,วาปีปทุม,2026-04-20,15.8444,103.37939999999999,31.910416666666666
มหาสารคาม,วาปีปทุม,2026-04-21,15.8444,103.37939999999999,38.639583333333334
มหาสารคาม,วาปีปทุม,2026-04-22,15.844399999999998,103.3794,40.69857142857143
มหาสารคาม,วาปีปทุม,2026-04-28,15.844399999999998,103.3794,24.83142857142857
มหาสารคาม,วาปีปทุม,2026-04-29,15.8444,103.37939999999999,31.271666666666665
มหาสารคาม,วาปีปทุม,2026-04-30,15.8444,103.37939999999999,17.385416666666668
มหาสารคาม,โกสุมพิสัย,2026-04-01,16.241992,103.06356699999999,18.56416666666667
มหาสารคาม,โกสุมพิสัย,2026-04-02,16.241992,103.06356699999999,17.644583333333333
มหาสารคาม,โกสุมพิสัย,2026-04-03,16.241992,103.06356699999999,15.84625
มหาสารคาม,โกสุมพิสัย,2026-04-04,16.241992,103.06356699999999,22.769166666666667
มหาสารคาม,โกสุมพิสัย,2026-04-05,16.241992,103.06356699999999,22.922916666666666
มหาสารคาม,โกสุมพิสัย,2026-04-06,16.241992,103.06356699999999,16.789583333333333
มหาสารคาม,โกสุมพิสัย,2026-04-07,16.241992,103.06356699999999,20.200833333333332
มหาสารคาม,โกสุมพิสัย,2026-04-08,16.241992,103.06356699999999,20.88375
มหาสารคาม,โกสุมพิสัย,2026-04-09,16.241992,103.06356699999999,17.934166666666666
มหาสารคาม,โกสุมพิสัย,2026-04-10,16.241992,103.06356699999999,20.722916666666666
มหาสารคาม,โกสุมพิสัย,2026-04-11,16.241992,103.06356699999999,20.406666666666666
มหาสารคาม,โกสุมพิสัย,2026-04-12,16.241992,103.06356699999999,19.47458333333333
มหาสารคาม,โกสุมพิสัย,2026-04-13,16.241992,103.06356699999999,14.02875
มหาสารคาม,โกสุมพิสัย,2026-04-14,16.241992,103.06356699999999,11.136249999999999
มหาสารคาม,โกสุมพิสัย,2026-04-15,16.241992,103.06356699999999,12.420416666666666
มหาสารคาม,โกสุมพิสัย,2026-04-16,16.241992,103.06356699999999,11.17
มหาสารคาม,โกสุมพิสัย,2026-04-17,16.241992,103.06356699999999,10.51625
มหาสารคาม,โกสุมพิสัย,2026-04-18,16.241992,103.06356699999999,13.71375
มหาสารคาม,โกสุมพิสัย,2026-04-19,16.241992,103.06356699999999,11.6975
มหาสารคาม,โกสุมพิสัย,2026-04-20,16.241992,103.06356699999999,8.122916666666667
มหาสารคาม,โกสุมพิสัย,2026-04-21,16.241992,103.06356699999999,11.575000000000001
มหาสารคาม,โกสุมพิสัย,2026-04-22,16.241992,103.063567,12.197142857142856
มหาสารคาม,โกสุมพิสัย,2026-04-28,16.241992,103.063567,6.081428571428572
มหาสารคาม,โกสุมพิสัย,2026-04-29,16.241992,103.06356699999999,10.275
มหาสารคาม,โกสุมพิสัย,2026-04-30,16.241992,103.06356699999999,5.59
มุกดาหาร,คำชะอี,2026-04-01,16.5588125,104.4133125,37.028749999999995
มุกดาหาร,คำชะอี,2026-04-02,16.5588125,104.4133125,43.20416666666667
มุกดาหาร,คำชะอี,2026-04-03,16.5588125,104.4133125,34.541666666666664
มุกดาหาร,คำชะอี,2026-04-04,16.5588125,104.4133125,33.96875
มุกดาหาร,คำชะอี,2026-04-05,16.5588125,104.4133125,33.969166666666666
มุกดาหาร,คำชะอี,2026-04-06,16.5588125,104.4133125,29.640833333333333
มุกดาหาร,คำชะอี,2026-04-07,16.5588125,104.4133125,29.98625
มุกดาหาร,คำชะอี,2026-04-08,16.5588125,104.4133125,39.64791666666667
มุกดาหาร,คำชะอี,2026-04-09,16.5588125,104.4133125,35.19625
มุกดาหาร,คำชะอี,2026-04-10,16.5588125,104.4133125,33.812083333333334
มุกดาหาร,คำชะอี,2026-04-11,16.5588125,104.4133125,38.4675
มุกดาหาร,คำชะอี,2026-04-12,16.5588125,104.4133125,36.425000000000004
มุกดาหาร,คำชะอี,2026-04-13,16.5588125,104.4133125,36.650416666666665
มุกดาหาร,คำชะอี,2026-04-14,16.5588125,104.4133125,47.44916666666666
มุกดาหาร,คำชะอี,2026-04-15,16.5588125,104.4133125,42.23791666666667
มุกดาหาร,คำชะอี,2026-04-16,16.5588125,104.4133125,26.50208333333333
มุกดาหาร,คำชะอี,2026-04-17,16.5588125,104.4133125,26.072916666666668
มุกดาหาร,คำชะอี,2026-04-18,16.5588125,104.4133125,28.728333333333335
มุกดาหาร,คำชะอี,2026-04-19,16.5588125,104.4133125,19.580434782608698
มุกดาหาร,คำชะอี,2026-04-20,16.5588125,104.4133125,25.32695652173913
มุกดาหาร,คำชะอี,2026-04-21,16.5588125,104.4133125,23.768333333333334
มุกดาหาร,คำชะอี,2026-04-22,16.5588125,104.4133125,24.728333333333335
มุกดาหาร,คำชะอี,2026-04-23,16.5588125,104.4133125,22.230833333333333
มุกดาหาร,คำชะอี,2026-04-24,16.5588125,104.4133125,10.120869565217392
มุกดาหาร,คำชะอี,2026-04-25,16.5588125,104.4133125,10.724583333333333
มุกดาหาร,คำชะอี,2026-04-26,16.5588125,104.41331250000002,17.021363636363635
มุกดาหาร,คำชะอี,2026-04-27,16.5588125,104.4133125,15.022083333333335
มุกดาหาร,คำชะอี,2026-04-28,16.5588125,104.4133125,10.797083333333333
มุกดาหาร,คำชะอี,2026-04-29,16.5588125,104.4133125,17.13083333333333
มุกดาหาร,คำชะอี,2026-04-30,16.5588125,104.4133125,9.045
มุกดาหาร,ดอนตาล,2026-04-01,16.310175,104.924786,26.891666666666666
มุกดาหาร,ดอนตาล,2026-04-02,16.310175,104.924786,38.43
มุกดาหาร,ดอนตาล,2026-04-03,16.310175,104.924786,39.397
มุกดาหาร,ดอนตาล,2026-04-06,16.310175,104.924786,19.009999999999998
มุกดาหาร,ดอนตาล,2026-04-07,16.310175,104.924786,18.485555555555557
มุกดาหาร,ดอนตาล,2026-04-08,16.310175,104.924786,29.556
มุกดาหาร,ดอนตาล,2026-04-09,16.310175,104.924786,27.296999999999997
มุกดาหาร,ดอนตาล,2026-04-10,16.310175,104.924786,22.628888888888888
มุกดาหาร,ดอนตาล,2026-04-16,16.310175,104.924786,29.7
มุกดาหาร,ดอนตาล,2026-04-17,16.310175,104.924786,27.945
มุกดาหาร,ดอนตาล,2026-04-20,16.310175,104.924786,22.386666666666667
มุกดาหาร,ดอนตาล,2026-04-21,16.310175,104.924786,30.535625
มุกดาหาร,ดอนตาล,2026-04-22,16.310175,104.924786,43.58882352941176
มุกดาหาร,ดอนตาล,2026-04-23,16.310175,104.924786,30.115625
มุกดาหาร,ดอนตาล,2026-04-24,16.310175,104.924786,10.016875
มุกดาหาร,ดอนตาล,2026-04-25,16.310175,104.924786,12.43
มุกดาหาร,ดอนตาล,2026-04-27,16.310175,104.924786,17.247272727272726
มุกดาหาร,ดอนตาล,2026-04-28,16.310175,104.924786,9.765
มุกดาหาร,ดอนตาล,2026-04-29,16.310175,104.924786,15.19818181818182
มุกดาหาร,ดอนตาล,2026-04-30,16.310175,104.924786,5.831428571428572
มุกดาหาร,นิคมคำสร้อย,2026-04-01,16.3779067,104.54996819999998,46.04304347826087
มุกดาหาร,นิคมคำสร้อย,2026-04-02,16.3779067,104.54996820000001,62.755833333333335
มุกดาหาร,นิคมคำสร้อย,2026-04-03,16.3779067,104.54996820000001,57.68208333333334
มุกดาหาร,นิคมคำสร้อย,2026-04-04,16.3779067,104.54996820000001,50.449999999999996
มุกดาหาร,นิคมคำสร้อย,2026-04-05,16.3779067,104.54996820000001,49.08916666666667
มุกดาหาร,นิคมคำสร้อย,2026-04-06,16.3779067,104.54996820000001,48.16708333333333
มุกดาหาร,นิคมคำสร้อย,2026-04-07,16.3779067,104.54996820000001,45.58416666666667
มุกดาหาร,นิคมคำสร้อย,2026-04-08,16.3779067,104.54996820000001,50.440416666666664
มุกดาหาร,นิคมคำสร้อย,2026-04-09,16.3779067,104.54996820000001,47.555
มุกดาหาร,นิคมคำสร้อย,2026-04-10,16.3779067,104.5499682,49.6175
มุกดาหาร,นิคมคำสร้อย,2026-04-11,16.3779067,104.54996820000001,51.37125
มุกดาหาร,นิคมคำสร้อย,2026-04-12,16.3779067,104.54996820000001,53.76583333333334
มุกดาหาร,นิคมคำสร้อย,2026-04-13,16.3779067,104.54996820000001,49.20875
มุกดาหาร,นิคมคำสร้อย,2026-04-14,16.3779067,104.54996820000001,47.14416666666667
มุกดาหาร,นิคมคำสร้อย,2026-04-15,16.3779067,104.54996820000001,48.84041666666667
มุกดาหาร,นิคมคำสร้อย,2026-04-16,16.3779067,104.54996820000001,44.83583333333333
มุกดาหาร,นิคมคำสร้อย,2026-04-17,16.3779067,104.54996820000001,46.87833333333333
มุกดาหาร,นิคมคำสร้อย,2026-04-18,16.3779067,104.54996820000001,42.740833333333335
มุกดาหาร,นิคมคำสร้อย,2026-04-19,16.3779067,104.54996820000001,37.35333333333333
มุกดาหาร,นิคมคำสร้อย,2026-04-20,16.3779067,104.54996820000001,42.87083333333334
มุกดาหาร,นิคมคำสร้อย,2026-04-21,16.3779067,104.54996820000001,50.05416666666667
มุกดาหาร,นิคมคำสร้อย,2026-04-22,16.3779067,104.54996820000001,56.39166666666667
มุกดาหาร,นิคมคำสร้อย,2026-04-23,16.3779067,104.54996820000001,58.03875
มุกดาหาร,นิคมคำสร้อย,2026-04-24,16.3779067,104.54996820000001,26.27416666666667
มุกดาหาร,นิคมคำสร้อย,2026-04-25,16.3779067,104.54996820000001,28.091250000000002
มุกดาหาร,นิคมคำสร้อย,2026-04-26,16.3779067,104.54996819999998,36.37227272727273
มุกดาหาร,นิคมคำสร้อย,2026-04-27,16.3779067,104.54996820000001,32.64541666666667
มุกดาหาร,นิคมคำสร้อย,2026-04-28,16.3779067,104.54996820000001,27.84
มุกดาหาร,นิคมคำสร้อย,2026-04-29,16.3779067,104.54996820000001,33.471250000000005
มุกดาหาร,นิคมคำสร้อย,2026-04-30,16.3779067,104.54996820000001,15.934166666666668
ยะลา,ธารโต,2026-04-01,6.171097,101.178246,15.84
ยะลา,ธารโต,2026-04-02,6.171097,101.178246,28.145
ยะลา,ธารโต,2026-04-03,6.171097,101.178246,31.457083333333333
ยะลา,ธารโต,2026-04-04,6.171097,101.178246,34.9
ยะลา,ธารโต,2026-04-05,6.171097,101.178246,38.11541666666667
ยะลา,ธารโต,2026-04-06,6.171097,101.178246,33.010416666666664
ยะลา,ธารโต,2026-04-07,6.171097,101.178246,10.707916666666668
ยะลา,ธารโต,2026-04-08,6.171097,101.178246,8.0
ยะลา,ธารโต,2026-04-09,6.171097,101.178246,10.938333333333333
ยะลา,ธารโต,2026-04-10,6.171097,101.178246,11.870416666666666
ยะลา,ธารโต,2026-04-11,6.171097,101.178246,19.94
ยะลา,ธารโต,2026-04-12,6.171097,101.178246,24.534166666666668
ยะลา,ธารโต,2026-04-13,6.171097,101.178246,19.735
ยะลา,ธารโต,2026-04-14,6.171097,101.178246,23.311666666666667
ยะลา,ธารโต,2026-04-15,6.171097,101.178246,18.6025
ยะลา,ธารโต,2026-04-16,6.171097,101.178246,18.375833333333333
ยะลา,ธารโต,2026-04-17,6.171097,101.178246,16.15625
ยะลา,ธารโต,2026-04-18,6.171097,101.178246,24.175416666666667
ยะลา,ธารโต,2026-04-19,6.171097,101.178246,28.787499999999998
ยะลา,ธารโต,2026-04-20,6.171097,101.178246,22.334166666666665
ยะลา,ธารโต,2026-04-21,6.171097,101.178246,24.91916666666667
ยะลา,ธารโต,2026-04-22,6.171097,101.178246,34.264583333333334
ยะลา,ธารโต,2026-04-23,6.171097,101.178246,38.19875
ยะลา,ธารโต,2026-04-24,6.171097,101.178246,41.68416666666666
ยะลา,ธารโต,2026-04-25,6.171097,101.178246,33.69833333333333
ยะลา,ธารโต,2026-04-26,6.171097,101.178246,21.80181818181818
ยะลา,ธารโต,2026-04-27,6.171097,101.178246,19.06083333333333
ยะลา,ธารโต,2026-04-28,6.171097,101.178246,20.71375
ยะลา,ธารโต,2026-04-29,6.171097,101.178246,25.23375
ยะลา,ธารโต,2026-04-30,6.171097,101.178246,21.769583333333333
ยะลา,บันนังสตา,2026-04-01,6.2636817,101.2576913,16.794999999999998
ยะลา,บันนังสตา,2026-04-02,6.2636817,101.2576913,25.061875
ยะลา,บันนังสตา,2026-04-24,6.2636817,101.2576913,38.604375
ยะลา,บันนังสตา,2026-04-25,6.2636817,101.2576913,26.341666666666665
ยะลา,บันนังสตา,2026-04-26,6.2636817,101.25769130000002,15.811818181818182
ยะลา,บันนังสตา,2026-04-27,6.2636817,101.25769129999999,15.720833333333333
ยะลา,บันนังสตา,2026-04-28,6.2636817,101.25769129999999,18.173333333333332
ยะลา,บันนังสตา,2026-04-29,6.2636817,101.25769129999999,23.133750000000003
ยะลา,บันนังสตา,2026-04-30,6.2636817,101.25769129999999,19.9725
ยะลา,รามัน,2026-04-01,6.473629999999999,101.41848,1.0339130434782609
ยะลา,รามัน,2026-04-02,6.47363,101.41848,1.00375
ยะลา,รามัน,2026-04-03,6.47363,101.41848,1.5270833333333333
ยะลา,รามัน,2026-04-04,6.47363,101.41848,3.0625
ยะลา,รามัน,2026-04-05,6.47363,101.41848,4.404583333333333
ยะลา,รามัน,2026-04-06,6.47363,101.41848,4.457916666666667
ยะลา,รามัน,2026-04-07,6.47363,101.41848,1.0541666666666667
ยะลา,รามัน,2026-04-08,6.47363,101.41848,1.4216666666666666
ยะลา,รามัน,2026-04-09,6.47363,101.41848,3.203333333333333
ยะลา,รามัน,2026-04-10,6.47363,101.41848,1.0516666666666667
ยะลา,รามัน,2026-04-11,6.47363,101.41848,1.8445833333333332
ยะลา,รามัน,2026-04-12,6.47363,101.41848,2.4899999999999998
ยะลา,รามัน,2026-04-13,6.47363,101.41848,2.3641666666666667
ยะลา,รามัน,2026-04-14,6.47363,101.41848,1.4408333333333332
ยะลา,รามัน,2026-04-15,6.47363,101.41848,1.7120833333333332
ยะลา,รามัน,2026-04-16,6.47363,101.41848,1.7
ยะลา,รามัน,2026-04-17,6.47363,101.41848,2.455833333333333
ยะลา,รามัน,2026-04-18,6.47363,101.41848,2.3204166666666666
ยะลา,รามัน,2026-04-19,6.47363,101.41848,1.07375
ยะลา,รามัน,2026-04-20,6.47363,101.41848,1.0975
ยะลา,รามัน,2026-04-21,6.47363,101.41848,1.1304166666666666
ยะลา,รามัน,2026-04-22,6.47363,101.41848,2.970416666666667
ยะลา,รามัน,2026-04-23,6.47363,101.41848,2.6495833333333336
ยะลา,รามัน,2026-04-24,6.47363,101.41848,8.515
ยะลา,รามัน,2026-04-25,6.47363,101.41848,3.0437499999999997
ยะลา,รามัน,2026-04-26,6.47363,101.41848,1.1309090909090909
ยะลา,รามัน,2026-04-27,6.47363,101.41848,1.0120833333333332
ยะลา,รามัน,2026-04-28,6.47363,101.41848,1.1416666666666666
ยะลา,รามัน,2026-04-29,6.47363,101.41848,1.3308333333333333
ยะลา,รามัน,2026-04-30,6.47363,101.41848,1.02875
ยะลา,เมือง,2026-04-01,6.547778,101.283111,19.951249999999998
ยะลา,เมือง,2026-04-02,6.547778,101.283111,26.895416666666666
ยะลา,เมือง,2026-04-03,6.547777999999999,101.283111,30.762
ยะลา,เมือง,2026-04-04,6.547778,101.283111,38.121874999999996
ยะลา,เมือง,2026-04-05,6.547778,101.28311099999999,41.82846153846154
ยะลา,เมือง,2026-04-06,6.547778,101.283111,36.882083333333334
ยะลา,เมือง,2026-04-07,6.547778,101.283111,22.0725
ยะลา,เมือง,2026-04-08,6.547778,101.283111,28.387083333333333
ยะลา,เมือง,2026-04-09,6.547778,101.283111,24.80458333333333
ยะลา,เมือง,2026-04-10,6.547778,101.283111,17.48875
ยะลา,เมือง,2026-04-11,6.547778,101.283111,28.6825
ยะลา,เมือง,2026-04-12,6.547778,101.283111,31.043333333333333
ยะลา,เมือง,2026-04-13,6.547778,101.283111,30.118333333333336
ยะลา,เมือง,2026-04-14,6.547778,101.283111,27.068749999999998
ยะลา,เมือง,2026-04-15,6.547778,101.283111,26.75916666666667
ยะลา,เมือง,2026-04-16,6.547778,101.283111,30.0275
ยะลา,เมือง,2026-04-17,6.547778,101.283111,28.99208333333333
ยะลา,เมือง,2026-04-18,6.547778,101.283111,24.970909090909092
ระนอง,กะเปอร์,2026-04-01,9.572408767594476,98.69655766156093,14.53217391304348
ระนอง,กะเปอร์,2026-04-02,9.572408767594476,98.69655766156092,29.54416666666667
ระนอง,กะเปอร์,2026-04-03,9.572408767594476,98.69655766156092,31.994583333333335
ระนอง,กะเปอร์,2026-04-04,9.572408767594476,98.69655766156092,36.77583333333333
ระนอง,กะเปอร์,2026-04-05,9.572408767594476,98.69655766156092,36.630833333333335
ระนอง,กะเปอร์,2026-04-06,9.572408767594476,98.69655766156092,27.54625
ระนอง,กะเปอร์,2026-04-07,9.572408767594476,98.69655766156092,30.332916666666666
ระนอง,กะเปอร์,2026-04-08,9.572408767594476,98.69655766156092,32.1025
ระนอง,กะเปอร์,2026-04-09,9.572408767594476,98.69655766156092,26.305833333333336
ระนอง,กะเปอร์,2026-04-10,9.572408767594476,98.69655766156092,22.256249999999998
ระนอง,กะเปอร์,2026-04-11,9.572408767594476,98.69655766156092,17.946250000000003
ระนอง,กะเปอร์,2026-04-12,9.572408767594476,98.69655766156092,12.975416666666666
ระนอง,กะเปอร์,2026-04-13,9.572408767594476,98.69655766156092,17.100833333333334
ระนอง,กะเปอร์,2026-04-14,9.572408767594476,98.69655766156092,24.557083333333335
ระนอง,กะเปอร์,2026-04-15,9.572408767594476,98.69655766156092,31.201666666666668
ระนอง,กะเปอร์,2026-04-16,9.572408767594476,98.69655766156092,31.846249999999998
ระนอง,กะเปอร์,2026-04-17,9.572408767594476,98.69655766156092,27.697083333333335
ระนอง,กะเปอร์,2026-04-18,9.572408767594476,98.69655766156092,28.242500000000003
ระนอง,กะเปอร์,2026-04-19,9.572408767594476,98.69655766156092,23.05875
ระนอง,กะเปอร์,2026-04-20,9.572408767594476,98.69655766156092,19.410416666666666
ระนอง,กะเปอร์,2026-04-21,9.572408767594476,98.69655766156092,17.635416666666668
ระนอง,กะเปอร์,2026-04-22,9.572408767594476,98.69655766156092,19.937083333333334
ระนอง,กะเปอร์,2026-04-23,9.572408767594476,98.69655766156092,19.076666666666664
ระนอง,กะเปอร์,2026-04-24,9.572408767594476,98.69655766156092,20.860833333333332
ระนอง,กะเปอร์,2026-04-25,9.572408767594476,98.69655766156092,20.847083333333334
ระนอง,กะเปอร์,2026-04-26,9.572408767594476,98.69655766156092,21.25409090909091
ระนอง,กะเปอร์,2026-04-27,9.572408767594476,98.69655766156092,18.416666666666668
ระนอง,กะเปอร์,2026-04-28,9.572408767594476,98.69655766156092,12.0525
ระนอง,กะเปอร์,2026-04-29,9.572408767594476,98.69655766156092,10.700416666666667
ระนอง,กะเปอร์,2026-04-30,9.572408767594476,98.69655766156092,12.455833333333333
ระนอง,ละอุ่น,2026-04-01,10.04054,98.86212000000002,8.897826086956522
ระนอง,ละอุ่น,2026-04-02,10.04054,98.86212,15.986666666666666
ระนอง,ละอุ่น,2026-04-03,10.04054,98.86212,23.131249999999998
ระนอง,ละอุ่น,2026-04-04,10.04054,98.86212,25.185833333333335
ระนอง,ละอุ่น,2026-04-05,10.04054,98.86212,20.19
ระนอง,ละอุ่น,2026-04-06,10.04054,98.86212,17.053333333333335
ระนอง,ละอุ่น,2026-04-07,10.04054,98.86212,14.0025
ระนอง,ละอุ่น,2026-04-08,10.04054,98.86212,15.27125
ระนอง,ละอุ่น,2026-04-09,10.04054,98.86212,14.676666666666668
ระนอง,ละอุ่น,2026-04-10,10.04054,98.86212,8.950416666666667
ระนอง,ละอุ่น,2026-04-11,10.04054,98.86212,7.8725
ระนอง,ละอุ่น,2026-04-12,10.04054,98.86212,9.389166666666666
ระนอง,ละอุ่น,2026-04-13,10.04054,98.86212000000002,11.327826086956522
ระนอง,ละอุ่น,2026-04-14,10.04054,98.86212,16.68166666666667
ระนอง,ละอุ่น,2026-04-15,10.04054,98.86212,19.102083333333333
ระนอง,ละอุ่น,2026-04-16,10.04054,98.86212,18.669166666666666
ระนอง,ละอุ่น,2026-04-17,10.04054,98.86212,17.44736842105263
ระนอง,ละอุ่น,2026-04-18,10.04054,98.86212,15.387083333333335
ระนอง,ละอุ่น,2026-04-19,10.04054,98.86212,14.141666666666666
ระนอง,ละอุ่น,2026-04-20,10.04054,98.86212,11.61625
ระนอง,ละอุ่น,2026-04-21,10.04054,98.86212,10.238333333333333
ระนอง,ละอุ่น,2026-04-22,10.04054,98.86212,11.092916666666667
ระนอง,ละอุ่น,2026-04-23,10.04054,98.86212,10.31625
ระนอง,ละอุ่น,2026-04-24,10.04054,98.86212,14.025
ระนอง,ละอุ่น,2026-04-25,10.04054,98.86212,9.69125
ระนอง,ละอุ่น,2026-04-26,10.04054,98.86212,11.365909090909092
ระนอง,ละอุ่น,2026-04-27,10.04054,98.86212,11.593333333333334
ระนอง,ละอุ่น,2026-04-28,10.04054,98.86212,16.324166666666667
ระนอง,ละอุ่น,2026-04-29,10.04054,98.86212,24.24791666666667
ระนอง,ละอุ่น,2026-04-30,10.04054,98.86212,43.151250000000005
ระนอง,เมือง,2026-04-01,9.740272,98.419588,20.53782608695652
ระนอง,เมือง,2026-04-02,9.740272,98.41958800000002,41.455
ระนอง,เมือง,2026-04-03,9.740272,98.419588,32.90652173913043
ระนอง,เมือง,2026-04-04,9.740272,98.41958800000002,36.564166666666665
ระนอง,เมือง,2026-04-05,9.740272,98.419588,30.11217391304348
ระนอง,เมือง,2026-04-06,9.740272,98.41958800000002,34.00666666666667
ระนอง,เมือง,2026-04-07,9.740272,98.419588,30.31913043478261
ระนอง,เมือง,2026-04-08,9.740272,98.41958800000002,26.24083333333333
ระนอง,เมือง,2026-04-09,9.740272,98.41958800000002,22.535
ระนอง,เมือง,2026-04-10,9.740272,98.41958800000002,22.420833333333334
ระนอง,เมือง,2026-04-11,9.740272,98.41958800000002,13.393749999999999
ระนอง,เมือง,2026-04-12,9.740272,98.41958800000002,19.5525
ระนอง,เมือง,2026-04-13,9.740272,98.41958800000002,22.729166666666668
ระนอง,เมือง,2026-04-14,9.740272,98.41958800000002,35.262499999999996
ระนอง,เมือง,2026-04-15,9.740272,98.41958800000002,35.61958333333333
ระนอง,เมือง,2026-04-16,9.740272,98.41958800000002,34.13625
ระนอง,เมือง,2026-04-17,9.740272,98.41958800000002,32.77291666666667
ระนอง,เมือง,2026-04-18,9.740272,98.41958800000002,25.659583333333334
ระนอง,เมือง,2026-04-19,9.740272,98.41958800000002,21.954583333333332
ระนอง,เมือง,2026-04-20,9.740272,98.41958800000002,23.479166666666668
ระนอง,เมือง,2026-04-21,9.740272,98.41958800000002,27.23625
ระนอง,เมือง,2026-04-22,9.740272,98.41958800000002,23.355
ระนอง,เมือง,2026-04-23,9.740272,98.41958800000002,24.25791666666667
ระนอง,เมือง,2026-04-24,9.740272,98.41958800000002,25.987916666666667
ระนอง,เมือง,2026-04-25,9.740272,98.41958800000002,17.808333333333334
ระนอง,เมือง,2026-04-26,9.740272,98.41958799999999,15.881818181818181
ระนอง,เมือง,2026-04-27,9.740272,98.41958800000002,15.231666666666667
ระนอง,เมือง,2026-04-28,9.740272,98.41958800000002,6.80125
ระนอง,เมือง,2026-04-29,9.740272,98.41958800000002,9.987499999999999
ระนอง,เมือง,2026-04-30,9.740272,98.41958800000002,15.737499999999999
ระยอง,บ้านฉาง,2026-04-01,12.725945999999999,101.043308,18.82695652173913
ระยอง,บ้านฉาง,2026-04-02,12.725946,101.04330799999998,17.271666666666665
ระยอง,บ้านฉาง,2026-04-03,12.725946,101.04330799999998,27.869583333333335
ระยอง,บ้านฉาง,2026-04-04,12.725946,101.04330799999998,37.91791666666666
ระยอง,บ้านฉาง,2026-04-05,12.725946,101.04330799999998,38.02
ระยอง,บ้านฉาง,2026-04-06,12.725946,101.04330799999998,35.270833333333336
ระยอง,บ้านฉาง,2026-04-07,12.725946,101.04330799999998,27.652083333333334
ระยอง,บ้านฉาง,2026-04-08,12.725946,101.04330799999998,31.364166666666666
ระยอง,บ้านฉาง,2026-04-09,12.725946,101.04330799999998,26.052083333333332
ระยอง,บ้านฉาง,2026-04-10,12.725946,101.04330799999998,18.507083333333334
ระยอง,บ้านฉาง,2026-04-11,12.725946,101.04330799999998,28.58083333333333
ระยอง,บ้านฉาง,2026-04-12,12.725946,101.04330799999998,28.998333333333335
ระยอง,บ้านฉาง,2026-04-13,12.725946,101.04330799999998,25.780833333333334
ระยอง,บ้านฉาง,2026-04-14,12.725946,101.04330799999998,28.77125
ระยอง,บ้านฉาง,2026-04-15,12.725946,101.04330799999998,28.009583333333335
ระยอง,บ้านฉาง,2026-04-16,12.725946,101.04330799999998,22.9325
ระยอง,บ้านฉาง,2026-04-17,12.725946,101.04330799999998,20.14125
ระยอง,บ้านฉาง,2026-04-18,12.725946,101.04330799999998,18.304166666666667
ระยอง,บ้านฉาง,2026-04-19,12.725946,101.04330799999998,21.59
ระยอง,บ้านฉาง,2026-04-20,12.725946,101.04330799999998,18.930416666666666
ระยอง,บ้านฉาง,2026-04-21,12.725946,101.04330799999998,17.4525
ระยอง,บ้านฉาง,2026-04-22,12.725946,101.04330799999998,20.574583333333333
ระยอง,บ้านฉาง,2026-04-23,12.725946,101.04330799999998,17.257916666666667
ระยอง,บ้านฉาง,2026-04-24,12.725946,101.04330799999998,17.535833333333333
ระยอง,บ้านฉาง,2026-04-25,12.725946,101.04330799999998,18.735833333333336
ระยอง,บ้านฉาง,2026-04-26,12.725946,101.04330800000001,20.211363636363636
ระยอง,บ้านฉาง,2026-04-27,12.725946,101.04330799999998,11.215000000000002
ระยอง,บ้านฉาง,2026-04-28,12.725946,101.04330799999998,9.120416666666667
ระยอง,บ้านฉาง,2026-04-29,12.725946,101.04330799999998,18.604166666666668
ระยอง,บ้านฉาง,2026-04-30,12.725946,101.04330799999998,13.0875
ระยอง,แกลง,2026-04-01,12.7741799,101.6528175,16.23176470588235
ระยอง,แกลง,2026-04-02,12.7741799,101.65281750000001,16.44875
ระยอง,แกลง,2026-04-03,12.7741799,101.65281750000001,26.447619047619046
ระยอง,แกลง,2026-04-04,12.7741799,101.65281750000001,30.469583333333333
ระยอง,แกลง,2026-04-05,12.7741799,101.6528175,26.625999999999998
ระยอง,แกลง,2026-04-06,12.7741799,101.6528175,26.357999999999997
ระยอง,แกลง,2026-04-07,12.7741799,101.65281750000001,26.440833333333334
ระยอง,แกลง,2026-04-08,12.7741799,101.65281750000001,27.332916666666666
ระยอง,แกลง,2026-04-09,12.7741799,101.6528175,19.264375
ระยอง,แกลง,2026-04-10,12.7741799,101.6528175,18.657999999999998
ระยอง,แกลง,2026-04-19,12.7741799,101.6528175,13.496842105263157
ระยอง,แกลง,2026-04-20,12.7741799,101.6528175,15.969090909090909
ราชบุรี,ดำเนินสะดวก,2026-04-02,13.57037,99.912339,30.54125
ราชบุรี,ดำเนินสะดวก,2026-04-03,13.570370000000002,99.91233900000002,31.522499999999997
ราชบุรี,ดำเนินสะดวก,2026-04-04,13.570370000000002,99.91233900000002,38.586666666666666
ราชบุรี,ดำเนินสะดวก,2026-04-05,13.570370000000002,99.91233900000002,41.55625
ราชบุรี,ดำเนินสะดวก,2026-04-06,13.570370000000002,99.91233900000002,41.77291666666667
ราชบุรี,ดำเนินสะดวก,2026-04-07,13.570370000000002,99.912339,39.28052631578947
ราชบุรี,ดำเนินสะดวก,2026-04-09,13.570369999999999,99.91233899999999,36.791818181818186
ราชบุรี,ดำเนินสะดวก,2026-04-10,13.57037,99.912339,43.134
ราชบุรี,ดำเนินสะดวก,2026-04-16,13.57037,99.912339,44.415
ราชบุรี,ดำเนินสะดวก,2026-04-21,13.57037,99.912339,84.32375
ราชบุรี,ดำเนินสะดวก,2026-04-23,13.57037,99.912339,44.0
ราชบุรี,ดำเนินสะดวก,2026-04-24,13.57037,99.912339,54.5
ราชบุรี,ดำเนินสะดวก,2026-04-27,13.57037,99.912339,36.085
ราชบุรี,ดำเนินสะดวก,2026-04-29,13.57037,99.912339,32.5
ราชบุรี,บ้านโป่ง,2026-04-01,13.824521581825532,99.87391629109129,23.26659574468085
ราชบุรี,บ้านโป่ง,2026-04-02,13.823658009087458,99.87504930557313,19.80142857142857
ราชบุรี,บ้านโป่ง,2026-04-03,13.823252129900563,99.8755818223796,17.85
ราชบุรี,บ้านโป่ง,2026-04-04,13.823460019240192,99.87530906986898,24.13878048780488
ราชบุรี,บ้านโป่ง,2026-04-05,13.821121264169365,99.87837753561357,23.3678125
ราชบุรี,บ้านโป่ง,2026-04-06,13.820019092239436,99.87982359418285,16.483103448275862
ราชบุรี,บ้านโป่ง,2026-04-07,13.824672707054695,99.87371801355697,24.244791666666668
ราชบุรี,บ้านโป่ง,2026-04-08,13.822561038312067,99.8764885401852,26.12324324324324
ราชบุรี,บ้านโป่ง,2026-04-09,13.822305078464474,99.8768243615947,20.623055555555553
ราชบุรี,บ้านโป่ง,2026-04-10,13.822561038312067,99.8764885401852,19.51972972972973
ราชบุรี,บ้านโป่ง,2026-04-11,13.824672707054695,99.87371801355697,22.889583333333334
ราชบุรี,บ้านโป่ง,2026-04-12,13.824672707054695,99.87371801355697,27.875833333333333
ราชบุรี,บ้านโป่ง,2026-04-13,13.824672707054695,99.87371801355697,28.73166666666667
ราชบุรี,บ้านโป่ง,2026-04-14,13.824026990166454,99.87456519938543,28.077954545454546
ราชบุรี,บ้านโป่ง,2026-04-15,13.824521581825532,99.87391629109129,40.38489361702128
ราชบุรี,บ้านโป่ง,2026-04-16,13.824672707054695,99.87371801355697,29.922916666666666
ราชบุรี,บ้านโป่ง,2026-04-17,13.824363885934233,99.87412318938797,24.59021739130435
ราชบุรี,บ้านโป่ง,2026-04-18,13.823658009087458,99.87504930557313,47.60619047619048
ราชบุรี,บ้านโป่ง,2026-04-19,13.822803526588734,99.87617039358675,35.642105263157895
ราชบุรี,บ้านโป่ง,2026-04-20,13.817569821284033,99.88303705767017,14.259166666666665
ราชบุรี,บ้านโป่ง,2026-04-21,13.81959921721851,99.88037447363783,19.405357142857145
ราชบุรี,บ้านโป่ง,2026-04-22,13.82419918133665,99.87433928316452,29.011111111111113
ราชบุรี,บ้านโป่ง,2026-04-23,13.824672707054695,99.87371801355697,24.19458333333333
ราชบุรี,บ้านโป่ง,2026-04-24,13.82384679010462,99.87480162333758,22.665348837209304
ราชบุรี,บ้านโป่ง,2026-04-25,13.817569821284033,99.88303705767017,5.579999999999999
ราชบุรี,บ้านโป่ง,2026-04-26,13.822583623004501,99.87645890888437,12.67470588235294
ราชบุรี,บ้านโป่ง,2026-04-27,13.824672707054695,99.87371801355697,13.637916666666667
ราชบุรี,บ้านโป่ง,2026-04-28,13.824521581825532,99.87391629109129,14.435106382978724
ราชบุรี,บ้านโป่ง,2026-04-29,13.824521581825532,99.87391629109129,20.019574468085107
ราชบุรี,บ้านโป่ง,2026-04-30,13.817569821284033,99.88303705767017,5.608333333333333
ร้อยเอ็ด,จังหาร,2026-04-01,16.14077134,103.6161744,28.121304347826086
ร้อยเอ็ด,จังหาร,2026-04-02,16.14077134,103.61617440000002,30.202916666666667
ร้อยเอ็ด,จังหาร,2026-04-03,16.14077134,103.6161744,27.65
ร้อยเอ็ด,จังหาร,2026-04-06,16.14077134,103.6161744,19.81
ร้อยเอ็ด,จังหาร,2026-04-07,16.14077134,103.6161744,23.932142857142857
ร้อยเอ็ด,จังหาร,2026-04-10,16.14077134,103.6161744,26.784285714285716
ร้อยเอ็ด,จังหาร,2026-04-11,16.14077134,103.61617440000002,25.811666666666667
ร้อยเอ็ด,จังหาร,2026-04-12,16.152744829839907,103.61852168182031,27.846333333333334
ร้อยเอ็ด,จังหาร,2026-04-13,16.143166037967983,103.61664385636406,21.826
ร้อยเอ็ด,จังหาร,2026-04-14,16.14077134,103.6161744,15.997
ร้อยเอ็ด,จังหาร,2026-04-15,16.14077134,103.6161744,17.996521739130436
ร้อยเอ็ด,จังหาร,2026-04-16,16.14077134,103.61617440000002,19.223333333333333
ร้อยเอ็ด,จังหาร,2026-04-17,16.14077134,103.6161744,16.55409090909091
ร้อยเอ็ด,จังหาร,2026-04-18,16.14077134,103.61617440000002,18.794999999999998
ร้อยเอ็ด,จังหาร,2026-04-19,16.14077134,103.61617440000002,22.699166666666667
ร้อยเอ็ด,จังหาร,2026-04-20,16.14077134,103.61617440000002,12.304166666666667
ร้อยเอ็ด,จังหาร,2026-04-21,16.14077134,103.6161744,17.04
ร้อยเอ็ด,จังหาร,2026-04-22,16.14077134,103.6161744,17.384761904761906
ร้อยเอ็ด,จังหาร,2026-04-23,16.14077134,103.61617440000002,13.887083333333335
ร้อยเอ็ด,จังหาร,2026-04-24,16.14077134,103.61617440000002,29.43625
ร้อยเอ็ด,จังหาร,2026-04-25,16.14077134,103.61617440000002,10.490833333333333
ร้อยเอ็ด,จังหาร,2026-04-26,16.14077134,103.6161744,14.45909090909091
ร้อยเอ็ด,จังหาร,2026-04-27,16.14077134,103.61617440000002,13.85125
ร้อยเอ็ด,จังหาร,2026-04-28,16.14077134,103.6161744,7.617391304347826
ร้อยเอ็ด,จังหาร,2026-04-29,16.143166037967983,103.61664385636406,13.8428
ร้อยเอ็ด,จังหาร,2026-04-30,16.14077134,103.6161744,22.22375
ร้อยเอ็ด,ปทุมรัตต์,2026-04-01,15.6331919,103.3420225,39.47086956521739
ร้อยเอ็ด,ปทุมรัตต์,2026-04-02,15.6331919,103.3420225,43.24666666666667
ร้อยเอ็ด,ปทุมรัตต์,2026-04-03,15.6331919,103.34202250000001,40.91047619047619
ร้อยเอ็ด,ปทุมรัตต์,2026-04-04,15.6331919,103.3420225,47.166666666666664
ร้อยเอ็ด,ปทุมรัตต์,2026-04-05,15.6331919,103.3420225,47.83375
ร้อยเอ็ด,ปทุมรัตต์,2026-04-06,15.6331919,103.34202250000001,39.912
ร้อยเอ็ด,ปทุมรัตต์,2026-04-07,15.6331919,103.3420225,41.2275
ร้อยเอ็ด,ปทุมรัตต์,2026-04-08,15.6331919,103.3420225,44.36833333333333
ร้อยเอ็ด,ปทุมรัตต์,2026-04-09,15.6331919,103.3420225,33.458125
ร้อยเอ็ด,ปทุมรัตต์,2026-04-10,15.6331919,103.3420225,39.654117647058825
ร้อยเอ็ด,ปทุมรัตต์,2026-04-11,15.6331919,103.3420225,43.51333333333333
ร้อยเอ็ด,ปทุมรัตต์,2026-04-12,15.6331919,103.3420225,40.410000000000004
ร้อยเอ็ด,ปทุมรัตต์,2026-04-13,15.6331919,103.3420225,34.52708333333333
ร้อยเอ็ด,ปทุมรัตต์,2026-04-14,15.6331919,103.34202250000001,35.032
ร้อยเอ็ด,ปทุมรัตต์,2026-04-15,15.6331919,103.3420225,36.74608695652174
ร้อยเอ็ด,ปทุมรัตต์,2026-04-16,15.6331919,103.3420225,35.80833333333333
ร้อยเอ็ด,ปทุมรัตต์,2026-04-17,15.633191900000002,103.3420225,35.33409090909091
ร้อยเอ็ด,ปทุมรัตต์,2026-04-18,15.6331919,103.3420225,26.710416666666664
ร้อยเอ็ด,ปทุมรัตต์,2026-04-19,15.6331919,103.3420225,34.23458333333333
ร้อยเอ็ด,ปทุมรัตต์,2026-04-20,15.6331919,103.3420225,25.5825
ร้อยเอ็ด,ปทุมรัตต์,2026-04-21,15.633191900000002,103.3420225,35.051818181818184
ร้อยเอ็ด,ปทุมรัตต์,2026-04-22,15.6331919,103.3420225,36.25
ร้อยเอ็ด,ปทุมรัตต์,2026-04-24,15.6331919,103.3420225,26.958823529411767
ร้อยเอ็ด,ปทุมรัตต์,2026-04-25,15.6331919,103.3420225,34.4475
ร้อยเอ็ด,ปทุมรัตต์,2026-04-26,15.633191900000002,103.3420225,35.18863636363636
ร้อยเอ็ด,ปทุมรัตต์,2026-04-27,15.6331919,103.3420225,41.43666666666667
ร้อยเอ็ด,ปทุมรัตต์,2026-04-28,15.6331919,103.3420225,24.50521739130435
ร้อยเอ็ด,ปทุมรัตต์,2026-04-29,15.6331919,103.3420225,28.169583333333332
ร้อยเอ็ด,ปทุมรัตต์,2026-04-30,15.6331919,103.34202250000001,18.3275
ร้อยเอ็ด,โพนทอง,2026-04-01,16.201504,103.898481,23.5
ร้อยเอ็ด,โพนทอง,2026-04-02,16.201504,103.898481,25.278333333333332
ร้อยเอ็ด,โพนทอง,2026-04-03,16.201504,103.898481,21.37875
ร้อยเอ็ด,โพนทอง,2026-04-04,16.201504,103.898481,23.697916666666668
ร้อยเอ็ด,โพนทอง,2026-04-05,16.201504,103.898481,20.405833333333334
ร้อยเอ็ด,โพนทอง,2026-04-06,16.201504,103.898481,18.770833333333332
ร้อยเอ็ด,โพนทอง,2026-04-07,16.201504,103.898481,21.488333333333333
ร้อยเอ็ด,โพนทอง,2026-04-08,16.201504,103.898481,23.290000000000003
ร้อยเอ็ด,โพนทอง,2026-04-09,16.201504,103.898481,19.652916666666666
ร้อยเอ็ด,โพนทอง,2026-04-10,16.201504,103.89848099999999,21.804
ร้อยเอ็ด,โพนทอง,2026-04-16,16.201504,103.898481,17.456923076923076
ร้อยเอ็ด,โพนทอง,2026-04-17,16.201504,103.898481,17.868750000000002
ร้อยเอ็ด,โพนทอง,2026-04-18,16.201504,103.898481,18.17833333333333
ร้อยเอ็ด,โพนทอง,2026-04-19,16.201504,103.89848099999999,20.3315
ร้อยเอ็ด,โพนทอง,2026-04-20,16.201504,103.898481,23.653333333333332
ร้อยเอ็ด,โพนทอง,2026-04-21,16.201504,103.898481,13.85
ร้อยเอ็ด,โพนทอง,2026-04-28,16.201504,103.89848100000002,12.012857142857143
ร้อยเอ็ด,โพนทอง,2026-04-29,16.201504,103.898481,17.698333333333334
ร้อยเอ็ด,โพนทอง,2026-04-30,16.201504,103.898481,9.3225
ลพบุรี,ชัยบาดาล,2026-04-01,15.21571,101.1459333,34.711304347826086
ลพบุรี,ชัยบาดาล,2026-04-02,15.21571,101.14593329999998,35.068333333333335
ลพบุรี,ชัยบาดาล,2026-04-03,15.21571,101.14593329999998,35.106249999999996
ลพบุรี,ชัยบาดาล,2026-04-04,15.21571,101.14593329999998,40.44083333333334
ลพบุรี,ชัยบาดาล,2026-04-05,15.21571,101.1459333,42.94913043478261
ลพบุรี,ชัยบาดาล,2026-04-06,15.21571,101.14593329999998,45.279583333333335
ลพบุรี,ชัยบาดาล,2026-04-07,15.21571,101.14593329999998,51.6
ลพบุรี,ชัยบาดาล,2026-04-08,15.21571,101.14593329999998,52.86708333333333
ลพบุรี,ชัยบาดาล,2026-04-09,15.21571,101.1459333,42.296521739130434
ลพบุรี,ชัยบาดาล,2026-04-10,15.21571,101.14593329999998,36.57666666666667
ลพบุรี,ชัยบาดาล,2026-04-11,15.21571,101.14593329999998,37.03541666666667
ลพบุรี,ชัยบาดาล,2026-04-12,15.21571,101.14593329999998,34.830416666666665
ลพบุรี,ชัยบาดาล,2026-04-13,15.21571,101.14593329999998,27.480416666666667
ลพบุรี,ชัยบาดาล,2026-04-14,15.21571,101.14593329999998,38.07041666666667
ลพบุรี,ชัยบาดาล,2026-04-15,15.21571,101.14593329999998,41.825833333333335
ลพบุรี,ชัยบาดาล,2026-04-16,15.21571,101.14593329999998,38.321666666666665
ลพบุรี,ชัยบาดาล,2026-04-17,15.21571,101.14593329999998,39.494166666666665
ลพบุรี,ชัยบาดาล,2026-04-18,15.21571,101.14593329999998,39.221666666666664
ลพบุรี,ชัยบาดาล,2026-04-19,15.21571,101.14593329999998,32.40208333333333
ลพบุรี,ชัยบาดาล,2026-04-20,15.21571,101.14593329999998,35.615833333333335
ลพบุรี,ชัยบาดาล,2026-04-21,15.21571,101.14593329999998,32.177083333333336
ลพบุรี,ชัยบาดาล,2026-04-22,15.21571,101.1459333,35.40608695652174
ลพบุรี,ชัยบาดาล,2026-04-23,15.21571,101.14593329999998,24.84875
ลพบุรี,ชัยบาดาล,2026-04-24,15.21571,101.14593329999998,18.225833333333334
ลพบุรี,ชัยบาดาล,2026-04-25,15.21571,101.14593329999998,19.495416666666667
ลพบุรี,ชัยบาดาล,2026-04-26,15.21571,101.14593330000001,30.75909090909091
ลพบุรี,ชัยบาดาล,2026-04-27,15.21571,101.14593329999998,29.958333333333332
ลพบุรี,ชัยบาดาล,2026-04-28,15.21571,101.14593329999998,22.312916666666666
ลพบุรี,ชัยบาดาล,2026-04-29,15.21571,101.14593329999998,19.20625
ลพบุรี,ชัยบาดาล,2026-04-30,15.21571,101.14593329999998,17.86
ลพบุรี,ท่าวุ้ง,2026-04-02,14.81288436,100.521382,33.538823529411765
ลพบุรี,ท่าวุ้ง,2026-04-03,14.812884360000002,100.52138200000002,30.540000000000003
ลพบุรี,ท่าวุ้ง,2026-04-04,14.81288436,100.521382,38.887499999999996
ลพบุรี,ท่าวุ้ง,2026-04-05,14.81288436,100.521382,39.025
ลพบุรี,ท่าวุ้ง,2026-04-08,14.812884360000002,100.52138200000002,49.82714285714285
ลพบุรี,ท่าวุ้ง,2026-04-09,14.81288436,100.521382,49.32
ลพบุรี,ท่าวุ้ง,2026-04-10,14.81288436,100.521382,42.93928571428571
ลพบุรี,ท่าวุ้ง,2026-04-11,14.81288436,100.521382,45.38041666666667
ลพบุรี,ท่าวุ้ง,2026-04-12,14.81288436,100.521382,46.93083333333333
ลพบุรี,ท่าวุ้ง,2026-04-13,14.81288436,100.521382,44.73541666666667
ลพบุรี,ท่าวุ้ง,2026-04-14,14.812884360000002,100.521382,47.677
ลพบุรี,ท่าวุ้ง,2026-04-15,14.81288436,100.521382,47.40739130434782
ลพบุรี,ท่าวุ้ง,2026-04-16,14.81288436,100.521382,47.69125
ลพบุรี,ท่าวุ้ง,2026-04-17,14.81288436,100.521382,46.01363636363636
ลพบุรี,ท่าวุ้ง,2026-04-18,14.81288436,100.521382,51.94833333333333
ลพบุรี,ท่าวุ้ง,2026-04-19,14.81288436,100.521382,48.47
ลพบุรี,ท่าวุ้ง,2026-04-20,14.81288436,100.521382,35.66625
ลพบุรี,ท่าวุ้ง,2026-04-21,14.81288436,100.521382,36.11142857142857
ลพบุรี,ท่าวุ้ง,2026-04-23,14.81288436,100.521382,39.05142857142857
ลพบุรี,ท่าวุ้ง,2026-04-24,14.81288436,100.521382,35.227916666666665
ลพบุรี,ท่าวุ้ง,2026-04-25,14.81288436,100.521382,26.522499999999997
ลพบุรี,ท่าวุ้ง,2026-04-26,14.81288436,100.521382,28.16818181818182
ลพบุรี,ท่าวุ้ง,2026-04-27,14.81288436,100.521382,40.45125
ลพบุรี,ท่าวุ้ง,2026-04-28,14.812884360000002,100.521382,28.69105263157895
ลพบุรี,ท่าหลวง,2026-04-01,15.065716550000001,101.1244377,26.251739130434782
ลพบุรี,ท่าหลวง,2026-04-02,15.06571655,101.1244377,26.757500000000004
ลพบุรี,ท่าหลวง,2026-04-03,15.06571655,101.12443770000002,25.355238095238096
ลพบุรี,ท่าหลวง,2026-04-04,15.06571655,101.1244377,30.83458333333333
ลพบุรี,ท่าหลวง,2026-04-05,15.06571655,101.1244377,29.895
ลพบุรี,ท่าหลวง,2026-04-06,15.06571655,101.1244377,39.72
ลพบุรี,ท่าหลวง,2026-04-07,15.06571655,101.1244377,36.27791666666666
ลพบุรี,ท่าหลวง,2026-04-08,15.06571655,101.1244377,34.30833333333333
ลพบุรี,ท่าหลวง,2026-04-09,15.06571655,101.1244377,35.054375
ลพบุรี,ท่าหลวง,2026-04-10,15.065716550000001,101.1244377,29.76764705882353
ลพบุรี,ท่าหลวง,2026-04-11,15.06571655,101.1244377,29.297916666666666
ลพบุรี,ท่าหลวง,2026-04-12,15.06571655,101.1244377,28.12708333333333
ลพบุรี,ท่าหลวง,2026-04-13,15.06571655,101.1244377,22.27416666666667
ลพบุรี,ท่าหลวง,2026-04-14,15.06571655,101.1244377,31.383
ลพบุรี,ท่าหลวง,2026-04-15,15.065716550000001,101.1244377,29.709130434782605
ลพบุรี,ท่าหลวง,2026-04-16,15.06571655,101.1244377,32.000416666666666
ลพบุรี,ท่าหลวง,2026-04-17,15.065716549999998,101.1244377,39.0
ลพบุรี,ท่าหลวง,2026-04-18,15.06571655,101.1244377,39.0
ลพบุรี,ท่าหลวง,2026-04-19,15.06571655,101.1244377,39.0
ลพบุรี,ท่าหลวง,2026-04-20,15.06571655,101.1244377,39.0
ลพบุรี,ท่าหลวง,2026-04-21,15.065716549999998,101.1244377,39.0
ลพบุรี,ท่าหลวง,2026-04-22,15.06571655,101.12443770000002,39.0
ลพบุรี,ท่าหลวง,2026-04-23,15.06571655,101.1244377,39.0
ลพบุรี,ท่าหลวง,2026-04-24,15.06571655,101.1244377,39.0
ลพบุรี,ท่าหลวง,2026-04-25,15.06571655,101.1244377,39.0
ลพบุรี,ท่าหลวง,2026-04-26,15.065716549999998,101.1244377,39.0
ลพบุรี,ท่าหลวง,2026-04-27,15.06571655,101.1244377,39.0
ลพบุรี,ท่าหลวง,2026-04-28,15.065716550000001,101.1244377,39.0
ลพบุรี,ท่าหลวง,2026-04-29,15.06571655,101.1244377,39.0
ลพบุรี,ท่าหลวง,2026-04-30,15.06571655,101.1244377,39.0
ลพบุรี,พัฒนานิคม,2026-04-01,14.85566667,100.9853581,22.918695652173913
ลพบุรี,พัฒนานิคม,2026-04-02,14.85566667,100.9853581,23.360416666666666
ลพบุรี,พัฒนานิคม,2026-04-03,14.85566667,100.9853581,24.126190476190477
ลพบุรี,พัฒนานิคม,2026-04-04,14.85566667,100.9853581,28.986666666666665
ลพบุรี,พัฒนานิคม,2026-04-05,14.85566667,100.9853581,29.405
ลพบุรี,พัฒนานิคม,2026-04-06,14.85566667,100.9853581,34.144
ลพบุรี,พัฒนานิคม,2026-04-07,14.85566667,100.9853581,31.88875
ลพบุรี,พัฒนานิคม,2026-04-08,14.85566667,100.9853581,30.10166666666667
ลพบุรี,พัฒนานิคม,2026-04-09,14.85566667,100.9853581,33.175
ลพบุรี,พัฒนานิคม,2026-04-17,14.85566667,100.9853581,29.36894736842105
ลพบุรี,พัฒนานิคม,2026-04-18,14.85566667,100.9853581,30.788749999999997
ลพบุรี,พัฒนานิคม,2026-04-19,14.85566667,100.9853581,25.25375
ลพบุรี,พัฒนานิคม,2026-04-20,14.85566667,100.9853581,22.066666666666666
ลพบุรี,พัฒนานิคม,2026-04-21,14.85566667,100.9853581,26.34272727272727
ลพบุรี,พัฒนานิคม,2026-04-22,14.85566667,100.9853581,27.01238095238095
ลพบุรี,พัฒนานิคม,2026-04-23,14.85566667,100.9853581,22.22791666666667
ลพบุรี,พัฒนานิคม,2026-04-24,14.85566667,100.9853581,16.904999999999998
ลพบุรี,พัฒนานิคม,2026-04-25,14.85566667,100.9853581,17.66625
ลพบุรี,พัฒนานิคม,2026-04-26,14.85566667,100.9853581,25.948636363636364
ลพบุรี,พัฒนานิคม,2026-04-27,14.85566667,100.9853581,24.907916666666665
ลพบุรี,พัฒนานิคม,2026-04-28,14.85566667,100.9853581,16.35
ลพบุรี,พัฒนานิคม,2026-04-29,14.85566667,100.9853581,18.377916666666668
ลพบุรี,พัฒนานิคม,2026-04-30,14.85566667,100.9853581,21.460416666666664
ลพบุรี,ลำสนธิ,2026-04-01,15.30399,101.359591,40.823043478260864
ลพบุรี,ลำสนธิ,2026-04-02,15.30399,101.35959099999998,42.312916666666666
ลพบุรี,ลำสนธิ,2026-04-03,15.30399,101.35959099999998,40.70708333333334
ลพบุรี,ลำสนธิ,2026-04-04,15.30399,101.35959099999998,47.17583333333334
ลพบุรี,ลำสนธิ,2026-04-05,15.30399,101.35959099999998,48.15166666666667
ลพบุรี,ลำสนธิ,2026-04-06,15.30399,101.35959099999998,67.32583333333334
ลพบุรี,ลำสนธิ,2026-04-07,15.30399,101.35959099999998,54.806666666666665
ลพบุรี,ลำสนธิ,2026-04-08,15.30399,101.35959099999998,56.17583333333334
ลพบุรี,ลำสนธิ,2026-04-09,15.30399,101.35959099999998,50.87166666666667
ลพบุรี,ลำสนธิ,2026-04-10,15.30399,101.35959099999998,44.21875
ลพบุรี,ลำสนธิ,2026-04-11,15.30399,101.35959099999998,44.251666666666665
ลพบุรี,ลำสนธิ,2026-04-12,15.30399,101.35959099999998,45.44083333333333
ลพบุรี,ลำสนธิ,2026-04-13,15.30399,101.35959099999998,37.790416666666665
ลพบุรี,ลำสนธิ,2026-04-14,15.30399,101.35959099999998,50.29791666666667
ลพบุรี,ลำสนธิ,2026-04-15,15.30399,101.35959099999998,52.73375000000001
ลพบุรี,ลำสนธิ,2026-04-16,15.30399,101.35959099999998,48.08583333333333
ลพบุรี,ลำสนธิ,2026-04-17,15.30399,101.35959099999998,47.007083333333334
ลพบุรี,ลำสนธิ,2026-04-18,15.30399,101.35959099999998,50.96666666666667
ลพบุรี,ลำสนธิ,2026-04-19,15.30399,101.35959099999998,44.403333333333336
ลพบุรี,ลำสนธิ,2026-04-20,15.30399,101.35959099999998,43.510416666666664
ลพบุรี,ลำสนธิ,2026-04-21,15.30399,101.35959099999998,43.39625
ลพบุรี,ลำสนธิ,2026-04-22,15.30399,101.35959099999998,43.78583333333333
ลพบุรี,ลำสนธิ,2026-04-23,15.30399,101.35959099999998,38.52916666666667
ลพบุรี,ลำสนธิ,2026-04-24,15.30399,101.35959099999998,30.809166666666666
ลพบุรี,ลำสนธิ,2026-04-25,15.30399,101.35959099999998,35.63583333333333
ลพบุรี,ลำสนธิ,2026-04-26,15.30399,101.359591,46.91863636363637
ลพบุรี,ลำสนธิ,2026-04-27,15.30399,101.35959099999998,42.57791666666667
ลพบุรี,ลำสนธิ,2026-04-28,15.30399,101.35959099999998,29.74291666666667
ลพบุรี,ลำสนธิ,2026-04-29,15.30399,101.35959099999998,28.881666666666664
ลพบุรี,ลำสนธิ,2026-04-30,15.30399,101.35959099999998,25.522916666666664
ลพบุรี,สระโบสถ์,2026-04-01,15.19425966,100.8427038,39.34
ลพบุรี,สระโบสถ์,2026-04-02,15.19425966,100.8427038,41.512499999999996
ลพบุรี,สระโบสถ์,2026-04-03,15.19425966,100.8427038,37.19882352941176
ลพบุรี,สระโบสถ์,2026-04-04,15.19425966,100.8427038,55.16375
ลพบุรี,สระโบสถ์,2026-04-05,15.19425966,100.8427038,42.05625
ลพบุรี,สระโบสถ์,2026-04-06,15.19425966,100.8427038,73.032
ลพบุรี,สระโบสถ์,2026-04-07,15.19425966,100.8427038,58.02041666666667
ลพบุรี,สระโบสถ์,2026-04-08,15.19425966,100.8427038,57.33958333333334
ลพบุรี,สระโบสถ์,2026-04-09,15.19425966,100.8427038,56.91625
ลพบุรี,สระโบสถ์,2026-04-10,15.19425966,100.8427038,54.61529411764706
ลพบุรี,สระโบสถ์,2026-04-11,15.19425966,100.8427038,53.40958333333333
ลพบุรี,สระโบสถ์,2026-04-12,15.19425966,100.8427038,43.60272727272727
ลพบุรี,สระโบสถ์,2026-04-19,15.19425966,100.8427038,42.46176470588235
ลพบุรี,สระโบสถ์,2026-04-26,15.19425966,100.8427038,35.43
ลพบุรี,สระโบสถ์,2026-04-27,15.19425966,100.8427038,38.89833333333333
ลพบุรี,สระโบสถ์,2026-04-28,15.19425966,100.8427038,25.509999999999998
ลพบุรี,สระโบสถ์,2026-04-30,15.19425966,100.8427038,36.42100000000001
ลพบุรี,หนองม่วง,2026-04-01,15.21217947,100.66731890000001,27.843478260869563
ลพบุรี,หนองม่วง,2026-04-02,15.21217947,100.6673189,29.336250000000003
ลพบุรี,หนองม่วง,2026-04-03,15.212179470000002,100.6673189,33.221111111111114
ลพบุรี,หนองม่วง,2026-04-07,15.21217947,100.6673189,39.40125
ลพบุรี,หนองม่วง,2026-04-09,15.21217947,100.6673189,38.708999999999996
ลพบุรี,หนองม่วง,2026-04-10,15.21217947,100.6673189,40.3635294117647
ลพบุรี,หนองม่วง,2026-04-11,15.21217947,100.6673189,36.44227272727273
ลพบุรี,หนองม่วง,2026-04-14,15.21217947,100.6673189,43.46125
ลพบุรี,หนองม่วง,2026-04-15,15.21217947,100.66731890000001,40.845652173913045
ลพบุรี,หนองม่วง,2026-04-16,15.21217947,100.6673189,26.508
ลพบุรี,หนองม่วง,2026-04-17,15.212179470000002,100.6673189,31.88888888888889
ลพบุรี,หนองม่วง,2026-04-21,15.21217947,100.6673189,16.945
ลพบุรี,หนองม่วง,2026-04-25,15.21217947,100.6673189,23.691333333333333
ลพบุรี,หนองม่วง,2026-04-26,15.21217947,100.6673189,34.06409090909091
ลพบุรี,หนองม่วง,2026-04-27,15.21217947,100.6673189,35.5635
ลพบุรี,หนองม่วง,2026-04-28,15.21217947,100.6673189,22.85470588235294
ลพบุรี,เมือง,2026-04-01,14.793718649999999,100.66785974999999,25.122608695652175
ลพบุรี,เมือง,2026-04-02,14.79371865,100.66785974999999,25.057708333333334
ลพบุรี,เมือง,2026-04-03,14.792952513333333,100.66886761333333,26.045333333333332
ลพบุรี,เมือง,2026-04-04,14.79371865,100.66785974999999,26.952708333333334
ลพบุรี,เมือง,2026-04-05,14.787972625,100.675418725,42.85625
ลพบุรี,เมือง,2026-04-06,14.786189375862067,100.6777646137931,55.83379310344828
ลพบุรี,เมือง,2026-04-07,14.79371865,100.66785974999999,32.28
ลพบุรี,เมือง,2026-04-08,14.793474138297872,100.66818140851063,36.73531914893617
ลพบุรี,เมือง,2026-04-09,14.791420239999999,100.67088334,38.54275
ลพบุรี,เมือง,2026-04-10,14.791756592682926,100.67044086341463,33.17536585365854
ลพบุรี,เมือง,2026-04-11,14.79371865,100.66785974999999,34.37854166666667
ลพบุรี,เมือง,2026-04-12,14.79371865,100.66785974999999,30.112291666666664
ลพบุรี,เมือง,2026-04-13,14.79371865,100.66785974999999,23.635
ลพบุรี,เมือง,2026-04-14,14.792673918181817,100.66923410909091,31.859772727272727
ลพบุรี,เมือง,2026-04-15,14.793474138297872,100.66818140851063,35.36021276595745
ลพบุรี,เมือง,2026-04-16,14.79371865,100.66785974999999,34.30645833333333
ลพบุรี,เมือง,2026-04-17,14.793218995652172,100.6685170521739,32.2195652173913
ลพบุรี,เมือง,2026-04-18,14.79371865,100.66785974999999,32.418124999999996
ลพบุรี,เมือง,2026-04-19,14.79371865,100.66785974999999,28.489375
ลพบุรี,เมือง,2026-04-20,14.79371865,100.66785974999999,21.231041666666666
ลพบุรี,เมือง,2026-04-21,14.793474138297872,100.66818140851063,23.493191489361703
ลพบุรี,เมือง,2026-04-22,14.792952513333333,100.66886761333333,28.215777777777777
ลพบุรี,เมือง,2026-04-23,14.79371865,100.66785974999999,22.4075
ลพบุรี,เมือง,2026-04-24,14.79371865,100.66785974999999,19.00375
ลพบุรี,เมือง,2026-04-25,14.793218995652172,100.6685170521739,16.760652173913044
ลพบุรี,เมือง,2026-04-26,14.793718649999999,100.66785974999999,19.815
ลพบุรี,เมือง,2026-04-27,14.79371865,100.66785974999999,23.598125
ลพบุรี,เมือง,2026-04-28,14.792673918181817,100.66923410909091,20.61977272727273
ลพบุรี,เมือง,2026-04-29,14.7822266,100.6829777,33.035000000000004
ลพบุรี,เมือง,2026-04-30,14.7822266,100.6829777,34.00291666666667
ลพบุรี,เมืองลพบุรี,2026-04-01,14.806131800000001,100.65272,6.553478260869565
ลพบุรี,เมืองลพบุรี,2026-04-02,14.806131799999998,100.65272,7.464166666666666
ลพบุรี,เมืองลพบุรี,2026-04-03,14.8061318,100.65272,6.28952380952381
ลพบุรี,เมืองลพบุรี,2026-04-04,14.806131799999998,100.65272,8.480833333333333
ลพบุรี,เมืองลพบุรี,2026-04-05,14.8061318,100.65272,9.4725
ลพบุรี,เมืองลพบุรี,2026-04-07,14.8061318,100.65272,12.883571428571429
ลพบุรี,เมืองลพบุรี,2026-04-08,14.806131799999998,100.65272,13.765416666666667
ลพบุรี,เมืองลพบุรี,2026-04-09,14.8061318,100.65272,13.953125
ลพบุรี,เมืองลพบุรี,2026-04-10,14.8061318,100.65272,11.354705882352942
ลพบุรี,เมืองลพบุรี,2026-04-11,14.806131799999998,100.65272,12.530000000000001
ลพบุรี,เมืองลพบุรี,2026-04-12,14.8061318,100.65272,9.7275
ลพบุรี,เมืองลพบุรี,2026-04-13,14.8061318,100.65272,5.3825
ลพบุรี,เมืองลพบุรี,2026-04-14,14.8061318,100.65272,10.690999999999999
ลพบุรี,เมืองลพบุรี,2026-04-15,14.806131800000001,100.65272,11.125217391304348
ลพบุรี,เมืองลพบุรี,2026-04-16,14.806131799999998,100.65272,11.975
ลพบุรี,เมืองลพบุรี,2026-04-17,14.806131800000001,100.65272,10.245454545454546
ลพบุรี,เมืองลพบุรี,2026-04-18,14.806131799999998,100.65272,9.352500000000001
ลพบุรี,เมืองลพบุรี,2026-04-19,14.806131799999998,100.65272,9.305833333333334
ลพบุรี,เมืองลพบุรี,2026-04-20,14.806131799999998,100.65272,4.799166666666667
ลพบุรี,เมืองลพบุรี,2026-04-21,14.806131800000001,100.65272,5.802608695652174
ลพบุรี,เมืองลพบุรี,2026-04-22,14.8061318,100.65272,8.772857142857143
ลพบุรี,เมืองลพบุรี,2026-04-23,14.8061318,100.65272,5.085999999999999
ลพบุรี,เมืองลพบุรี,2026-04-24,14.8061318,100.65272,4.224666666666667
ลพบุรี,เมืองลพบุรี,2026-04-25,14.806131799999998,100.65272,2.65
ลพบุรี,เมืองลพบุรี,2026-04-26,14.806131800000001,100.65272,3.612727272727273
ลพบุรี,เมืองลพบุรี,2026-04-27,14.806131799999998,100.65272,5.755
ลพบุรี,เมืองลพบุรี,2026-04-28,14.806131800000001,100.65272,4.908695652173913
ลพบุรี,เมืองลพบุรี,2026-04-29,14.8061318,100.65272,1.5499999999999998
ลพบุรี,เมืองลพบุรี,2026-04-30,14.806131800000001,100.65272,3.2313043478260868
ลพบุรี,โคกสำโรง,2026-04-01,15.044164924999999,101.0487076,31.311086956521738
ลพบุรี,โคกสำโรง,2026-04-02,15.02501369888889,101.2905058,36.28074074074074
ลพบุรี,โคกสำโรง,2026-04-03,15.01954192,101.35959099999998,31.390833333333333
ลพบุรี,โคกสำโรง,2026-04-04,15.01954192,101.35959099999998,37.02375
ลพบุรี,โคกสำโรง,2026-04-05,15.01954192,101.35959099999998,41.99666666666666
ลพบุรี,โคกสำโรง,2026-04-06,15.01954192,101.35959099999998,45.80666666666667
ลพบุรี,โคกสำโรง,2026-04-07,15.01954192,101.35959099999998,43.13666666666666
ลพบุรี,โคกสำโรง,2026-04-08,15.01954192,101.35959099999998,44.656666666666666
ลพบุรี,โคกสำโรง,2026-04-09,15.037685186842106,101.13051902105262,42.60052631578947
ลพบุรี,โคกสำโรง,2026-04-10,15.039960997317072,101.10178525365853,39.55317073170732
ลพบุรี,โคกสำโรง,2026-04-11,15.0215117604,101.334720328,44.2596
ลพบุรี,โคกสำโรง,2026-04-12,15.01954192,101.35959099999998,38.1825
ลพบุรี,โคกสำโรง,2026-04-13,15.01954192,101.35959099999998,30.719583333333333
ลพบุรี,โคกสำโรง,2026-04-14,15.01954192,101.35959099999998,39.562083333333334
ลพบุรี,โคกสำโรง,2026-04-15,15.01954192,101.35959099999998,42.0875
ลพบุรี,โคกสำโรง,2026-04-16,15.01954192,101.35959099999998,44.33916666666667
ลพบุรี,โคกสำโรง,2026-04-17,15.01954192,101.35959099999998,42.803333333333335
ลพบุรี,โคกสำโรง,2026-04-18,15.01954192,101.35959099999998,41.03
ลพบุรี,โคกสำโรง,2026-04-19,15.01954192,101.35959099999998,41.05041666666667
ลพบุรี,โคกสำโรง,2026-04-20,15.01954192,101.35959099999998,30.925
ลพบุรี,โคกสำโรง,2026-04-21,15.01954192,101.35959099999998,34.72083333333333
ลพบุรี,โคกสำโรง,2026-04-22,15.02501369888889,101.2905058,39.443333333333335
ลพบุรี,โคกสำโรง,2026-04-23,15.01954192,101.35959099999998,34.79833333333333
ลพบุรี,โคกสำโรง,2026-04-24,15.03297265,101.19001823636363,25.244242424242422
ลพบุรี,โคกสำโรง,2026-04-25,15.044164924999999,101.0487076,25.520416666666666
ลพบุรี,โคกสำโรง,2026-04-26,15.044164925,101.0487076,33.16613636363636
ลพบุรี,โคกสำโรง,2026-04-27,15.044164924999999,101.0487076,32.06916666666667
ลพบุรี,โคกสำโรง,2026-04-28,15.02501369888889,101.2905058,21.901111111111113
ลพบุรี,โคกสำโรง,2026-04-29,15.01954192,101.35959099999998,20.917083333333334
ลพบุรี,โคกสำโรง,2026-04-30,15.034026040588236,101.1767184117647,20.200294117647058
ลำปาง,วังเหนือ,2026-04-01,19.145507458171473,99.6213353639012,213.94333333333336
ลำปาง,วังเหนือ,2026-04-02,19.145507458171473,99.6213353639012,204.82625
ลำปาง,วังเหนือ,2026-04-03,19.145507458171473,99.6213353639012,196.83041666666668
ลำปาง,วังเหนือ,2026-04-04,19.145507458171473,99.6213353639012,226.46124999999998
ลำปาง,วังเหนือ,2026-04-05,19.145507458171473,99.6213353639012,189.41875000000002
ลำปาง,วังเหนือ,2026-04-06,19.145507458171473,99.6213353639012,159.37208333333334
ลำปาง,วังเหนือ,2026-04-07,19.145507458171473,99.6213353639012,131.04916666666665
ลำปาง,วังเหนือ,2026-04-08,19.145507458171473,99.6213353639012,104.08749999999999
ลำปาง,วังเหนือ,2026-04-09,19.145507458171473,99.6213353639012,123.72541666666666
ลำปาง,วังเหนือ,2026-04-10,19.145507458171473,99.6213353639012,100.06333333333333
ลำปาง,วังเหนือ,2026-04-11,19.145507458171473,99.6213353639012,105.53208333333333
ลำปาง,วังเหนือ,2026-04-12,19.145507458171473,99.6213353639012,143.38
ลำปาง,วังเหนือ,2026-04-13,19.145507458171473,99.6213353639012,202.80916666666667
ลำปาง,วังเหนือ,2026-04-14,19.145507458171473,99.6213353639012,154.11875
ลำปาง,วังเหนือ,2026-04-15,19.145507458171473,99.6213353639012,126.33625
ลำปาง,วังเหนือ,2026-04-16,19.145507458171473,99.6213353639012,182.51583333333335
ลำปาง,วังเหนือ,2026-04-17,19.145507458171473,99.6213353639012,168.96791666666667
ลำปาง,วังเหนือ,2026-04-18,19.145507458171473,99.6213353639012,165.36291666666668
ลำปาง,วังเหนือ,2026-04-19,19.145507458171473,99.6213353639012,109.78333333333335
ลำปาง,วังเหนือ,2026-04-20,19.145507458171473,99.6213353639012,129.2825
ลำปาง,วังเหนือ,2026-04-21,19.145507458171473,99.6213353639012,102.53583333333334
ลำปาง,วังเหนือ,2026-04-22,19.145507458171473,99.6213353639012,86.46041666666667
ลำปาง,วังเหนือ,2026-04-23,19.145507458171473,99.6213353639012,78.52333333333333
ลำปาง,วังเหนือ,2026-04-24,19.145507458171473,99.6213353639012,73.90375
ลำปาง,วังเหนือ,2026-04-25,19.145507458171473,99.6213353639012,58.180416666666666
ลำปาง,วังเหนือ,2026-04-26,19.145507458171473,99.62133536390117,43.74227272727273
ลำปาง,วังเหนือ,2026-04-27,19.145507458171473,99.6213353639012,39.76958333333334
ลำปาง,วังเหนือ,2026-04-28,19.145507458171473,99.6213353639012,36.79625
ลำปาง,วังเหนือ,2026-04-29,19.145507458171473,99.6213353639012,33.26166666666666
ลำปาง,วังเหนือ,2026-04-30,19.145507458171473,99.6213353639012,40.59625
ลำปาง,ห้างฉัตร,2026-04-29,18.31464,99.36557300000001,27.13076923076923
ลำปาง,ห้างฉัตร,2026-04-30,18.31464,99.365573,36.778124999999996
ลำปาง,เกาะคา,2026-04-01,18.21688215,99.34114796,97.72874999999999
ลำปาง,เกาะคา,2026-04-02,18.21688215,99.34114796,103.82041666666667
ลำปาง,เกาะคา,2026-04-03,18.21688215,99.34114796,95.20166666666667
ลำปาง,เกาะคา,2026-04-04,18.21688215,99.34114796,105.15916666666668
ลำปาง,เกาะคา,2026-04-05,18.21688215,99.34114796,95.25
ลำปาง,เกาะคา,2026-04-06,18.21688215,99.34114796,70.78458333333333
ลำปาง,เกาะคา,2026-04-07,18.21688215,99.34114796,64.24666666666667
ลำปาง,เกาะคา,2026-04-08,18.21688215,99.34114796,58.120416666666664
ลำปาง,เกาะคา,2026-04-09,18.21688215,99.34114796,50.54416666666666
ลำปาง,เกาะคา,2026-04-10,18.21688215,99.34114796,49.80041666666667
ลำปาง,เกาะคา,2026-04-11,18.21688215,99.34114796,49.12083333333333
ลำปาง,เกาะคา,2026-04-12,18.21688215,99.34114796,70.30583333333333
ลำปาง,เกาะคา,2026-04-13,18.21688215,99.34114796,63.444583333333334
ลำปาง,เกาะคา,2026-04-14,18.21688215,99.34114796,63.3075
ลำปาง,เกาะคา,2026-04-15,18.21688215,99.34114796,53.54125
ลำปาง,เกาะคา,2026-04-16,18.21688215,99.34114796,58.51958333333334
ลำปาง,เกาะคา,2026-04-17,18.21688215,99.34114796,90.44958333333334
ลำปาง,เกาะคา,2026-04-18,18.21688215,99.34114796,87.91791666666667
ลำปาง,เกาะคา,2026-04-19,18.21688215,99.34114796,74.86083333333333
ลำปาง,เกาะคา,2026-04-20,18.21688215,99.34114796,58.29583333333333
ลำปาง,เกาะคา,2026-04-21,18.21688215,99.34114796,55.94291666666667
ลำปาง,เกาะคา,2026-04-22,18.21688215,99.34114796,56.000416666666666
ลำปาง,เกาะคา,2026-04-23,18.21688215,99.34114796,50.91916666666666
ลำปาง,เกาะคา,2026-04-24,18.21688215,99.34114796,47.41291666666667
ลำปาง,เกาะคา,2026-04-25,18.21688215,99.34114796,32.64625
ลำปาง,เกาะคา,2026-04-26,18.21688215,99.34114796000001,22.13047619047619
ลำปาง,เกาะคา,2026-04-27,18.21688215,99.34114796,16.578333333333333
ลำปาง,เกาะคา,2026-04-28,18.21688215,99.34114796,18.968333333333334
ลำปาง,เกาะคา,2026-04-29,18.21688215,99.34114796,13.376666666666667
ลำปาง,เกาะคา,2026-04-30,18.21688215,99.34114796,20.522916666666667
ลำปาง,เมือง,2026-04-01,18.24031258030162,99.46557077566645,134.12807228915662
ลำปาง,เมือง,2026-04-02,18.239848966250413,99.46589321881328,142.79535714285714
ลำปาง,เมือง,2026-04-03,18.239848966250413,99.46589321881328,123.06511904761904
ลำปาง,เมือง,2026-04-04,18.239587793958812,99.47081408861548,122.03847222222223
ลำปาง,เมือง,2026-04-05,18.239587793958812,99.47081408861548,101.01611111111112
ลำปาง,เมือง,2026-04-06,18.239587793958812,99.47081408861548,83.99152777777778
ลำปาง,เมือง,2026-04-07,18.239830086325718,99.46624894434115,81.06024096385542
ลำปาง,เมือง,2026-04-08,18.23905616389157,99.46727718312582,89.83951219512196
ลำปาง,เมือง,2026-04-09,18.239848966250413,99.46589321881328,54.38916666666666
ลำปาง,เมือง,2026-04-10,18.239810745915054,99.46661334610141,58.49353658536586
ลำปาง,เมือง,2026-04-11,18.239587793958812,99.47081408861548,54.95166666666667
ลำปาง,เมือง,2026-04-12,18.239587793958812,99.47081408861548,87.66194444444444
ลำปาง,เมือง,2026-04-13,18.239587793958812,99.47081408861548,75.60708333333334
ลำปาง,เมือง,2026-04-14,18.239587793958812,99.47081408861548,64.50319444444443
ลำปาง,เมือง,2026-04-15,18.239587793958812,99.47081408861548,55.39208333333333
ลำปาง,เมือง,2026-04-16,18.239848966250413,99.46589321881328,78.59321428571428
ลำปาง,เมือง,2026-04-17,18.239848966250413,99.46589321881328,115.70988095238094
ลำปาง,เมือง,2026-04-18,18.239587793958812,99.47081408861548,99.56222222222222
ลำปาง,เมือง,2026-04-19,18.239587793958812,99.47081408861548,82.21902777777778
ลำปาง,เมือง,2026-04-20,18.239848966250413,99.46589321881328,68.89714285714285
ลำปาง,เมือง,2026-04-21,18.239848966250413,99.46589321881328,72.17547619047619
ลำปาง,เมือง,2026-04-22,18.237745228848972,99.46990908936307,64.55525641025642
ลำปาง,เมือง,2026-04-23,18.23970143366923,99.46515297793358,59.75604938271605
ลำปาง,เมือง,2026-04-24,18.239810745915054,99.46661334610141,49.47560975609756
ลำปาง,เมือง,2026-04-25,18.239587793958812,99.47081408861548,34.56458333333333
ลำปาง,เมือง,2026-04-26,18.239587793958812,99.47081408861548,27.98121212121212
ลำปาง,เมือง,2026-04-27,18.23943345490331,99.46694526461361,27.42219512195122
ลำปาง,เมือง,2026-04-28,18.239848966250413,99.46589321881328,30.757261904761908
ลำปาง,เมือง,2026-04-29,18.239830086325718,99.46624894434115,24.758192771084335
ลำปาง,เมือง,2026-04-30,18.239830086325718,99.46624894434115,35.27590361445783
ลำปาง,เมืองปาน,2026-04-02,18.6621642,99.49715,301.305
ลำปาง,เมืองปาน,2026-04-07,18.6621642,99.49715,137.92666666666665
ลำปาง,เมืองลำปาง,2026-04-01,18.418525,99.54350800000002,169.80916666666667
ลำปาง,เมืองลำปาง,2026-04-02,18.418525,99.54350800000002,169.20416666666668
ลำปาง,เมืองลำปาง,2026-04-03,18.418525,99.54350800000002,150.00375
ลำปาง,เมืองลำปาง,2026-04-04,18.418525,99.54350800000002,182.49166666666667
ลำปาง,เมืองลำปาง,2026-04-05,18.418525,99.54350800000002,159.45666666666668
ลำปาง,เมืองลำปาง,2026-04-06,18.418525,99.54350800000002,125.16833333333334
ลำปาง,เมืองลำปาง,2026-04-07,18.418525,99.54350800000002,112.65083333333332
ลำปาง,เมืองลำปาง,2026-04-08,18.418525,99.54350800000002,117.97166666666668
ลำปาง,เมืองลำปาง,2026-04-09,18.418525,99.54350800000002,65.92833333333333
ลำปาง,เมืองลำปาง,2026-04-10,18.418525,99.54350800000002,80.02458333333333
ลำปาง,เมืองลำปาง,2026-04-11,18.418525,99.54350800000002,76.28666666666668
ลำปาง,เมืองลำปาง,2026-04-12,18.418525,99.54350800000002,124.89666666666666
ลำปาง,เมืองลำปาง,2026-04-13,18.418525,99.54350800000002,123.45875000000001
ลำปาง,เมืองลำปาง,2026-04-14,18.418525,99.54350800000002,89.64083333333333
ลำปาง,เมืองลำปาง,2026-04-15,18.418525,99.54350800000002,82.5575
ลำปาง,เมืองลำปาง,2026-04-16,18.418525,99.543508,84.76347826086956
ลำปาง,เมืองลำปาง,2026-04-17,18.418525,99.543508,175.7355
ลำปาง,เมืองลำปาง,2026-04-18,18.418525,99.543508,150.2778260869565
ลำปาง,เมืองลำปาง,2026-04-19,18.418525,99.54350800000002,134.17583333333332
ลำปาง,เมืองลำปาง,2026-04-20,18.418525,99.54350800000002,92.33416666666666
ลำปาง,เมืองลำปาง,2026-04-21,18.418525,99.54350800000002,93.67208333333333
ลำปาง,เมืองลำปาง,2026-04-22,18.418525,99.543508,87.11347826086956
ลำปาง,เมืองลำปาง,2026-04-23,18.418525,99.54350800000002,86.27499999999999
ลำปาง,เมืองลำปาง,2026-04-24,18.418525,99.54350800000002,59.406666666666666
ลำปาง,เมืองลำปาง,2026-04-25,18.418525,99.54350800000002,48.09583333333333
ลำปาง,เมืองลำปาง,2026-04-26,18.418525,99.543508,40.79428571428572
ลำปาง,เมืองลำปาง,2026-04-27,18.418525,99.54350800000002,36.90833333333333
ลำปาง,เมืองลำปาง,2026-04-28,18.418525,99.54350800000002,39.816250000000004
ลำปาง,เมืองลำปาง,2026-04-29,18.418525,99.54350800000002,30.822083333333335
ลำปาง,เมืองลำปาง,2026-04-30,18.418525,99.54350800000002,43.96791666666667
ลำปาง,แม่เมาะ,2026-04-01,18.366686236262346,99.76742670923015,164.10363157894736
ลำปาง,แม่เมาะ,2026-04-02,18.367370747961655,99.76823525570542,171.83336842105263
ลำปาง,แม่เมาะ,2026-04-03,18.367949716041284,99.76792639386623,150.24197916666665
ลำปาง,แม่เมาะ,2026-04-04,18.367949716041284,99.76792639386623,169.04999999999998
ลำปาง,แม่เมาะ,2026-04-05,18.367949716041284,99.76792639386623,153.84645833333335
ลำปาง,แม่เมาะ,2026-04-06,18.367949716041284,99.76792639386623,122.35359375
ลำปาง,แม่เมาะ,2026-04-07,18.368145582797546,99.76838482239542,117.9479274611399
ลำปาง,แม่เมาะ,2026-04-08,18.382540400992216,99.76810390625745,115.19536945812808
ลำปาง,แม่เมาะ,2026-04-09,18.387210484415874,99.772305988027,68.0548404255319
ลำปาง,แม่เมาะ,2026-04-10,18.384988647305743,99.76659637997216,73.76643216080402
ลำปาง,แม่เมาะ,2026-04-11,18.34441509112862,99.7673830779825,81.31176136363636
ลำปาง,แม่เมาะ,2026-04-12,18.337542943987994,99.76794896474901,139.85491124260355
ลำปาง,แม่เมาะ,2026-04-13,18.367370747961655,99.76823525570542,125.14721052631579
ลำปาง,แม่เมาะ,2026-04-14,18.367661747624716,99.76808001624697,102.70418848167539
ลำปาง,แม่เมาะ,2026-04-15,18.367661747624716,99.76808001624697,87.40712041884817
ลำปาง,แม่เมาะ,2026-04-16,18.394103503147097,99.76675720651006,92.928125
ลำปาง,แม่เมาะ,2026-04-17,18.379854905987905,99.76631971699513,159.7629081632653
ลำปาง,แม่เมาะ,2026-04-18,18.367949716041284,99.76792639386623,136.97807291666666
ลำปาง,แม่เมาะ,2026-04-19,18.366779461412246,99.7685506890731,124.6954255319149
ลำปาง,แม่เมาะ,2026-04-20,18.392338343281462,99.76881317259927,89.68483568075116
ลำปาง,แม่เมาะ,2026-04-21,18.4063651258186,99.78805179138703,82.39924603174603
ลำปาง,แม่เมาะ,2026-04-22,18.406583126686026,99.80058506914567,81.90241877256318
ลำปาง,แม่เมาะ,2026-04-23,18.40857304420297,99.79891499252554,88.52807407407408
ลำปาง,แม่เมาะ,2026-04-24,18.402156601429123,99.80806499968912,55.599326241134754
ลำปาง,แม่เมาะ,2026-04-25,18.38385140245461,99.81640986506251,51.55072202166065
ลำปาง,แม่เมาะ,2026-04-26,18.381698242975595,99.80177014025718,45.54280542986425
ลำปาง,แม่เมาะ,2026-04-27,18.39827575141361,99.79868872706376,41.19298850574713
ลำปาง,แม่เมาะ,2026-04-28,18.41176202499671,99.79811472965406,42.8518359375
ลำปาง,แม่เมาะ,2026-04-29,18.403868705426607,99.79395860022171,38.085454545454546
ลำปาง,แม่เมาะ,2026-04-30,18.410680233826113,99.79258866963234,48.352244094488185
ลำพูน,ทุ่งหัวช้าง,2026-04-01,17.9945875,99.0393726,113.37571428571428
ลำพูน,ทุ่งหัวช้าง,2026-04-02,17.9945875,99.0393726,145.24166666666667
ลำพูน,ทุ่งหัวช้าง,2026-04-03,17.9945875,99.0393726,135.89600000000002
ลำพูน,ทุ่งหัวช้าง,2026-04-07,17.9945875,99.0393726,46.898
ลำพูน,ทุ่งหัวช้าง,2026-04-08,17.9945875,99.0393726,74.98285714285714
ลำพูน,ทุ่งหัวช้าง,2026-04-09,17.9945875,99.0393726,31.502499999999998
ลำพูน,ทุ่งหัวช้าง,2026-04-10,17.9945875,99.0393726,48.13
ลำพูน,ทุ่งหัวช้าง,2026-04-29,17.9945875,99.0393726,46.408
ลำพูน,บ้านโฮ่ง,2026-04-01,18.33706,98.70776,115.19478260869565
ลำพูน,บ้านโฮ่ง,2026-04-02,18.33706,98.70776,139.25541666666666
ลำพูน,บ้านโฮ่ง,2026-04-03,18.33706,98.70776,132.28125
ลำพูน,บ้านโฮ่ง,2026-04-04,18.33706,98.70776,99.93958333333335
ลำพูน,บ้านโฮ่ง,2026-04-05,18.33706,98.70776,101.20833333333333
ลำพูน,บ้านโฮ่ง,2026-04-06,18.33706,98.70776,87.0775
ลำพูน,บ้านโฮ่ง,2026-04-07,18.33706,98.70776,79.36125
ลำพูน,บ้านโฮ่ง,2026-04-08,18.33706,98.70776,84.83125
ลำพูน,บ้านโฮ่ง,2026-04-09,18.33706,98.70776,64.915
ลำพูน,บ้านโฮ่ง,2026-04-10,18.33706,98.70776,62.83291666666667
ลำพูน,บ้านโฮ่ง,2026-04-11,18.33706,98.70776,71.3525
ลำพูน,บ้านโฮ่ง,2026-04-12,18.33706,98.70776,81.59291666666667
ลำพูน,บ้านโฮ่ง,2026-04-13,18.33706,98.70776,63.100833333333334
ลำพูน,บ้านโฮ่ง,2026-04-14,18.33706,98.70776,54.95041666666666
ลำพูน,บ้านโฮ่ง,2026-04-15,18.33706,98.70776,48.0
ลำพูน,บ้านโฮ่ง,2026-04-16,18.33706,98.70776,61.737500000000004
ลำพูน,บ้านโฮ่ง,2026-04-17,18.33706,98.70776,73.92458333333333
ลำพูน,บ้านโฮ่ง,2026-04-18,18.33706,98.70776,77.08208333333333
ลำพูน,บ้านโฮ่ง,2026-04-19,18.33706,98.70776,78.06583333333333
ลำพูน,บ้านโฮ่ง,2026-04-20,18.33706,98.70776,55.105
ลำพูน,บ้านโฮ่ง,2026-04-21,18.33706,98.70776,52.548750000000005
ลำพูน,บ้านโฮ่ง,2026-04-22,18.33706,98.70776,46.22125
ลำพูน,บ้านโฮ่ง,2026-04-23,18.33706,98.70776,52.114583333333336
ลำพูน,บ้านโฮ่ง,2026-04-24,18.33706,98.70776,55.786249999999995
ลำพูน,บ้านโฮ่ง,2026-04-25,18.33706,98.70776,43.50208333333333
ลำพูน,บ้านโฮ่ง,2026-04-26,18.33706,98.70776,34.74619047619048
ลำพูน,บ้านโฮ่ง,2026-04-27,18.33706,98.70776,33.410833333333336
ลำพูน,บ้านโฮ่ง,2026-04-28,18.33706,98.70776,31.265
ลำพูน,บ้านโฮ่ง,2026-04-29,18.33706,98.70776,30.619583333333335
ลำพูน,บ้านโฮ่ง,2026-04-30,18.33706,98.70776,34.52125
ลำพูน,ป่าซาง,2026-04-02,18.516953,98.93769,34.0
ลำพูน,ป่าซาง,2026-04-07,18.516953,98.93769,42.74
ลำพูน,ป่าซาง,2026-04-09,18.516953,98.93769,17.718
ลำพูน,ป่าซาง,2026-04-10,18.516953,98.93769,31.921111111111113
ลำพูน,รมน,2026-04-01,18.331694,98.81883899999998,53.89333333333334
ลำพูน,รมน,2026-04-02,18.331694,98.81883899999998,70.40458333333333
ลำพูน,รมน,2026-04-03,18.331694,98.81883899999998,63.817083333333336
ลำพูน,รมน,2026-04-04,18.331694,98.81883899999998,51.27791666666667
ลำพูน,รมน,2026-04-05,18.331694,98.81883899999998,57.90833333333333
ลำพูน,รมน,2026-04-06,18.331694,98.81883899999998,46.85708333333333
ลำพูน,รมน,2026-04-07,18.331694,98.81883899999998,40.69375
ลำพูน,รมน,2026-04-08,18.331694,98.81883899999998,38.312083333333334
ลำพูน,รมน,2026-04-09,18.331694,98.81883899999998,31.74208333333333
ลำพูน,รมน,2026-04-10,18.331694,98.81883899999998,29.096666666666668
ลำพูน,รมน,2026-04-11,18.331694,98.81883899999998,32.70333333333333
ลำพูน,รมน,2026-04-12,18.331694,98.81883899999998,38.812083333333334
ลำพูน,รมน,2026-04-13,18.331694,98.81883899999998,31.59375
ลำพูน,รมน,2026-04-14,18.331694,98.81883899999998,30.222083333333334
ลำพูน,รมน,2026-04-15,18.331694,98.81883899999998,23.8325
ลำพูน,รมน,2026-04-16,18.331694,98.81883899999998,32.219166666666666
ลำพูน,รมน,2026-04-17,18.331694,98.81883899999998,37.90208333333333
ลำพูน,รมน,2026-04-18,18.331694,98.81883899999998,34.72541666666667
ลำพูน,รมน,2026-04-19,18.331694,98.81883899999998,34.39833333333333
ลำพูน,รมน,2026-04-20,18.331694,98.81883899999998,26.49416666666667
ลำพูน,รมน,2026-04-21,18.331694,98.81883899999998,27.80333333333333
ลำพูน,รมน,2026-04-22,18.331694,98.81883899999998,24.719166666666666
ลำพูน,รมน,2026-04-23,18.331694,98.81883899999998,29.11375
ลำพูน,รมน,2026-04-24,18.331694,98.81883899999998,26.95958333333333
ลำพูน,รมน,2026-04-25,18.331694,98.81883899999998,19.374583333333334
ลำพูน,รมน,2026-04-26,18.331694,98.818839,12.977142857142857
ลำพูน,รมน,2026-04-27,18.331694,98.81883899999998,9.465416666666666
ลำพูน,รมน,2026-04-28,18.331694,98.81883899999998,7.974166666666666
ลำพูน,รมน,2026-04-29,18.331694,98.81883899999998,6.248333333333334
ลำพูน,รมน,2026-04-30,18.331694,98.81883899999998,10.057916666666667
ลำพูน,ลี้,2026-04-01,17.78855488135593,98.9846560677966,151.82966101694916
ลำพูน,ลี้,2026-04-02,17.79246151219512,98.98264882926829,161.37626016260162
ลำพูน,ลี้,2026-04-03,17.786195043968092,98.9823655842896,164.91874074074073
ลำพูน,ลี้,2026-04-04,17.787570163678822,98.97992066168872,183.63205479452054
ลำพูน,ลี้,2026-04-05,17.787456344117984,98.98013850073485,151.67000000000002
ลำพูน,ลี้,2026-04-06,17.785165165952137,98.98111497643441,116.24374999999999
ลำพูน,ลี้,2026-04-07,17.787570163678822,98.97992066168872,101.55890410958904
ลำพูน,ลี้,2026-04-08,17.785165165952137,98.98111497643441,118.73986111111111
ลำพูน,ลี้,2026-04-09,17.785165165952137,98.98111497643441,94.43
ลำพูน,ลี้,2026-04-10,17.787570163678822,98.97992066168872,89.7872602739726
ลำพูน,ลี้,2026-04-11,17.78874812174903,98.97933569120104,99.1178231292517
ลำพูน,ลี้,2026-04-12,17.787570163678822,98.97992066168872,115.76671232876711
ลำพูน,ลี้,2026-04-13,17.787286646741784,98.97792242162988,85.44402877697841
ลำพูน,ลี้,2026-04-14,17.785165165952137,98.98111497643441,83.03090277777778
ลำพูน,ลี้,2026-04-15,17.785165165952137,98.98111497643441,83.22701388888889
ลำพูน,ลี้,2026-04-16,17.792187759314054,98.97762757737702,82.64393333333334
ลำพูน,ลี้,2026-04-17,17.791056603336294,98.97818930608425,123.11711409395974
ลำพูน,ลี้,2026-04-18,17.785165165952137,98.98111497643441,134.77569444444444
ลำพูน,ลี้,2026-04-19,17.787570163678822,98.97992066168872,108.73150684931507
ลำพูน,ลี้,2026-04-20,17.785165165952137,98.98111497643441,81.69972222222222
ลำพูน,ลี้,2026-04-21,17.785165165952137,98.98111497643441,85.4226388888889
ลำพูน,ลี้,2026-04-22,17.788878836051843,98.97683748062593,74.32772727272727
ลำพูน,ลี้,2026-04-23,17.786506193548387,98.97664748387096,56.950752688172045
ลำพูน,ลี้,2026-04-24,17.7870185,98.9761835,55.8134375
ลำพูน,ลี้,2026-04-25,17.78818297727273,98.97482138636364,44.04931818181819
ลำพูน,ลี้,2026-04-26,17.787061093023254,98.97626295348836,33.202441860465115
ลำพูน,ลี้,2026-04-27,17.7870185,98.9761835,30.854062499999998
ลำพูน,ลี้,2026-04-28,17.792544681705266,98.97620657380226,34.80736434108527
ลำพูน,ลี้,2026-04-29,17.812007980913776,98.96893407202677,39.522608695652174
ลำพูน,ลี้,2026-04-30,17.813085458243737,98.96910166982092,40.01566878980892
ลำพูน,เมือง,2026-04-01,18.527800405240125,99.01482772504373,112.8715
ลำพูน,เมือง,2026-04-02,18.531014662426635,99.01410379025894,126.12055248618785
ลำพูน,เมือง,2026-04-03,18.530255684096105,99.01437695969862,130.33514285714287
ลำพูน,เมือง,2026-04-04,18.53591964462553,99.01454016084847,132.003591160221
ลำพูน,เมือง,2026-04-05,18.502032306984685,99.01679238998996,139.32721153846154
ลำพูน,เมือง,2026-04-06,18.493003975478306,99.01575010292768,111.28467391304348
ลำพูน,เมือง,2026-04-07,18.529166345805706,99.01490904769199,91.7932402234637
ลำพูน,เมือง,2026-04-08,18.5300777308945,99.01435065751049,79.09955056179776
ลำพูน,เมือง,2026-04-09,18.517871263175493,99.01840529075315,70.34615384615384
ลำพูน,เมือง,2026-04-10,18.52121638739865,99.01785126516627,56.4278102189781
ลำพูน,เมือง,2026-04-11,18.52416944802119,99.02172892787412,88.4066447368421
ลำพูน,เมือง,2026-04-12,18.519460528466812,99.02408220164492,183.0778472222222
ลำพูน,เมือง,2026-04-13,18.51077198479377,99.02506354429492,193.38904
ลำพูน,เมือง,2026-04-14,18.5040897558573,99.02407352604811,183.7592857142857
ลำพูน,เมือง,2026-04-15,18.507696386653162,99.02565676501708,177.8446153846154
ลำพูน,เมือง,2026-04-16,18.511905772137293,99.02001980740619,176.02764285714284
ลำพูน,เมือง,2026-04-17,18.51606961902479,99.02002504093923,134.72116438356164
ลำพูน,เมือง,2026-04-18,18.519460528466812,99.02408220164492,80.84673611111111
ลำพูน,เมือง,2026-04-19,18.519460528466812,99.02408220164492,78.05770833333332
ลำพูน,เมือง,2026-04-20,18.526069917257267,99.01655902998135,59.59499999999999
ลำพูน,เมือง,2026-04-21,18.528809864835406,99.01479442095169,66.46882352941176
ลำพูน,เมือง,2026-04-22,18.526186354005315,99.01765685355362,64.15448051948053
ลำพูน,เมือง,2026-04-23,18.522319459092632,99.0178777590763,62.254312500000005
ลำพูน,เมือง,2026-04-24,18.518935211559327,99.02273705467256,54.93081632653061
ลำพูน,เมือง,2026-04-25,18.51830130603493,99.022264663253,41.49949275362319
ลำพูน,เมือง,2026-04-26,18.520054439981546,99.02509772571416,37.9953488372093
ลำพูน,เมือง,2026-04-27,18.525765639151935,99.01713480142689,31.320903614457833
ลำพูน,เมือง,2026-04-28,18.52499472538908,99.01680740188341,33.6621472392638
ลำพูน,เมือง,2026-04-29,18.518395019149054,99.01708424737387,26.873892617449666
ลำพูน,เมือง,2026-04-30,18.514940893701425,99.01613917149164,33.87598591549296
ลำพูน,เมืองลำพูน,2026-04-01,18.548353127659574,99.04495602127659,168.5248936170213
ลำพูน,เมืองลำพูน,2026-04-02,18.548979,99.0441495,185.62062500000002
ลำพูน,เมืองลำพูน,2026-04-03,18.548979,99.0441495,204.95520833333333
ลำพูน,เมืองลำพูน,2026-04-04,18.548979,99.0441495,214.64666666666668
ลำพูน,เมืองลำพูน,2026-04-05,18.548979,99.0441495,162.00062499999999
ลำพูน,เมืองลำพูน,2026-04-06,18.548979,99.0441495,130.34041666666667
ลำพูน,เมืองลำพูน,2026-04-07,18.548979,99.0441495,140.66291666666666
ลำพูน,เมืองลำพูน,2026-04-08,18.548979,99.0441495,107.56916666666666
ลำพูน,เมืองลำพูน,2026-04-09,18.548979,99.0441495,100.94458333333334
ลำพูน,เมืองลำพูน,2026-04-10,18.548979,99.0441495,86.75979166666667
ลำพูน,เมืองลำพูน,2026-04-11,18.548979,99.0441495,83.94145833333333
ลำพูน,เมืองลำพูน,2026-04-12,18.548979,99.0441495,112.77479166666666
ลำพูน,เมืองลำพูน,2026-04-13,18.548979,99.0441495,108.21229166666667
ลำพูน,เมืองลำพูน,2026-04-14,18.548979,99.0441495,95.74000000000001
ลำพูน,เมืองลำพูน,2026-04-15,18.548979,99.0441495,68.13375
ลำพูน,เมืองลำพูน,2026-04-16,18.548979,99.0441495,85.7375
ลำพูน,เมืองลำพูน,2026-04-17,18.548979,99.0441495,109.77229166666666
ลำพูน,เมืองลำพูน,2026-04-18,18.548353127659574,99.04495602127659,100.72063829787234
ลำพูน,เมืองลำพูน,2026-04-19,18.548979,99.0441495,90.008125
ลำพูน,เมืองลำพูน,2026-04-20,18.548979,99.0441495,70.03104166666667
ลำพูน,เมืองลำพูน,2026-04-21,18.548979,99.0441495,75.2275
ลำพูน,เมืองลำพูน,2026-04-22,18.548979,99.0441495,80.20583333333333
ลำพูน,เมืองลำพูน,2026-04-23,18.55672005263158,99.03417410526316,69.92842105263158
ลำพูน,เมืองลำพูน,2026-04-24,18.558784333333335,99.03151399999999,55.181666666666665
ลำพูน,เมืองลำพูน,2026-04-25,18.548979,99.0441495,46.50604166666667
ลำพูน,เมืองลำพูน,2026-04-26,18.549663093023256,99.04326795348837,42.52651162790698
ลำพูน,เมืองลำพูน,2026-04-27,18.548979,99.0441495,32.737500000000004
ลำพูน,เมืองลำพูน,2026-04-28,18.548979,99.0441495,35.451458333333335
ลำพูน,เมืองลำพูน,2026-04-29,18.548979,99.0441495,29.685625
ลำพูน,เมืองลำพูน,2026-04-30,18.548979,99.0441495,41.67604166666667
ลำพูน,แม่ทา,2026-04-01,18.4161025,99.0033274,164.40826086956523
ลำพูน,แม่ทา,2026-04-02,18.4161025,99.0033274,186.24666666666667
ลำพูน,แม่ทา,2026-04-03,18.4161025,99.0033274,186.13375
ลำพูน,แม่ทา,2026-04-04,18.4161025,99.0033274,190.26208333333332
ลำพูน,แม่ทา,2026-04-05,18.4161025,99.0033274,176.985
ลำพูน,แม่ทา,2026-04-06,18.4161025,99.0033274,147.57041666666666
ลำพูน,แม่ทา,2026-04-07,18.4161025,99.0033274,127.25958333333334
ลำพูน,แม่ทา,2026-04-08,18.4161025,99.0033274,109.18083333333334
ลำพูน,แม่ทา,2026-04-09,18.4161025,99.0033274,90.39166666666667
ลำพูน,แม่ทา,2026-04-10,18.4161025,99.0033274,75.26333333333334
ลำพูน,แม่ทา,2026-04-11,18.4161025,99.0033274,75.71458333333334
ลำพูน,แม่ทา,2026-04-12,18.4161025,99.0033274,107.6475
ลำพูน,แม่ทา,2026-04-13,18.4161025,99.0033274,123.19791666666667
ลำพูน,แม่ทา,2026-04-14,18.4161025,99.0033274,99.61166666666666
ลำพูน,แม่ทา,2026-04-15,18.4161025,99.0033274,79.14291666666666
ลำพูน,แม่ทา,2026-04-16,18.4161025,99.0033274,99.0075
ลำพูน,แม่ทา,2026-04-17,18.4161025,99.0033274,125.68916666666667
ลำพูน,แม่ทา,2026-04-18,18.4161025,99.0033274,114.235
ลำพูน,แม่ทา,2026-04-19,18.4161025,99.0033274,97.80458333333333
ลำพูน,แม่ทา,2026-04-20,18.4161025,99.0033274,71.43708333333333
ลำพูน,แม่ทา,2026-04-21,18.4161025,99.0033274,94.10333333333334
ลำพูน,แม่ทา,2026-04-22,18.4161025,99.0033274,77.05291666666666
ลำพูน,แม่ทา,2026-04-23,18.4161025,99.0033274,70.90666666666667
ลำพูน,แม่ทา,2026-04-24,18.4161025,99.0033274,62.376666666666665
ลำพูน,แม่ทา,2026-04-25,18.4161025,99.0033274,48.86041666666667
ลำพูน,แม่ทา,2026-04-26,18.4161025,99.0033274,41.09
ลำพูน,แม่ทา,2026-04-27,18.4161025,99.0033274,37.097500000000004
ลำพูน,แม่ทา,2026-04-28,18.4161025,99.0033274,38.46791666666667
ลำพูน,แม่ทา,2026-04-29,18.4161025,99.0033274,32.51791666666667
ลำพูน,แม่ทา,2026-04-30,18.4161025,99.0033274,39.427083333333336
ศรีสะเกษ,กันทรารมย์,2026-04-01,15.104380000000003,104.57276,45.5404347826087
ศรีสะเกษ,กันทรารมย์,2026-04-02,15.10438,104.57276,53.510416666666664
ศรีสะเกษ,กันทรารมย์,2026-04-03,15.10438,104.57276,50.93375
ศรีสะเกษ,กันทรารมย์,2026-04-04,15.10438,104.57276,43.040416666666665
ศรีสะเกษ,กันทรารมย์,2026-04-05,15.10438,104.57276,43.77458333333333
ศรีสะเกษ,กันทรารมย์,2026-04-06,15.10438,104.57276,42.15083333333333
ศรีสะเกษ,กันทรารมย์,2026-04-07,15.10438,104.57276,34.88916666666667
ศรีสะเกษ,กันทรารมย์,2026-04-08,15.10438,104.57276,38.73625
ศรีสะเกษ,กันทรารมย์,2026-04-09,15.10438,104.57276,38.93458333333333
ศรีสะเกษ,กันทรารมย์,2026-04-10,15.10438,104.57276,40.574999999999996
ศรีสะเกษ,กันทรารมย์,2026-04-11,15.10438,104.57276,35.45875
ศรีสะเกษ,กันทรารมย์,2026-04-12,15.10438,104.57276,31.786666666666665
ศรีสะเกษ,กันทรารมย์,2026-04-13,15.10438,104.57276,40.84875
ศรีสะเกษ,กันทรารมย์,2026-04-14,15.10438,104.57276,39.34583333333333
ศรีสะเกษ,กันทรารมย์,2026-04-15,15.10438,104.57276,39.822916666666664
ศรีสะเกษ,กันทรารมย์,2026-04-16,15.10438,104.57276,38.598333333333336
ศรีสะเกษ,กันทรารมย์,2026-04-17,15.10438,104.57276,42.737500000000004
ศรีสะเกษ,กันทรารมย์,2026-04-18,15.10438,104.57276,42.37375
ศรีสะเกษ,กันทรารมย์,2026-04-19,15.10438,104.57276,36.11125
ศรีสะเกษ,กันทรารมย์,2026-04-20,15.10438,104.57276,35.68083333333333
ศรีสะเกษ,กันทรารมย์,2026-04-21,15.10438,104.57276,38.60541666666666
ศรีสะเกษ,กันทรารมย์,2026-04-22,15.10438,104.57276,39.0
ศรีสะเกษ,กันทรารมย์,2026-04-23,15.10438,104.57276,46.73875
ศรีสะเกษ,กันทรารมย์,2026-04-24,15.10438,104.57276,36.160833333333336
ศรีสะเกษ,กันทรารมย์,2026-04-25,15.10438,104.57276,49.03208333333333
ศรีสะเกษ,กันทรารมย์,2026-04-26,15.104379999999999,104.57276,43.305454545454545
ศรีสะเกษ,กันทรารมย์,2026-04-27,15.10438,104.57276,38.20875
ศรีสะเกษ,กันทรารมย์,2026-04-28,15.10438,104.57276,34.11958333333333
ศรีสะเกษ,กันทรารมย์,2026-04-29,15.10438,104.57276,33.458333333333336
ศรีสะเกษ,กันทรารมย์,2026-04-30,15.10438,104.57276,28.243333333333336
ศรีสะเกษ,ปรางค์กู่,2026-04-01,14.856667000000002,104.04,26.686521739130434
ศรีสะเกษ,ปรางค์กู่,2026-04-02,14.856667,104.04,33.50125
ศรีสะเกษ,ปรางค์กู่,2026-04-03,14.856667,104.04,35.61523809523809
ศรีสะเกษ,ปรางค์กู่,2026-04-04,14.856667,104.04,28.895416666666666
ศรีสะเกษ,ปรางค์กู่,2026-04-05,14.856667,104.04,32.53
ศรีสะเกษ,ปรางค์กู่,2026-04-06,14.856666999999998,104.04,34.688
ศรีสะเกษ,ปรางค์กู่,2026-04-07,14.856667,104.04,20.876250000000002
ศรีสะเกษ,ปรางค์กู่,2026-04-08,14.856667,104.04,23.204166666666666
ศรีสะเกษ,ปรางค์กู่,2026-04-09,14.856667,104.04,25.210625
ศรีสะเกษ,ปรางค์กู่,2026-04-10,14.856667,104.04,21.05529411764706
ศรีสะเกษ,ปรางค์กู่,2026-04-11,14.856667,104.04,20.686666666666667
ศรีสะเกษ,ปรางค์กู่,2026-04-12,14.856667,104.04,18.15458333333333
ศรีสะเกษ,ปรางค์กู่,2026-04-13,14.856667,104.04,20.01625
ศรีสะเกษ,ปรางค์กู่,2026-04-14,14.856666999999998,104.04,23.512999999999998
ศรีสะเกษ,ปรางค์กู่,2026-04-15,14.856667000000002,104.04,23.39
ศรีสะเกษ,ปรางค์กู่,2026-04-16,14.856667,104.04,22.241249999999997
ศรีสะเกษ,ปรางค์กู่,2026-04-17,14.856667,104.04,21.075454545454548
ศรีสะเกษ,ปรางค์กู่,2026-04-18,14.856667,104.04,18.495833333333334
ศรีสะเกษ,ปรางค์กู่,2026-04-19,14.856667000000002,104.04,22.02913043478261
ศรีสะเกษ,ปรางค์กู่,2026-04-20,14.856667,104.04,17.03375
ศรีสะเกษ,ปรางค์กู่,2026-04-21,14.856667,104.04,20.07
ศรีสะเกษ,ปรางค์กู่,2026-04-22,14.856667,104.04,21.0
ศรีสะเกษ,ปรางค์กู่,2026-04-23,14.856667,104.04,21.0
ศรีสะเกษ,ปรางค์กู่,2026-04-24,14.856667,104.04,21.0
ศรีสะเกษ,ปรางค์กู่,2026-04-25,14.856667,104.04,21.0
ศรีสะเกษ,ปรางค์กู่,2026-04-26,14.856667,104.04,21.0
ศรีสะเกษ,ปรางค์กู่,2026-04-27,14.856667,104.04,21.0
ศรีสะเกษ,ปรางค์กู่,2026-04-28,14.856667000000002,104.04,21.0
ศรีสะเกษ,ปรางค์กู่,2026-04-29,14.856667,104.04,21.0
ศรีสะเกษ,ปรางค์กู่,2026-04-30,14.856667,104.04,21.0
ศรีสะเกษ,ภูสิงห์,2026-04-29,14.546552999999998,104.130873,20.95
ศรีสะเกษ,ภูสิงห์,2026-04-30,14.546553,104.130873,20.976
ศรีสะเกษ,วังหิน,2026-04-01,14.94669556,104.23311749999999,41.43818181818182
ศรีสะเกษ,วังหิน,2026-04-10,14.94669556,104.2331175,37.739999999999995
ศรีสะเกษ,วังหิน,2026-04-18,14.94669556,104.2331175,21.482
ศรีสะเกษ,วังหิน,2026-04-19,14.94669556,104.2331175,26.67
ศรีสะเกษ,วังหิน,2026-04-27,14.946695560000002,104.2331175,41.95444444444445
ศรีสะเกษ,วังหิน,2026-04-30,14.94669556,104.2331175,34.792
ศรีสะเกษ,ไพรบึง,2026-04-01,14.746342280876068,104.3600120306823,39.159130434782604
ศรีสะเกษ,ไพรบึง,2026-04-02,14.74634228087607,104.3600120306823,47.346666666666664
ศรีสะเกษ,ไพรบึง,2026-04-03,14.74634228087607,104.3600120306823,45.87625
ศรีสะเกษ,ไพรบึง,2026-04-04,14.74634228087607,104.3600120306823,41.43083333333333
ศรีสะเกษ,ไพรบึง,2026-04-05,14.74634228087607,104.3600120306823,42.958333333333336
ศรีสะเกษ,ไพรบึง,2026-04-06,14.74634228087607,104.3600120306823,41.58416666666667
ศรีสะเกษ,ไพรบึง,2026-04-07,14.74634228087607,104.3600120306823,33.842083333333335
ศรีสะเกษ,ไพรบึง,2026-04-08,14.74634228087607,104.3600120306823,36.47958333333333
ศรีสะเกษ,ไพรบึง,2026-04-09,14.74634228087607,104.3600120306823,37.040416666666665
ศรีสะเกษ,ไพรบึง,2026-04-10,14.74634228087607,104.3600120306823,35.65
ศรีสะเกษ,ไพรบึง,2026-04-11,14.74634228087607,104.3600120306823,35.3025
ศรีสะเกษ,ไพรบึง,2026-04-12,14.74634228087607,104.3600120306823,31.257083333333338
ศรีสะเกษ,ไพรบึง,2026-04-13,14.74634228087607,104.3600120306823,39.447916666666664
ศรีสะเกษ,ไพรบึง,2026-04-14,14.74634228087607,104.3600120306823,42.293749999999996
ศรีสะเกษ,ไพรบึง,2026-04-15,14.74634228087607,104.3600120306823,37.312083333333334
ศรีสะเกษ,ไพรบึง,2026-04-16,14.74634228087607,104.3600120306823,36.59666666666667
ศรีสะเกษ,ไพรบึง,2026-04-17,14.74634228087607,104.3600120306823,37.08708333333333
ศรีสะเกษ,ไพรบึง,2026-04-18,14.74634228087607,104.3600120306823,31.85166666666667
ศรีสะเกษ,ไพรบึง,2026-04-19,14.74634228087607,104.3600120306823,40.155
ศรีสะเกษ,ไพรบึง,2026-04-20,14.74634228087607,104.3600120306823,30.83791666666667
ศรีสะเกษ,ไพรบึง,2026-04-21,14.746342280876068,104.3600120306823,35.9895652173913
ศรีสะเกษ,ไพรบึง,2026-04-22,14.74634228087607,104.3600120306823,33.45166666666667
ศรีสะเกษ,ไพรบึง,2026-04-23,14.74634228087607,104.3600120306823,37.78333333333333
ศรีสะเกษ,ไพรบึง,2026-04-24,14.74634228087607,104.3600120306823,35.400416666666665
ศรีสะเกษ,ไพรบึง,2026-04-25,14.74634228087607,104.3600120306823,53.04833333333334
ศรีสะเกษ,ไพรบึง,2026-04-26,14.746342280876066,104.3600120306823,45.475
ศรีสะเกษ,ไพรบึง,2026-04-27,14.74634228087607,104.3600120306823,40.39958333333333
ศรีสะเกษ,ไพรบึง,2026-04-28,14.74634228087607,104.3600120306823,29.258750000000003
ศรีสะเกษ,ไพรบึง,2026-04-29,14.74634228087607,104.3600120306823,29.100416666666664
ศรีสะเกษ,ไพรบึง,2026-04-30,14.74634228087607,104.3600120306823,37.69416666666667
สกลนคร,กุดบาก,2026-04-01,16.9922192,103.82142597116432,31.387083333333333
สกลนคร,กุดบาก,2026-04-02,16.9922192,103.82142597116432,34.54333333333333
สกลนคร,กุดบาก,2026-04-03,16.9922192,103.82142597116432,34.98041666666666
สกลนคร,กุดบาก,2026-04-04,16.9922192,103.82142597116432,34.9525
สกลนคร,กุดบาก,2026-04-05,16.9922192,103.82142597116432,33.96083333333333
สกลนคร,กุดบาก,2026-04-06,16.9922192,103.82142597116432,29.959166666666665
สกลนคร,กุดบาก,2026-04-07,16.9922192,103.82142597116432,35.67416666666667
สกลนคร,กุดบาก,2026-04-08,16.9922192,103.82142597116432,41.889583333333334
สกลนคร,กุดบาก,2026-04-09,16.9922192,103.82142597116432,41.382083333333334
สกลนคร,กุดบาก,2026-04-10,16.9922192,103.82142597116432,57.28666666666667
สกลนคร,กุดบาก,2026-04-11,16.9922192,103.82142597116432,48.785
สกลนคร,กุดบาก,2026-04-12,16.9922192,103.82142597116432,51.37375
สกลนคร,กุดบาก,2026-04-13,16.9922192,103.82142597116432,77.12083333333334
สกลนคร,กุดบาก,2026-04-14,16.9922192,103.82142597116432,79.75916666666667
สกลนคร,กุดบาก,2026-04-15,16.9922192,103.82142597116432,56.99041666666667
สกลนคร,กุดบาก,2026-04-16,16.9922192,103.82142597116433,46.34347826086957
สกลนคร,กุดบาก,2026-04-17,16.9922192,103.82142597116433,41.91304347826087
สกลนคร,กุดบาก,2026-04-18,16.9922192,103.82142597116433,20.71695652173913
สกลนคร,กุดบาก,2026-04-19,16.9922192,103.82142597116433,13.540869565217392
สกลนคร,กุดบาก,2026-04-20,16.9922192,103.82142597116432,14.605416666666668
สกลนคร,กุดบาก,2026-04-21,16.9922192,103.82142597116432,13.959583333333335
สกลนคร,กุดบาก,2026-04-22,16.9922192,103.82142597116433,16.557391304347824
สกลนคร,กุดบาก,2026-04-23,16.9922192,103.82142597116432,15.527916666666668
สกลนคร,กุดบาก,2026-04-24,16.9922192,103.82142597116432,6.699166666666667
สกลนคร,กุดบาก,2026-04-25,16.9922192,103.82142597116432,4.27875
สกลนคร,กุดบาก,2026-04-26,16.9922192,103.82142597116432,8.610454545454546
สกลนคร,กุดบาก,2026-04-27,16.9922192,103.82142597116432,15.736666666666666
สกลนคร,กุดบาก,2026-04-28,16.9922192,103.82142597116432,7.6745833333333335
สกลนคร,กุดบาก,2026-04-29,16.9922192,103.82142597116432,8.870833333333334
สกลนคร,กุดบาก,2026-04-30,16.9922192,103.82142597116433,4.52695652173913
สกลนคร,กุสุมาลย์,2026-04-01,17.325889,104.309806,36.0
สกลนคร,กุสุมาลย์,2026-04-02,17.325889,104.309806,36.0
สกลนคร,กุสุมาลย์,2026-04-03,17.325889,104.309806,36.0
สกลนคร,กุสุมาลย์,2026-04-04,17.325889,104.309806,36.0
สกลนคร,กุสุมาลย์,2026-04-19,17.325889,104.309806,33.53333333333333
สกลนคร,กุสุมาลย์,2026-04-23,17.325889,104.309806,25.715
สกลนคร,กุสุมาลย์,2026-04-27,17.325889,104.30980600000001,15.268
สกลนคร,กุสุมาลย์,2026-04-28,17.325889,104.309806,14.158260869565217
สกลนคร,กุสุมาลย์,2026-04-29,17.325889,104.309806,21.335416666666664
สกลนคร,กุสุมาลย์,2026-04-30,17.325889,104.309806,12.337083333333332
สกลนคร,นิคมน้ำอูน,2026-04-01,17.185172747165275,103.71523272883569,16.666666666666668
สกลนคร,นิคมน้ำอูน,2026-04-02,17.185172747165275,103.71523272883569,14.631666666666668
สกลนคร,นิคมน้ำอูน,2026-04-03,17.185172747165275,103.71523272883569,21.324583333333333
สกลนคร,นิคมน้ำอูน,2026-04-04,17.185172747165275,103.71523272883569,27.28833333333333
สกลนคร,นิคมน้ำอูน,2026-04-05,17.185172747165275,103.71523272883569,27.325416666666666
สกลนคร,นิคมน้ำอูน,2026-04-06,17.185172747165275,103.71523272883569,21.923333333333332
สกลนคร,นิคมน้ำอูน,2026-04-07,17.185172747165275,103.71523272883569,29.234166666666667
สกลนคร,นิคมน้ำอูน,2026-04-08,17.185172747165275,103.71523272883569,30.050416666666667
สกลนคร,นิคมน้ำอูน,2026-04-09,17.185172747165275,103.71523272883569,27.457916666666666
สกลนคร,นิคมน้ำอูน,2026-04-10,17.185172747165275,103.71523272883569,36.98166666666666
สกลนคร,นิคมน้ำอูน,2026-04-11,17.185172747165275,103.71523272883569,33.61541666666667
สกลนคร,นิคมน้ำอูน,2026-04-12,17.185172747165275,103.71523272883569,30.980416666666667
สกลนคร,นิคมน้ำอูน,2026-04-13,17.185172747165275,103.71523272883569,41.52708333333333
สกลนคร,นิคมน้ำอูน,2026-04-14,17.185172747165275,103.71523272883569,43.55833333333334
สกลนคร,นิคมน้ำอูน,2026-04-15,17.185172747165275,103.71523272883569,36.165416666666665
สกลนคร,นิคมน้ำอูน,2026-04-16,17.185172747165275,103.71523272883569,34.97166666666667
สกลนคร,นิคมน้ำอูน,2026-04-17,17.185172747165275,103.71523272883569,26.8075
สกลนคร,นิคมน้ำอูน,2026-04-18,17.185172747165275,103.71523272883569,17.06125
สกลนคร,นิคมน้ำอูน,2026-04-19,17.185172747165275,103.71523272883569,9.842916666666666
สกลนคร,นิคมน้ำอูน,2026-04-20,17.185172747165275,103.71523272883569,11.097499999999998
สกลนคร,นิคมน้ำอูน,2026-04-21,17.185172747165275,103.71523272883569,13.058333333333332
สกลนคร,นิคมน้ำอูน,2026-04-22,17.185172747165275,103.71523272883569,15.622083333333334
สกลนคร,นิคมน้ำอูน,2026-04-23,17.185172747165275,103.71523272883569,13.066666666666668
สกลนคร,นิคมน้ำอูน,2026-04-24,17.185172747165275,103.71523272883566,4.419090909090909
สกลนคร,นิคมน้ำอูน,2026-04-25,17.185172747165275,103.71523272883569,2.73375
สกลนคร,นิคมน้ำอูน,2026-04-26,17.185172747165275,103.71523272883567,7.202500000000001
สกลนคร,นิคมน้ำอูน,2026-04-27,17.185172747165275,103.71523272883569,15.299166666666666
สกลนคร,นิคมน้ำอูน,2026-04-28,17.185172747165275,103.71523272883569,5.846666666666667
สกลนคร,นิคมน้ำอูน,2026-04-29,17.185172747165275,103.71523272883569,6.2975
สกลนคร,นิคมน้ำอูน,2026-04-30,17.185172747165275,103.71523272883569,3.1525
สกลนคร,บ้านม่วง,2026-04-01,17.9284805847631,103.669170612304,104.04916666666666
สกลนคร,บ้านม่วง,2026-04-02,17.9284805847631,103.669170612304,91.85625
สกลนคร,บ้านม่วง,2026-04-03,17.9284805847631,103.669170612304,93.88541666666667
สกลนคร,บ้านม่วง,2026-04-04,17.9284805847631,103.669170612304,100.15666666666668
สกลนคร,บ้านม่วง,2026-04-05,17.9284805847631,103.669170612304,109.51333333333334
สกลนคร,บ้านม่วง,2026-04-06,17.9284805847631,103.669170612304,95.32416666666667
สกลนคร,บ้านม่วง,2026-04-07,17.9284805847631,103.669170612304,100.9925
สกลนคร,บ้านม่วง,2026-04-08,17.9284805847631,103.669170612304,92.97250000000001
สกลนคร,บ้านม่วง,2026-04-09,17.9284805847631,103.669170612304,77.335
สกลนคร,บ้านม่วง,2026-04-10,17.9284805847631,103.669170612304,79.92375
สกลนคร,บ้านม่วง,2026-04-11,17.9284805847631,103.669170612304,80.49833333333333
สกลนคร,บ้านม่วง,2026-04-12,17.9284805847631,103.669170612304,88.28041666666667
สกลนคร,บ้านม่วง,2026-04-13,17.9284805847631,103.669170612304,89.35416666666667
สกลนคร,บ้านม่วง,2026-04-14,17.9284805847631,103.669170612304,90.80166666666666
สกลนคร,บ้านม่วง,2026-04-15,17.9284805847631,103.669170612304,84.60791666666667
สกลนคร,บ้านม่วง,2026-04-16,17.9284805847631,103.669170612304,102.14625000000001
สกลนคร,บ้านม่วง,2026-04-17,17.9284805847631,103.669170612304,99.60374999999999
สกลนคร,บ้านม่วง,2026-04-18,17.9284805847631,103.669170612304,65.79666666666667
สกลนคร,บ้านม่วง,2026-04-19,17.9284805847631,103.669170612304,59.137499999999996
สกลนคร,บ้านม่วง,2026-04-20,17.9284805847631,103.669170612304,52.56375
สกลนคร,บ้านม่วง,2026-04-21,17.9284805847631,103.669170612304,526.5291666666667
สกลนคร,บ้านม่วง,2026-04-22,17.9284805847631,103.669170612304,3318.84375
สกลนคร,บ้านม่วง,2026-04-23,17.9284805847631,103.669170612304,1905.7020833333333
สกลนคร,บ้านม่วง,2026-04-24,17.9284805847631,103.669170612304,25.926666666666666
สกลนคร,บ้านม่วง,2026-04-25,17.9284805847631,103.669170612304,26.531666666666666
สกลนคร,บ้านม่วง,2026-04-26,17.9284805847631,103.669170612304,31.122727272727275
สกลนคร,บ้านม่วง,2026-04-27,17.9284805847631,103.669170612304,44.76208333333333
สกลนคร,บ้านม่วง,2026-04-28,17.9284805847631,103.669170612304,33.31133333333334
สกลนคร,บ้านม่วง,2026-04-29,17.9284805847631,103.669170612304,37.770714285714284
สกลนคร,บ้านม่วง,2026-04-30,17.9284805847631,103.669170612304,29.88291666666667
สกลนคร,ภูพาน,2026-04-01,17.001975,103.965546,82.60666666666667
สกลนคร,ภูพาน,2026-04-02,17.001975,103.965546,67.93333333333334
สกลนคร,ภูพาน,2026-04-03,17.001975,103.965546,56.395
สกลนคร,ภูพาน,2026-04-07,17.001975,103.965546,94.34470588235294
สกลนคร,ภูพาน,2026-04-08,17.001975,103.965546,101.59954545454546
สกลนคร,ภูพาน,2026-04-09,17.001975,103.965546,116.01666666666667
สกลนคร,ภูพาน,2026-04-10,17.001975,103.965546,129.799375
สกลนคร,ภูพาน,2026-04-11,17.001975,103.965546,232.58363636363637
สกลนคร,ภูพาน,2026-04-12,17.001975,103.965546,179.20041666666668
สกลนคร,ภูพาน,2026-04-13,17.001975,103.965546,152.71666666666667
สกลนคร,ภูพาน,2026-04-16,17.001975,103.965546,106.0525
สกลนคร,ภูพาน,2026-04-17,17.001975,103.965546,70.95875
สกลนคร,ภูพาน,2026-04-18,17.001975,103.965546,80.13958333333333
สกลนคร,ภูพาน,2026-04-19,17.001975,103.965546,50.01499999999999
สกลนคร,ภูพาน,2026-04-20,17.001975,103.965546,59.1575
สกลนคร,ภูพาน,2026-04-21,17.001975,103.965546,65.75083333333333
สกลนคร,ภูพาน,2026-04-22,17.001975,103.965546,92.37111111111112
สกลนคร,ภูพาน,2026-04-23,17.001975,103.965546,48.11
สกลนคร,ภูพาน,2026-04-24,17.001975,103.965546,14.559375
สกลนคร,ภูพาน,2026-04-25,17.001975,103.965546,15.0275
สกลนคร,ภูพาน,2026-04-28,17.001975,103.965546,30.025000000000002
สกลนคร,ภูพาน,2026-04-29,17.001975,103.965546,37.72208333333334
สกลนคร,ภูพาน,2026-04-30,17.001975,103.965546,18.37
สกลนคร,วาริชภูมิ,2026-04-01,17.265795389157642,103.63525834232864,19.992083333333333
สกลนคร,วาริชภูมิ,2026-04-02,17.265795389157642,103.63525834232864,20.267083333333336
สกลนคร,วาริชภูมิ,2026-04-03,17.265795389157642,103.63525834232864,15.9325
สกลนคร,วาริชภูมิ,2026-04-04,17.265795389157642,103.63525834232864,21.716250000000002
สกลนคร,วาริชภูมิ,2026-04-05,17.265795389157642,103.63525834232864,20.57875
สกลนคร,วาริชภูมิ,2026-04-06,17.265795389157642,103.63525834232864,17.865416666666665
สกลนคร,วาริชภูมิ,2026-04-07,17.265795389157642,103.63525834232864,22.467083333333335
สกลนคร,วาริชภูมิ,2026-04-08,17.265795389157642,103.63525834232864,24.228333333333335
สกลนคร,วาริชภูมิ,2026-04-09,17.265795389157642,103.63525834232864,21.68416666666667
สกลนคร,วาริชภูมิ,2026-04-10,17.265795389157642,103.63525834232864,30.537499999999998
สกลนคร,วาริชภูมิ,2026-04-11,17.265795389157642,103.63525834232864,32.935
สกลนคร,วาริชภูมิ,2026-04-12,17.265795389157642,103.63525834232864,26.435833333333335
สกลนคร,วาริชภูมิ,2026-04-13,17.265795389157642,103.63525834232864,32.64125
สกลนคร,วาริชภูมิ,2026-04-14,17.265795389157642,103.63525834232864,33.031666666666666
สกลนคร,วาริชภูมิ,2026-04-15,17.265795389157642,103.63525834232864,36.5625
สกลนคร,วาริชภูมิ,2026-04-16,17.265795389157642,103.63525834232864,34.77791666666667
สกลนคร,วาริชภูมิ,2026-04-17,17.265795389157642,103.63525834232864,24.159583333333334
สกลนคร,วาริชภูมิ,2026-04-18,17.265795389157642,103.63525834232864,18.523333333333333
สกลนคร,วาริชภูมิ,2026-04-19,17.265795389157642,103.63525834232864,15.834583333333335
สกลนคร,วาริชภูมิ,2026-04-20,17.265795389157642,103.63525834232864,16.727500000000003
สกลนคร,วาริชภูมิ,2026-04-21,17.265795389157642,103.63525834232864,16.924583333333334
สกลนคร,วาริชภูมิ,2026-04-22,17.265795389157642,103.63525834232864,11.277083333333332
สกลนคร,วาริชภูมิ,2026-04-23,17.265795389157642,103.63525834232864,17.920416666666668
สกลนคร,วาริชภูมิ,2026-04-24,17.265795389157642,103.63525834232864,26.842916666666667
สกลนคร,วาริชภูมิ,2026-04-25,17.265795389157642,103.63525834232864,3.327083333333333
สกลนคร,วาริชภูมิ,2026-04-26,17.265795389157642,103.63525834232864,19.721363636363638
สกลนคร,วาริชภูมิ,2026-04-27,17.265795389157642,103.63525834232864,20.35875
สกลนคร,วาริชภูมิ,2026-04-28,17.265795389157642,103.63525834232864,16.64708333333333
สกลนคร,วาริชภูมิ,2026-04-29,17.265795389157642,103.63525834232864,14.347916666666668
สกลนคร,วาริชภูมิ,2026-04-30,17.265795389157642,103.63525834232864,21.137391304347826
สกลนคร,สว่างแดนดิน,2026-04-15,17.404981,103.298423,31.24285714285714
สกลนคร,สว่างแดนดิน,2026-04-23,17.404981,103.298423,20.375833333333333
สกลนคร,สว่างแดนดิน,2026-04-24,17.404981,103.298423,6.489583333333333
สกลนคร,สว่างแดนดิน,2026-04-25,17.404981,103.298423,4.868333333333333
สกลนคร,สว่างแดนดิน,2026-04-26,17.404981,103.298423,6.430000000000001
สกลนคร,สว่างแดนดิน,2026-04-27,17.404981,103.298423,17.777083333333334
สกลนคร,สว่างแดนดิน,2026-04-28,17.404981,103.298423,13.067391304347826
สกลนคร,สว่างแดนดิน,2026-04-29,17.404981,103.298423,9.43125
สกลนคร,สว่างแดนดิน,2026-04-30,17.404981,103.298423,3.091666666666667
สกลนคร,เมือง,2026-04-01,17.1934996,104.0960856,54.965
สกลนคร,เมือง,2026-04-02,17.1934996,104.0960856,65.93333333333334
สกลนคร,เมือง,2026-04-03,17.1934996,104.0960856,58.46125
สกลนคร,เมือง,2026-04-04,17.1934996,104.0960856,62.3375
สกลนคร,เมือง,2026-04-05,17.1934996,104.0960856,59.77041666666667
สกลนคร,เมือง,2026-04-06,17.1934996,104.0960856,64.1225
สกลนคร,เมือง,2026-04-07,17.1934996,104.0960856,72.58333333333333
สกลนคร,เมือง,2026-04-08,17.1934996,104.0960856,74.79583333333333
สกลนคร,เมือง,2026-04-09,17.1934996,104.0960856,75.00125
สกลนคร,เมือง,2026-04-10,17.1934996,104.0960856,87.57541666666667
สกลนคร,เมือง,2026-04-11,17.1934996,104.0960856,93.28500000000001
สกลนคร,เมือง,2026-04-12,17.1934996,104.0960856,93.81916666666666
สกลนคร,เมือง,2026-04-13,17.1934996,104.0960856,87.55125
สกลนคร,เมือง,2026-04-14,17.1934996,104.0960856,86.84750000000001
สกลนคร,เมือง,2026-04-15,17.1934996,104.0960856,79.41333333333334
สกลนคร,เมือง,2026-04-16,17.1934996,104.0960856,66.20291666666667
สกลนคร,เมือง,2026-04-17,17.1934996,104.0960856,47.88333333333333
สกลนคร,เมือง,2026-04-18,17.1934996,104.0960856,49.842083333333335
สกลนคร,เมือง,2026-04-19,17.1934996,104.0960856,39.04708333333333
สกลนคร,เมือง,2026-04-20,17.1934996,104.0960856,42.79791666666667
สกลนคร,เมือง,2026-04-21,17.1934996,104.0960856,41.64333333333334
สกลนคร,เมือง,2026-04-22,17.1934996,104.0960856,46.013749999999995
สกลนคร,เมือง,2026-04-23,17.1934996,104.0960856,44.76833333333334
สกลนคร,เมือง,2026-04-24,17.1934996,104.0960856,22.50208333333333
สกลนคร,เมือง,2026-04-25,17.1934996,104.0960856,16.81416666666667
สกลนคร,เมือง,2026-04-26,17.1934996,104.0960856,25.462500000000002
สกลนคร,เมือง,2026-04-27,17.1934996,104.0960856,42.525
สกลนคร,เมือง,2026-04-28,17.1934996,104.0960856,25.332083333333333
สกลนคร,เมือง,2026-04-29,17.1934996,104.0960856,29.212500000000002
สกลนคร,เมือง,2026-04-30,17.1934996,104.0960856,18.670833333333334
สกลนคร,โพนนาแก้ว,2026-04-01,17.222225833929407,104.28791633862916,24.885454545454547
สกลนคร,โพนนาแก้ว,2026-04-02,17.222225833929407,104.28791633862916,26.918095238095237
สกลนคร,โพนนาแก้ว,2026-04-03,17.222225833929407,104.28791633862916,24.299545454545456
สกลนคร,โพนนาแก้ว,2026-04-04,17.222225833929407,104.28791633862916,26.478333333333335
สกลนคร,โพนนาแก้ว,2026-04-05,17.222225833929407,104.28791633862916,24.114583333333332
สกลนคร,โพนนาแก้ว,2026-04-06,17.222225833929407,104.28791633862916,22.3325
สกลนคร,โพนนาแก้ว,2026-04-07,17.222225833929407,104.28791633862916,27.500416666666666
สกลนคร,โพนนาแก้ว,2026-04-08,17.222225833929407,104.28791633862916,35.296521739130434
สกลนคร,โพนนาแก้ว,2026-04-09,17.222225833929407,104.28791633862916,38.18681818181818
สกลนคร,โพนนาแก้ว,2026-04-10,17.222225833929407,104.28791633862916,44.24125
สกลนคร,โพนนาแก้ว,2026-04-11,17.222225833929407,104.28791633862916,36.9925
สกลนคร,โพนนาแก้ว,2026-04-12,17.222225833929407,104.28791633862916,34.50625
สกลนคร,โพนนาแก้ว,2026-04-13,17.222225833929407,104.28791633862916,25.64521739130435
สกลนคร,โพนนาแก้ว,2026-04-14,17.222225833929407,104.28791633862916,32.17458333333334
สกลนคร,โพนนาแก้ว,2026-04-15,17.222225833929407,104.28791633862916,24.4375
สกลนคร,โพนนาแก้ว,2026-04-16,17.222225833929407,104.28791633862916,22.30090909090909
สกลนคร,โพนนาแก้ว,2026-04-17,17.222225833929407,104.28791633862916,18.277619047619048
สกลนคร,โพนนาแก้ว,2026-04-18,17.222225833929407,104.28791633862916,14.423636363636364
สกลนคร,โพนนาแก้ว,2026-04-19,17.222225833929407,104.28791633862916,10.102608695652174
สกลนคร,โพนนาแก้ว,2026-04-20,17.222225833929407,104.28791633862916,11.930454545454547
สกลนคร,โพนนาแก้ว,2026-04-21,17.222225833929407,104.28791633862916,14.665263157894737
สกลนคร,โพนนาแก้ว,2026-04-22,17.222225833929407,104.28791633862916,15.098095238095238
สกลนคร,โพนนาแก้ว,2026-04-23,17.222225833929407,104.28791633862916,13.128636363636362
สกลนคร,โพนนาแก้ว,2026-04-24,17.222225833929407,104.28791633862916,4.428695652173913
สกลนคร,โพนนาแก้ว,2026-04-25,17.222225833929407,104.28791633862916,2.5970833333333334
สกลนคร,โพนนาแก้ว,2026-04-26,17.222225833929407,104.28791633862916,5.6345
สกลนคร,โพนนาแก้ว,2026-04-27,17.222225833929407,104.28791633862916,9.558095238095238
สกลนคร,โพนนาแก้ว,2026-04-28,17.222225833929407,104.28791633862916,5.000869565217391
สกลนคร,โพนนาแก้ว,2026-04-29,17.222225833929407,104.28791633862916,7.048260869565218
สกลนคร,โพนนาแก้ว,2026-04-30,17.222225833929407,104.28791633862916,3.234761904761905
สงขลา,หาดใหญ่,2026-04-01,6.868191728283172,100.46483231883165,20.161935483870966
สงขลา,หาดใหญ่,2026-04-02,6.86831034834515,100.46460211187303,14.448571428571428
สงขลา,หาดใหญ่,2026-04-03,6.868254632861494,100.4647102393839,19.827878787878788
สงขลา,หาดใหญ่,2026-04-04,6.868254632861494,100.4647102393839,25.252727272727274
สงขลา,หาดใหญ่,2026-04-05,6.86812014721129,100.46497123682393,28.306206896551725
สงขลา,หาดใหญ่,2026-04-06,6.868080521975068,100.46504813785535,22.904642857142857
สงขลา,หาดใหญ่,2026-04-07,6.868335884608492,100.46455255343055,18.24527777777778
สงขลา,หาดใหญ่,2026-04-08,6.868360040533276,100.4645056738228,21.683513513513514
สงขลา,หาดใหญ่,2026-04-09,6.868382925093598,100.46446126156282,24.66763157894737
สงขลา,หาดใหญ่,2026-04-10,6.868157130765096,100.46489946252791,22.051
สงขลา,หาดใหญ่,2026-04-11,6.868043690826017,100.46511961637816,19.77269230769231
สงขลา,หาดใหญ่,2026-04-12,6.868080521975068,100.46504813785535,20.65857142857143
สงขลา,หาดใหญ่,2026-04-13,6.86828330994867,100.464654585518,21.158529411764704
สงขลา,หาดใหญ่,2026-04-14,6.86831034834515,100.46460211187303,17.733142857142855
สงขลา,หาดใหญ่,2026-04-15,6.868157130765096,100.46489946252791,19.201999999999998
สงขลา,หาดใหญ่,2026-04-16,6.868360040533276,100.4645056738228,16.646486486486484
สงขลา,หาดใหญ่,2026-04-17,6.86831034834515,100.46460211187303,20.667714285714286
สงขลา,หาดใหญ่,2026-04-18,6.86812014721129,100.46497123682393,21.20793103448276
สงขลา,หาดใหญ่,2026-04-19,6.867942626153019,100.46531575344476,21.038800000000002
สงขลา,หาดใหญ่,2026-04-20,6.868254632861494,100.4647102393839,17.30757575757576
สงขลา,หาดใหญ่,2026-04-21,6.868254632861494,100.4647102393839,17.00151515151515
สงขลา,หาดใหญ่,2026-04-22,6.868360040533276,100.4645056738228,25.055135135135135
สงขลา,หาดใหญ่,2026-04-23,6.86831034834515,100.46460211187303,27.167714285714286
สงขลา,หาดใหญ่,2026-04-24,6.868128402468835,100.4649552157757,21.006785714285716
สงขลา,หาดใหญ่,2026-04-25,6.867944860576061,100.46531141708103,18.346666666666668
สงขลา,หาดใหญ่,2026-04-26,6.86794728929676,100.46530670364221,11.230434782608697
สงขลา,หาดใหญ่,2026-04-27,6.86831034834515,100.46460211187303,13.73942857142857
สงขลา,หาดใหญ่,2026-04-28,6.868037961536164,100.46513073525949,17.79259259259259
สงขลา,หาดใหญ่,2026-04-29,6.86828330994867,100.464654585518,19.27852941176471
สงขลา,หาดใหญ่,2026-04-30,6.86822416345637,100.4647693716164,15.4259375
สงขลา,เมือง,2026-04-01,7.1663406,100.6092444,12.240434782608695
สงขลา,เมือง,2026-04-02,7.166340600000001,100.60924440000001,11.405416666666667
สงขลา,เมือง,2026-04-03,7.166340600000001,100.60924440000001,22.23166666666667
สงขลา,เมือง,2026-04-04,7.166340600000001,100.60924440000001,29.052916666666665
สงขลา,เมือง,2026-04-05,7.166340600000001,100.60924440000001,33.64291666666667
สงขลา,เมือง,2026-04-06,7.166340600000001,100.60924440000001,30.521666666666665
สงขลา,เมือง,2026-04-07,7.166340600000001,100.60924440000001,18.567083333333333
สงขลา,เมือง,2026-04-08,7.166340600000001,100.60924440000001,21.980416666666667
สงขลา,เมือง,2026-04-09,7.166340600000001,100.60924440000001,20.075833333333332
สงขลา,เมือง,2026-04-10,7.166340600000001,100.60924440000001,19.825
สงขลา,เมือง,2026-04-11,7.166340600000001,100.60924440000001,26.290833333333335
สงขลา,เมือง,2026-04-12,7.166340600000001,100.60924440000001,25.7775
สงขลา,เมือง,2026-04-13,7.166340600000001,100.60924440000001,24.30458333333333
สงขลา,เมือง,2026-04-14,7.166340600000001,100.60924440000001,21.222083333333334
สงขลา,เมือง,2026-04-15,7.166340600000001,100.60924440000001,12.550416666666665
สงขลา,เมือง,2026-04-16,7.166340600000001,100.60924440000001,22.211250000000003
สงขลา,เมือง,2026-04-17,7.166340600000001,100.60924440000001,27.477083333333336
สงขลา,เมือง,2026-04-18,7.166340600000001,100.60924440000001,17.919166666666666
สงขลา,เมือง,2026-04-19,7.166340600000001,100.60924440000001,17.136666666666667
สงขลา,เมือง,2026-04-20,7.166340600000001,100.60924440000001,6.445833333333333
สงขลา,เมือง,2026-04-21,7.1663406,100.6092444,14.149230769230769
สงขลา,เมือง,2026-04-29,7.1663406,100.6092444,13.618
สงขลา,เมือง,2026-04-30,7.166340600000001,100.60924440000001,11.483333333333333
สตูล,ควนกาหลง,2026-04-01,6.865967,99.75897999999998,8.951304347826087
สตูล,ควนกาหลง,2026-04-02,6.865967,99.75898,10.694166666666666
สตูล,ควนกาหลง,2026-04-03,6.865967,99.75898,17.377916666666668
สตูล,ควนกาหลง,2026-04-04,6.865967,99.75898,27.06375
สตูล,ควนกาหลง,2026-04-05,6.865967,99.75898,22.91
สตูล,ควนกาหลง,2026-04-06,6.865967,99.75898,15.164583333333333
สตูล,ควนกาหลง,2026-04-07,6.865967,99.75898,7.384583333333333
สตูล,ควนกาหลง,2026-04-08,6.865967,99.75898,8.84375
สตูล,ควนกาหลง,2026-04-09,6.865967,99.75898,9.526666666666666
สตูล,ควนกาหลง,2026-04-10,6.865967,99.75898,13.912083333333333
สตูล,ควนกาหลง,2026-04-11,6.865967,99.75898,17.886666666666667
สตูล,ควนกาหลง,2026-04-12,6.865967,99.75898,5.305833333333333
สตูล,ควนกาหลง,2026-04-13,6.865967,99.75898,3.967916666666667
สตูล,ควนกาหลง,2026-04-14,6.865967,99.75898,3.2216666666666662
สตูล,ควนกาหลง,2026-04-15,6.865967,99.75898,2.8845833333333335
สตูล,ควนกาหลง,2026-04-16,6.865967,99.75898,3.20875
สตูล,ควนกาหลง,2026-04-17,6.865967,99.75898,9.3175
สตูล,ควนกาหลง,2026-04-18,6.865967,99.75898,7.562083333333334
สตูล,ควนกาหลง,2026-04-19,6.865967,99.75898,16.86625
สตูล,ควนกาหลง,2026-04-20,6.865967,99.75898,14.721666666666666
สตูล,ควนกาหลง,2026-04-21,6.865967,99.75898,7.974166666666666
สตูล,ควนกาหลง,2026-04-22,6.865967,99.75898,18.216666666666665
สตูล,ควนกาหลง,2026-04-23,6.865967,99.75898,21.70375
สตูล,ควนกาหลง,2026-04-24,6.865967,99.75898,16.05666666666667
สตูล,ควนกาหลง,2026-04-25,6.865967,99.75898,11.616666666666667
สตูล,ควนกาหลง,2026-04-26,6.865967,99.75898000000001,8.538636363636364
สตูล,ควนกาหลง,2026-04-27,6.865967,99.75898,1.97375
สตูล,ควนกาหลง,2026-04-28,6.865967,99.75898,4.2058333333333335
สตูล,ควนกาหลง,2026-04-29,6.865967,99.75898,6.658333333333334
สตูล,ควนกาหลง,2026-04-30,6.865967,99.75898,4.654583333333333
สตูล,ทุ่งหว้า,2026-04-01,7.092722,99.766083,1.8582608695652174
สตูล,ทุ่งหว้า,2026-04-02,7.092721999999999,99.766083,2.97875
สตูล,ทุ่งหว้า,2026-04-03,7.092721999999999,99.766083,6.13375
สตูล,ทุ่งหว้า,2026-04-04,7.092721999999999,99.766083,13.178333333333333
สตูล,ทุ่งหว้า,2026-04-05,7.092721999999999,99.766083,10.425833333333333
สตูล,ทุ่งหว้า,2026-04-06,7.092721999999999,99.766083,4.907916666666666
สตูล,ทุ่งหว้า,2026-04-07,7.092721999999999,99.766083,2.24875
สตูล,ทุ่งหว้า,2026-04-08,7.092721999999999,99.766083,3.6612500000000003
สตูล,ทุ่งหว้า,2026-04-09,7.092721999999999,99.766083,2.1708333333333334
สตูล,ทุ่งหว้า,2026-04-10,7.092721999999999,99.766083,4.585
สตูล,ทุ่งหว้า,2026-04-11,7.092721999999999,99.766083,4.256666666666667
สตูล,ทุ่งหว้า,2026-04-12,7.092721999999999,99.766083,1.5337500000000002
สตูล,ทุ่งหว้า,2026-04-13,7.092721999999999,99.766083,1.1654166666666665
สตูล,ทุ่งหว้า,2026-04-14,7.092721999999999,99.766083,1.455
สตูล,ทุ่งหว้า,2026-04-15,7.092721999999999,99.766083,1.2675
สตูล,ทุ่งหว้า,2026-04-16,7.092721999999999,99.766083,1.445
สตูล,ทุ่งหว้า,2026-04-17,7.092721999999999,99.766083,1.5270833333333333
สตูล,ทุ่งหว้า,2026-04-18,7.092721999999999,99.766083,1.18875
สตูล,ทุ่งหว้า,2026-04-19,7.092721999999999,99.766083,2.3508333333333336
สตูล,ทุ่งหว้า,2026-04-20,7.092721999999999,99.766083,4.13375
สตูล,ทุ่งหว้า,2026-04-21,7.092721999999999,99.766083,1.5875000000000001
สตูล,ทุ่งหว้า,2026-04-22,7.092721999999999,99.766083,3.810833333333333
สตูล,ทุ่งหว้า,2026-04-23,7.092721999999999,99.766083,6.40375
สตูล,ทุ่งหว้า,2026-04-24,7.092721999999999,99.766083,5.659166666666667
สตูล,ทุ่งหว้า,2026-04-25,7.092721999999999,99.766083,2.2979166666666666
สตูล,ทุ่งหว้า,2026-04-26,7.092722,99.766083,2.994545454545454
สตูล,ทุ่งหว้า,2026-04-27,7.092721999999999,99.766083,1.6258333333333332
สตูล,ทุ่งหว้า,2026-04-28,7.092721999999999,99.766083,2.782916666666667
สตูล,ทุ่งหว้า,2026-04-29,7.092721999999999,99.766083,1.745
สตูล,ทุ่งหว้า,2026-04-30,7.092721999999999,99.766083,1.7654166666666666
สตูล,ท่าแพ,2026-04-01,6.788325000000001,99.970534,8.824782608695653
สตูล,ท่าแพ,2026-04-02,6.788325,99.970534,9.058333333333334
สตูล,ท่าแพ,2026-04-03,6.788325,99.970534,14.781666666666666
สตูล,ท่าแพ,2026-04-04,6.788325,99.970534,25.119583333333335
สตูล,ท่าแพ,2026-04-05,6.788325,99.970534,20.67833333333333
สตูล,ท่าแพ,2026-04-06,6.788325,99.970534,10.862499999999999
สตูล,ท่าแพ,2026-04-07,6.788325,99.970534,7.08875
สตูล,ท่าแพ,2026-04-08,6.788325,99.970534,8.585833333333333
สตูล,ท่าแพ,2026-04-09,6.788325,99.970534,6.625416666666666
สตูล,ท่าแพ,2026-04-10,6.788325,99.970534,12.340833333333334
สตูล,ท่าแพ,2026-04-11,6.788325,99.970534,16.40625
สตูล,ท่าแพ,2026-04-12,6.788325,99.970534,8.382083333333334
สตูล,ท่าแพ,2026-04-13,6.788325,99.970534,5.179166666666666
สตูล,ท่าแพ,2026-04-14,6.788325,99.970534,3.82375
สตูล,ท่าแพ,2026-04-15,6.788325,99.970534,3.6275
สตูล,ท่าแพ,2026-04-16,6.788325,99.970534,3.6366666666666667
สตูล,ท่าแพ,2026-04-17,6.788325,99.970534,5.792916666666667
สตูล,ท่าแพ,2026-04-18,6.788325,99.970534,5.415416666666666
สตูล,ท่าแพ,2026-04-19,6.788325,99.970534,16.838333333333335
สตูล,ท่าแพ,2026-04-20,6.788325,99.970534,14.789166666666667
สตูล,ท่าแพ,2026-04-21,6.788325,99.970534,8.364583333333334
สตูล,ท่าแพ,2026-04-22,6.788325,99.970534,15.819166666666666
สตูล,ท่าแพ,2026-04-23,6.788325,99.970534,20.05875
สตูล,ท่าแพ,2026-04-24,6.788325,99.970534,15.936666666666667
สตูล,ท่าแพ,2026-04-25,6.788325,99.970534,12.6625
สตูล,ท่าแพ,2026-04-26,6.788325,99.970534,12.839090909090908
สตูล,ท่าแพ,2026-04-27,6.788325,99.970534,5.1275
สตูล,ท่าแพ,2026-04-28,6.788325,99.970534,7.1258333333333335
สตูล,ท่าแพ,2026-04-29,6.788325,99.970534,8.596666666666666
สตูล,ท่าแพ,2026-04-30,6.788325,99.970534,6.744583333333334
สตูล,มะนัง,2026-04-01,7.0058395,99.91662870000002,6.793333333333333
สตูล,มะนัง,2026-04-02,7.0058395,99.9166287,6.492916666666667
สตูล,มะนัง,2026-04-03,7.0058395,99.9166287,15.647499999999999
สตูล,มะนัง,2026-04-04,7.0058395,99.9166287,24.465
สตูล,มะนัง,2026-04-05,7.0058395,99.9166287,18.805833333333332
สตูล,มะนัง,2026-04-06,7.0058395,99.9166287,10.659166666666666
สตูล,มะนัง,2026-04-07,7.0058395,99.9166287,5.975416666666667
สตูล,มะนัง,2026-04-08,7.0058395,99.9166287,6.163333333333333
สตูล,มะนัง,2026-04-09,7.0058395,99.9166287,4.9695833333333335
สตูล,มะนัง,2026-04-10,7.0058395,99.9166287,7.274583333333333
สตูล,มะนัง,2026-04-11,7.0058395,99.9166287,11.240416666666667
สตูล,มะนัง,2026-04-12,7.0058395,99.9166287,4.40375
สตูล,มะนัง,2026-04-13,7.0058395,99.9166287,2.567083333333333
สตูล,มะนัง,2026-04-14,7.0058395,99.9166287,2.4279166666666665
สตูล,มะนัง,2026-04-15,7.0058395,99.9166287,2.13625
สตูล,มะนัง,2026-04-16,7.0058395,99.9166287,2.640416666666667
สตูล,มะนัง,2026-04-17,7.0058395,99.9166287,4.510416666666667
สตูล,มะนัง,2026-04-18,7.0058395,99.9166287,3.6495833333333336
สตูล,มะนัง,2026-04-19,7.0058395,99.9166287,8.449583333333333
สตูล,มะนัง,2026-04-20,7.0058395,99.9166287,9.529166666666667
สตูล,มะนัง,2026-04-21,7.0058395,99.9166287,5.475833333333333
สตูล,มะนัง,2026-04-22,7.0058395,99.9166287,11.7325
สตูล,มะนัง,2026-04-23,7.0058395,99.9166287,16.17875
สตูล,มะนัง,2026-04-24,7.0058395,99.9166287,12.118333333333332
สตูล,มะนัง,2026-04-25,7.0058395,99.9166287,8.541666666666666
สตูล,มะนัง,2026-04-26,7.0058394999999996,99.9166287,5.237272727272727
สตูล,มะนัง,2026-04-27,7.0058395,99.9166287,4.236666666666667
สตูล,มะนัง,2026-04-28,7.0058395,99.9166287,4.8654166666666665
สตูล,มะนัง,2026-04-29,7.0058395,99.9166287,5.357083333333333
สตูล,มะนัง,2026-04-30,7.0058395,99.9166287,3.0733333333333337
สตูล,ละงู,2026-04-01,6.931062,99.78541,2.21
สตูล,ละงู,2026-04-02,6.931062,99.78541,1.2266666666666668
สตูล,ละงู,2026-04-03,6.931062,99.78541,1.91375
สตูล,ละงู,2026-04-04,6.931062,99.78541,2.9258333333333333
สตูล,ละงู,2026-04-05,6.931062,99.78541,3.029166666666667
สตูล,ละงู,2026-04-06,6.931062,99.78541,1.2329166666666667
สตูล,ละงู,2026-04-07,6.931062,99.78541,1.1766666666666667
สตูล,ละงู,2026-04-08,6.931062,99.78541,1.2637500000000002
สตูล,ละงู,2026-04-09,6.931062,99.78541,1.1916666666666667
สตูล,ละงู,2026-04-10,6.931062,99.78541,1.5225
สตูล,ละงู,2026-04-11,6.931062,99.78541,1.4291666666666665
สตูล,ละงู,2026-04-12,6.931062,99.78541,1.0266666666666666
สตูล,ละงู,2026-04-13,6.931062,99.78541,1.0020833333333334
สตูล,ละงู,2026-04-14,6.931062,99.78541,1.0283333333333333
สตูล,ละงู,2026-04-15,6.931062,99.78541,1.0708333333333333
สตูล,ละงู,2026-04-16,6.931062,99.78541,1.02
สตูล,ละงู,2026-04-17,6.931062,99.78541,1.16
สตูล,ละงู,2026-04-18,6.931062,99.78541,1.23375
สตูล,ละงู,2026-04-19,6.931062,99.78541,1.0441666666666667
สตูล,ละงู,2026-04-20,6.931062,99.78541,1.2
สตูล,ละงู,2026-04-21,6.931062,99.78541,1.0841666666666667
สตูล,ละงู,2026-04-22,6.931062,99.78541,1.258181818181818
สตูล,ละงู,2026-04-23,6.931062,99.78541,1.4075
สตูล,ละงู,2026-04-24,6.931062,99.78541,1.6866666666666668
สตูล,ละงู,2026-04-25,6.931062,99.78541,1.1016666666666668
สตูล,ละงู,2026-04-26,6.931062,99.78541,1.0572727272727274
สตูล,ละงู,2026-04-27,6.931062,99.78541,1.0
สตูล,ละงู,2026-04-28,6.931062,99.78541,1.0458333333333334
สตูล,ละงู,2026-04-29,6.931062,99.78541,1.08
สตูล,ละงู,2026-04-30,6.931062,99.78541,1.2779166666666668
สตูล,เมือง,2026-04-01,6.707929,99.864909,14.77695652173913
สตูล,เมือง,2026-04-02,6.707929,99.864909,16.75166666666667
สตูล,เมือง,2026-04-03,6.707929,99.864909,24.04875
สตูล,เมือง,2026-04-04,6.707929,99.864909,31.407083333333333
สตูล,เมือง,2026-04-05,6.707929,99.864909,48.705000000000005
สตูล,เมือง,2026-04-06,6.707929,99.864909,20.36916666666667
สตูล,เมือง,2026-04-07,6.707929,99.864909,13.090416666666668
สตูล,เมือง,2026-04-08,6.707929,99.864909,20.974999999999998
สตูล,เมือง,2026-04-09,6.707929,99.864909,15.643333333333333
สตูล,เมือง,2026-04-10,6.707929,99.864909,25.760416666666668
สตูล,เมือง,2026-04-11,6.707929,99.864909,25.8
สตูล,เมือง,2026-04-12,6.707929,99.864909,11.917083333333332
สตูล,เมือง,2026-04-13,6.707929,99.864909,5.22375
สตูล,เมือง,2026-04-14,6.707929,99.864909,6.251666666666666
สตูล,เมือง,2026-04-15,6.681605764705883,99.92547400000001,9.36470588235294
สตูล,เมือง,2026-04-16,6.663179500000001,99.9678695,9.610625
สตูล,เมือง,2026-04-17,6.663179500000001,99.9678695,11.918125000000002
สตูล,เมือง,2026-04-18,6.668382930232559,99.95589734883721,11.008604651162791
สตูล,เมือง,2026-04-19,6.707929,99.864909,18.661666666666665
สตูล,เมือง,2026-04-20,6.707929,99.864909,19.41375
สตูล,เมือง,2026-04-21,6.707929,99.864909,16.927916666666665
สตูล,เมือง,2026-04-22,6.707929,99.864909,25.361666666666665
สตูล,เมือง,2026-04-23,6.707929,99.864909,25.97625
สตูล,เมือง,2026-04-24,6.707929,99.864909,21.796875
สตูล,เมือง,2026-04-25,6.707929,99.864909,17.335416666666667
สตูล,เมือง,2026-04-26,6.707928999999999,99.864909,15.197727272727274
สตูล,เมือง,2026-04-27,6.707929,99.864909,5.897083333333334
สตูล,เมือง,2026-04-28,6.707929,99.864909,17.02625
สตูล,เมือง,2026-04-29,6.704349039999999,99.87314583999999,82.164
สตูล,เมือง,2026-04-30,6.707929,99.864909,7.81125
สมุทรปราการ,บางบ่อ,2026-04-01,13.57051466998661,100.83571910601641,16.836511627906976
สมุทรปราการ,บางบ่อ,2026-04-02,13.570537749790578,100.83572035249078,12.671739130434782
สมุทรปราการ,บางบ่อ,2026-04-03,13.570575920235605,100.83572241396764,20.6775
สมุทรปราการ,บางบ่อ,2026-04-04,13.570537749790578,100.83572035249078,28.770869565217392
สมุทรปราการ,บางบ่อ,2026-04-05,13.570450503059089,100.83571564054371,31.458571428571428
สมุทรปราการ,บางบ่อ,2026-04-06,13.570557241081655,100.83572140515983,28.926170212765957
สมุทรปราการ,บางบ่อ,2026-04-07,13.570557241081655,100.83572140515983,30.861702127659573
สมุทรปราการ,บางบ่อ,2026-04-08,13.570537749790578,100.83572035249078,28.141304347826086
สมุทรปราการ,บางบ่อ,2026-04-09,13.570557241081655,100.83572140515983,24.09340425531915
สมุทรปราการ,บางบ่อ,2026-04-10,13.570557241081655,100.83572140515983,15.05872340425532
สมุทรปราการ,บางบ่อ,2026-04-11,13.570537749790578,100.83572035249078,19.706304347826087
สมุทรปราการ,บางบ่อ,2026-04-12,13.570575920235605,100.83572241396764,20.582291666666666
สมุทรปราการ,บางบ่อ,2026-04-13,13.570557241081655,100.83572140515983,19.251489361702127
สมุทรปราการ,บางบ่อ,2026-04-14,13.570517392219896,100.83571925303646,22.732222222222223
สมุทรปราการ,บางบ่อ,2026-04-15,13.570575920235605,100.83572241396764,23.876875
สมุทรปราการ,บางบ่อ,2026-04-16,13.570557241081655,100.83572140515983,21.65595744680851
สมุทรปราการ,บางบ่อ,2026-04-17,13.570575920235605,100.83572241396764,17.700208333333332
สมุทรปราการ,บางบ่อ,2026-04-18,13.570575920235605,100.83572241396764,14.815416666666666
สมุทรปราการ,บางบ่อ,2026-04-19,13.570373323258158,100.83571147228281,14.343333333333334
สมุทรปราการ,บางบ่อ,2026-04-20,13.570344888594656,100.83570993660773,15.255789473684212
สมุทรปราการ,บางบ่อ,2026-04-21,13.57042603141489,100.83571431889999,21.804634146341463
สมุทรปราการ,บางบ่อ,2026-04-22,13.570537749790578,100.83572035249078,17.500217391304346
สมุทรปราการ,บางบ่อ,2026-04-23,13.570537749790578,100.83572035249078,11.217608695652174
สมุทรปราการ,บางบ่อ,2026-04-24,13.570517392219896,100.83571925303646,11.96
สมุทรปราการ,บางบ่อ,2026-04-25,13.570575920235605,100.83572241396764,9.474583333333333
สมุทรปราการ,บางบ่อ,2026-04-26,13.570575920235603,100.83572241396764,18.17590909090909
สมุทรปราการ,บางบ่อ,2026-04-27,13.570575920235605,100.83572241396764,13.520833333333334
สมุทรปราการ,บางบ่อ,2026-04-28,13.570557241081655,100.83572140515983,1.6663829787234041
สมุทรปราการ,บางบ่อ,2026-04-29,13.570557241081655,100.83572140515983,13.110212765957446
สมุทรปราการ,บางบ่อ,2026-04-30,13.570575920235605,100.83572241396764,12.944375
สมุทรปราการ,บางพลี,2026-04-01,13.642484486538905,100.73844858426924,20.645116279069768
สมุทรปราการ,บางพลี,2026-04-02,13.643063666114772,100.73836814127058,17.05215909090909
สมุทรปราการ,บางพลี,2026-04-03,13.641456909872042,100.73859130571842,23.076989247311825
สมุทรปราการ,บางพลี,2026-04-04,13.640573193938542,100.7387140461647,29.776041666666668
สมุทรปราการ,บางพลี,2026-04-05,13.646052232726248,100.73795305539764,36.15
สมุทรปราการ,บางพลี,2026-04-06,13.646146491119694,100.73848719772718,33.33121621621621
สมุทรปราการ,บางพลี,2026-04-07,13.640193949400201,100.73890880875591,33.17842105263158
สมุทรปราการ,บางพลี,2026-04-08,13.640573193938542,100.7387140461647,30.64125
สมุทรปราการ,บางพลี,2026-04-09,13.64337229638846,100.73848408037426,24.772823529411767
สมุทรปราการ,บางพลี,2026-04-10,13.646052232726248,100.73795305539764,19.740125
สมุทรปราการ,บางพลี,2026-04-11,13.642078424374724,100.73850498276717,19.941428571428574
สมุทรปราการ,บางพลี,2026-04-12,13.642727872113483,100.73841478013271,22.048426966292133
สมุทรปราการ,บางพลี,2026-04-13,13.64337229638846,100.73848408037426,19.19294117647059
สมุทรปราการ,บางพลี,2026-04-14,13.643866047123469,100.7339961880797,23.833571428571428
สมุทรปราการ,บางพลี,2026-04-15,13.644411621590178,100.7296066467126,22.948125
สมุทรปราการ,บางพลี,2026-04-16,13.643399492462391,100.72975678146847,21.69923076923077
สมุทรปราการ,บางพลี,2026-04-17,13.644924941450459,100.72968241680562,20.771559633027522
สมุทรปราการ,บางพลี,2026-04-18,13.644169525163075,100.72935022938012,18.076636363636364
สมุทรปราการ,บางพลี,2026-04-19,13.64503308664955,100.72906693181811,16.504684684684683
สมุทรปราการ,บางพลี,2026-04-20,13.646535685076413,100.72843240030011,17.61867924528302
สมุทรปราการ,บางพลี,2026-04-21,13.645568422389815,100.72912841140567,21.513055555555553
สมุทรปราการ,บางพลี,2026-04-22,13.64457862034954,100.73011357276891,20.754495412844033
สมุทรปราการ,บางพลี,2026-04-23,13.644469279806193,100.72930502152046,17.47849557522124
สมุทรปราการ,บางพลี,2026-04-24,13.645917950167593,100.72869326325751,15.87574074074074
สมุทรปราการ,บางพลี,2026-04-25,13.647507268136893,100.72802211098846,15.850873786407767
สมุทรปราการ,บางพลี,2026-04-26,13.645378379165008,100.73019499428185,19.71808510638298
สมุทรปราการ,บางพลี,2026-04-27,13.64750870237065,100.73139704817186,17.475978260869564
สมุทรปราการ,บางพลี,2026-04-28,13.649130435363736,100.72972551023969,7.287252747252747
สมุทรปราการ,บางพลี,2026-04-29,13.645406822633673,100.73207798399807,18.918367346938776
สมุทรปราการ,บางพลี,2026-04-30,13.646853377315237,100.72829824220774,16.700761904761904
สมุทรปราการ,บางเสาธง,2026-04-01,13.612445982406527,100.81348309368873,29.446739130434782
สมุทรปราการ,บางเสาธง,2026-04-02,13.612445982406527,100.81348309368873,23.58583333333333
สมุทรปราการ,บางเสาธง,2026-04-03,13.612445982406527,100.81348309368873,26.550208333333334
สมุทรปราการ,บางเสาธง,2026-04-04,13.612445982406527,100.81348309368873,33.74229166666667
สมุทรปราการ,บางเสาธง,2026-04-05,13.612445982406527,100.81348309368873,39.366875
สมุทรปราการ,บางเสาธง,2026-04-06,13.612445982406527,100.81348309368873,36.096875000000004
สมุทรปราการ,บางเสาธง,2026-04-07,13.612445982406527,100.81348309368873,37.61
สมุทรปราการ,บางเสาธง,2026-04-08,13.612445982406527,100.81348309368873,33.12645833333333
สมุทรปราการ,บางเสาธง,2026-04-09,13.612445982406527,100.81348309368873,30.205833333333334
สมุทรปราการ,บางเสาธง,2026-04-10,13.612445982406527,100.81348309368873,24.991041666666664
สมุทรปราการ,บางเสาธง,2026-04-11,13.612445982406527,100.81348309368873,27.319791666666664
สมุทรปราการ,บางเสาธง,2026-04-12,13.612445982406527,100.81348309368873,29.451458333333335
สมุทรปราการ,บางเสาธง,2026-04-13,13.612445982406527,100.81348309368873,28.191666666666666
สมุทรปราการ,บางเสาธง,2026-04-14,13.612445982406527,100.81348309368873,31.274375000000003
สมุทรปราการ,บางเสาธง,2026-04-15,13.612445982406527,100.81348309368873,31.0125
สมุทรปราการ,บางเสาธง,2026-04-16,13.612445982406527,100.81348309368873,32.500625
สมุทรปราการ,บางเสาธง,2026-04-17,13.612445982406527,100.81348309368873,28.554166666666664
สมุทรปราการ,บางเสาธง,2026-04-18,13.612445982406527,100.81348309368873,25.626666666666665
สมุทรปราการ,บางเสาธง,2026-04-19,13.612445982406527,100.81348309368873,25.015208333333334
สมุทรปราการ,บางเสาธง,2026-04-20,13.612445982406527,100.81348309368873,25.078958333333333
สมุทรปราการ,บางเสาธง,2026-04-21,13.612445982406527,100.81348309368873,30.993125000000003
สมุทรปราการ,บางเสาธง,2026-04-22,13.612445982406527,100.81348309368873,24.933333333333334
สมุทรปราการ,บางเสาธง,2026-04-23,13.612445982406527,100.81348309368873,20.349166666666665
สมุทรปราการ,บางเสาธง,2026-04-24,13.612445982406527,100.81348309368873,21.473333333333333
สมุทรปราการ,บางเสาธง,2026-04-25,13.612445982406527,100.81348309368873,21.74625
สมุทรปราการ,บางเสาธง,2026-04-26,13.612445982406525,100.81348309368873,23.727045454545454
สมุทรปราการ,บางเสาธง,2026-04-27,13.612445982406527,100.81348309368873,21.827083333333334
สมุทรปราการ,บางเสาธง,2026-04-28,13.612445982406527,100.81348309368873,5.4906250000000005
สมุทรปราการ,บางเสาธง,2026-04-29,13.612445982406527,100.81348309368873,19.802291666666665
สมุทรปราการ,บางเสาธง,2026-04-30,13.612445982406527,100.81348309368873,20.744791666666668
สมุทรปราการ,พระประแดง,2026-04-01,13.68885,100.56375,29.14434782608696
สมุทรปราการ,พระประแดง,2026-04-02,13.68885,100.56374999999998,24.9975
สมุทรปราการ,พระประแดง,2026-04-03,13.68885,100.56374999999998,28.62375
สมุทรปราการ,พระประแดง,2026-04-04,13.650130801859886,100.55220258798707,34.20617021276596
สมุทรปราการ,พระประแดง,2026-04-05,13.669069540080594,100.55785077864557,41.8725
สมุทรปราการ,พระประแดง,2026-04-06,13.675208303503858,100.5596815714797,37.18724137931035
สมุทรปราการ,พระประแดง,2026-04-07,13.667271316451556,100.55731448579516,38.049090909090914
สมุทรปราการ,พระประแดง,2026-04-08,13.67098377813731,100.55842167103471,36.75677419354839
สมุทรปราการ,พระประแดง,2026-04-09,13.657201264128949,100.5543112458329,30.89625
สมุทรปราการ,พระประแดง,2026-04-10,13.6560433835483,100.5539659255585,24.126829268292685
สมุทรปราการ,พระประแดง,2026-04-11,13.649289080161187,100.55195155729115,27.92833333333333
สมุทรปราการ,พระประแดง,2026-04-12,13.649289080161187,100.55195155729115,29.445416666666663
สมุทรปราการ,พระประแดง,2026-04-13,13.65288552741926,100.55302414299194,26.24113636363636
สมุทรปราการ,พระประแดง,2026-04-14,13.65288552741926,100.55302414299194,31.747954545454547
สมุทรปราการ,พระประแดง,2026-04-15,13.650130801859886,100.55220258798707,29.399574468085106
สมุทรปราการ,พระประแดง,2026-04-16,13.657201264128949,100.5543112458329,29.484500000000004
สมุทรปราการ,พระประแดง,2026-04-17,13.651009120154178,100.55246453306108,26.188478260869566
สมุทรปราการ,พระประแดง,2026-04-18,13.667271316451556,100.55731448579516,23.366060606060607
สมุทรปราการ,พระประแดง,2026-04-19,13.649289080161187,100.55195155729115,21.83666666666667
สมุทรปราการ,พระประแดง,2026-04-20,13.649289080161187,100.55195155729115,22.262083333333333
สมุทรปราการ,พระประแดง,2026-04-21,13.665578870683051,100.55680973958302,28.357941176470586
สมุทรปราการ,พระประแดง,2026-04-22,13.68885,100.56374999999998,31.23625
สมุทรปราการ,พระประแดง,2026-04-23,13.649289080161186,100.55195155729115,22.840625
สมุทรปราการ,พระประแดง,2026-04-27,13.655669873683575,100.5538545319216,13.365483870967742
สมุทรปราการ,พระประแดง,2026-04-28,13.650130801859886,100.55220258798707,6.627872340425531
สมุทรปราการ,พระประแดง,2026-04-29,13.665578870683051,100.55680973958302,23.933823529411764
สมุทรปราการ,พระประแดง,2026-04-30,13.68885,100.56374999999998,22.121666666666666
สมุทรปราการ,พระสมุทรเจดีย์,2026-04-06,13.578687875253271,100.46989861534114,43.04571428571428
สมุทรปราการ,พระสมุทรเจดีย์,2026-04-07,13.578687875253271,100.46989861534114,39.278000000000006
สมุทรปราการ,พระสมุทรเจดีย์,2026-04-08,13.578687875253271,100.46989861534114,34.21375
สมุทรปราการ,พระสมุทรเจดีย์,2026-04-09,13.578687875253271,100.46989861534114,33.93117647058824
สมุทรปราการ,พระสมุทรเจดีย์,2026-04-10,13.578687875253273,100.46989861534115,22.552727272727275
สมุทรปราการ,พระสมุทรเจดีย์,2026-04-11,13.578687875253271,100.46989861534114,29.492500000000003
สมุทรปราการ,พระสมุทรเจดีย์,2026-04-12,13.578687875253271,100.46989861534114,31.197916666666668
สมุทรปราการ,พระสมุทรเจดีย์,2026-04-13,13.578687875253271,100.46989861534114,32.99583333333333
สมุทรปราการ,พระสมุทรเจดีย์,2026-04-14,13.578687875253271,100.46989861534114,41.048571428571435
สมุทรปราการ,พระสมุทรเจดีย์,2026-04-15,13.578687875253271,100.46989861534114,44.6
สมุทรปราการ,พระสมุทรเจดีย์,2026-04-16,13.578687875253271,100.46989861534114,30.272
สมุทรปราการ,พระสมุทรเจดีย์,2026-04-17,13.578687875253273,100.46989861534114,27.36157894736842
สมุทรปราการ,พระสมุทรเจดีย์,2026-04-19,13.578687875253271,100.46989861534114,27.0675
สมุทรปราการ,พระสมุทรเจดีย์,2026-04-21,13.578687875253271,100.46989861534114,35.29333333333333
สมุทรปราการ,พระสมุทรเจดีย์,2026-04-27,13.578687875253271,100.46989861534114,7.7170000000000005
สมุทรปราการ,พระสมุทรเจดีย์,2026-04-28,13.578687875253271,100.46989861534114,4.187083333333333
สมุทรปราการ,พระสมุทรเจดีย์,2026-04-29,13.578687875253271,100.46989861534114,23.256249999999998
สมุทรปราการ,พระสมุทรเจดีย์,2026-04-30,13.578687875253273,100.46989861534114,17.260526315789473
สมุทรสาคร,กระทุ่มแบน,2026-04-01,13.655588,100.25529500000002,32.01260869565217
สมุทรสาคร,กระทุ่มแบน,2026-04-02,13.655588,100.255295,29.137083333333333
สมุทรสาคร,กระทุ่มแบน,2026-04-03,13.655588,100.255295,28.409583333333334
สมุทรสาคร,กระทุ่มแบน,2026-04-04,13.655588,100.255295,39.97208333333334
สมุทรสาคร,กระทุ่มแบน,2026-04-05,13.655588,100.255295,42.030833333333334
สมุทรสาคร,กระทุ่มแบน,2026-04-06,13.655588,100.255295,37.040416666666665
สมุทรสาคร,กระทุ่มแบน,2026-04-07,13.655588,100.255295,38.955
สมุทรสาคร,กระทุ่มแบน,2026-04-08,13.655588,100.255295,41.87708333333333
สมุทรสาคร,กระทุ่มแบน,2026-04-09,13.655588,100.255295,40.08375
สมุทรสาคร,กระทุ่มแบน,2026-04-10,13.655588,100.255295,33.23833333333334
สมุทรสาคร,กระทุ่มแบน,2026-04-11,13.655588,100.255295,34.14416666666667
สมุทรสาคร,กระทุ่มแบน,2026-04-12,13.655588,100.255295,37.178333333333335
สมุทรสาคร,กระทุ่มแบน,2026-04-13,13.655588,100.255295,34.93666666666667
สมุทรสาคร,กระทุ่มแบน,2026-04-14,13.655588,100.255295,39.15916666666667
สมุทรสาคร,กระทุ่มแบน,2026-04-15,13.655588,100.255295,43.32
สมุทรสาคร,กระทุ่มแบน,2026-04-16,13.655588,100.255295,35.48166666666667
สมุทรสาคร,กระทุ่มแบน,2026-04-17,13.655588,100.255295,32.58375
สมุทรสาคร,กระทุ่มแบน,2026-04-18,13.655588,100.255295,34.147083333333335
สมุทรสาคร,กระทุ่มแบน,2026-04-19,13.655588,100.255295,31.8025
สมุทรสาคร,กระทุ่มแบน,2026-04-20,13.655588,100.255295,33.51583333333333
สมุทรสาคร,กระทุ่มแบน,2026-04-21,13.655588,100.255295,36.33208333333334
สมุทรสาคร,กระทุ่มแบน,2026-04-22,13.655588,100.255295,38.88166666666667
สมุทรสาคร,กระทุ่มแบน,2026-04-23,13.655588,100.255295,33.82666666666667
สมุทรสาคร,กระทุ่มแบน,2026-04-24,13.655588,100.255295,27.8625
สมุทรสาคร,กระทุ่มแบน,2026-04-25,13.655588,100.255295,22.45375
สมุทรสาคร,กระทุ่มแบน,2026-04-26,13.655588,100.25529499999999,26.33318181818182
สมุทรสาคร,กระทุ่มแบน,2026-04-27,13.655588,100.255295,20.649166666666666
สมุทรสาคร,กระทุ่มแบน,2026-04-28,13.655588,100.255295,17.63083333333333
สมุทรสาคร,กระทุ่มแบน,2026-04-29,13.655588,100.255295,29.12625
สมุทรสาคร,กระทุ่มแบน,2026-04-30,13.655588,100.255295,23.33458333333333
สมุทรสาคร,เมืองสมุทรสาคร,2026-04-01,13.8667,100.1917,27.397333333333332
สมุทรสาคร,เมืองสมุทรสาคร,2026-04-02,13.8667,100.19170000000001,27.617619047619048
สมุทรสาคร,เมืองสมุทรสาคร,2026-04-03,13.8667,100.1917,28.63608695652174
สมุทรสาคร,เมืองสมุทรสาคร,2026-04-04,13.8667,100.19170000000001,36.99333333333333
สมุทรสาคร,เมืองสมุทรสาคร,2026-04-05,13.8667,100.1917,44.39625
สมุทรสาคร,เมืองสมุทรสาคร,2026-04-06,13.8667,100.1917,36.31142857142857
สมุทรสาคร,เมืองสมุทรสาคร,2026-04-07,13.8667,100.1917,38.11875
สมุทรสาคร,เมืองสมุทรสาคร,2026-04-08,13.866700000000002,100.1917,39.45136363636364
สมุทรสาคร,เมืองสมุทรสาคร,2026-04-09,13.8667,100.19170000000001,37.731904761904765
สมุทรสาคร,เมืองสมุทรสาคร,2026-04-10,13.8667,100.19170000000001,30.52857142857143
สมุทรสาคร,เมืองสมุทรสาคร,2026-04-11,13.866700000000002,100.1917,35.02909090909091
สมุทรสาคร,เมืองสมุทรสาคร,2026-04-12,13.8667,100.1917,35.550666666666665
สมุทรสาคร,เมืองสมุทรสาคร,2026-04-13,13.8667,100.19170000000001,37.227916666666665
สมุทรสาคร,เมืองสมุทรสาคร,2026-04-14,13.8667,100.1917,43.4005
สมุทรสาคร,เมืองสมุทรสาคร,2026-04-15,13.8667,100.1917,48.245
สมุทรสาคร,เมืองสมุทรสาคร,2026-04-16,13.8667,100.1917,35.37
สมุทรสาคร,เมืองสมุทรสาคร,2026-04-17,13.8667,100.1917,27.316
สมุทรสาคร,เมืองสมุทรสาคร,2026-04-18,13.8667,100.1917,24.684
สมุทรสาคร,เมืองสมุทรสาคร,2026-04-19,13.8667,100.1917,34.145625
สมุทรสาคร,เมืองสมุทรสาคร,2026-04-20,13.866700000000002,100.1917,35.58
สมุทรสาคร,เมืองสมุทรสาคร,2026-04-21,13.8667,100.1917,33.66235294117647
สมุทรสาคร,เมืองสมุทรสาคร,2026-04-22,13.8667,100.1917,36.14642857142857
สมุทรสาคร,เมืองสมุทรสาคร,2026-04-23,13.8667,100.1917,31.79
สมุทรสาคร,เมืองสมุทรสาคร,2026-04-24,13.8667,100.1917,24.451428571428572
สมุทรสาคร,เมืองสมุทรสาคร,2026-04-25,13.8667,100.19170000000001,19.357916666666664
สมุทรสาคร,เมืองสมุทรสาคร,2026-04-26,13.8667,100.1917,19.902142857142856
สมุทรสาคร,เมืองสมุทรสาคร,2026-04-27,13.866700000000002,100.1917,15.457727272727272
สมุทรสาคร,เมืองสมุทรสาคร,2026-04-28,13.8667,100.19170000000001,15.729999999999999
สมุทรสาคร,เมืองสมุทรสาคร,2026-04-29,13.8667,100.1917,26.211739130434783
สมุทรสาคร,เมืองสมุทรสาคร,2026-04-30,13.8667,100.19170000000001,17.093809523809526
สระบุรี,มวกเหล็ก,2026-04-01,14.6672756,101.17384995999998,34.23208695652174
สระบุรี,มวกเหล็ก,2026-04-02,14.6672756,101.17384996,36.5575
สระบุรี,มวกเหล็ก,2026-04-03,14.6672756,101.17384996,36.90108333333333
สระบุรี,มวกเหล็ก,2026-04-04,14.6672756,101.17384996,39.52341666666667
สระบุรี,มวกเหล็ก,2026-04-05,14.6672756,101.17384996,41.54966666666667
สระบุรี,มวกเหล็ก,2026-04-06,14.6672756,101.17384996,39.042833333333334
สระบุรี,มวกเหล็ก,2026-04-07,14.6672756,101.17384996,41.81166666666666
สระบุรี,มวกเหล็ก,2026-04-08,14.6672756,101.17384996,39.56233333333333
สระบุรี,มวกเหล็ก,2026-04-09,14.6672756,101.17384996,37.679833333333335
สระบุรี,มวกเหล็ก,2026-04-10,14.6672756,101.17384996,36.626083333333334
สระบุรี,มวกเหล็ก,2026-04-11,14.6672756,101.17384996,36.137166666666666
สระบุรี,มวกเหล็ก,2026-04-12,14.6672756,101.17384996,36.86741666666667
สระบุรี,มวกเหล็ก,2026-04-13,14.6672756,101.17384996,27.9085
สระบุรี,มวกเหล็ก,2026-04-14,14.6672756,101.17384996,36.48275
สระบุรี,มวกเหล็ก,2026-04-15,14.6672756,101.17384996,36.99875
สระบุรี,มวกเหล็ก,2026-04-16,14.6672756,101.17384996,38.86133333333333
สระบุรี,มวกเหล็ก,2026-04-17,14.6672756,101.17384996,37.244166666666665
สระบุรี,มวกเหล็ก,2026-04-18,14.6672756,101.17384996,37.506416666666674
สระบุรี,มวกเหล็ก,2026-04-19,14.6672756,101.17384996,33.52025
สระบุรี,มวกเหล็ก,2026-04-20,14.6672756,101.17384996,33.508833333333335
สระบุรี,มวกเหล็ก,2026-04-21,14.666253987719298,101.17293779473684,35.25921052631579
สระบุรี,มวกเหล็ก,2026-04-22,14.6672756,101.17384996,36.15716666666666
สระบุรี,มวกเหล็ก,2026-04-23,14.6672756,101.17384996,31.714499999999997
สระบุรี,มวกเหล็ก,2026-04-24,14.6672756,101.17384996,23.894833333333334
สระบุรี,มวกเหล็ก,2026-04-25,14.6672756,101.17384996,27.417583333333333
สระบุรี,มวกเหล็ก,2026-04-26,14.6672756,101.17384995999998,33.19163636363636
สระบุรี,มวกเหล็ก,2026-04-27,14.6672756,101.17384996,34.87966666666667
สระบุรี,มวกเหล็ก,2026-04-28,14.6672756,101.17384996,24.32625
สระบุรี,มวกเหล็ก,2026-04-29,14.6672756,101.17384996,23.094416666666667
สระบุรี,มวกเหล็ก,2026-04-30,14.6672756,101.17384996,25.383583333333334
สระบุรี,เฉลิมพระเกียรติ,2026-04-01,14.704299999999998,100.87169999999999,51.49791666666667
สระบุรี,เฉลิมพระเกียรติ,2026-04-02,14.704299999999998,100.87169999999999,48.132083333333334
สระบุรี,เฉลิมพระเกียรติ,2026-04-03,14.704299999999998,100.87169999999999,52.986250000000005
สระบุรี,เฉลิมพระเกียรติ,2026-04-04,14.704299999999998,100.87169999999999,62.04708333333334
สระบุรี,เฉลิมพระเกียรติ,2026-04-05,14.704299999999998,100.87169999999999,74.73958333333333
สระบุรี,เฉลิมพระเกียรติ,2026-04-06,14.704299999999998,100.87169999999999,79.96791666666667
สระบุรี,เฉลิมพระเกียรติ,2026-04-07,14.704299999999998,100.87169999999999,77.6425
สระบุรี,เฉลิมพระเกียรติ,2026-04-08,14.704299999999998,100.87169999999999,74.12375
สระบุรี,เฉลิมพระเกียรติ,2026-04-09,14.704299999999998,100.87169999999999,66.94166666666666
สระบุรี,เฉลิมพระเกียรติ,2026-04-10,14.704299999999998,100.87169999999999,54.79208333333333
สระบุรี,เฉลิมพระเกียรติ,2026-04-11,14.704299999999998,100.87169999999999,62.98
สระบุรี,เฉลิมพระเกียรติ,2026-04-12,14.704299999999998,100.87169999999999,57.38458333333333
สระบุรี,เฉลิมพระเกียรติ,2026-04-13,14.704299999999998,100.87169999999999,51.35791666666666
สระบุรี,เฉลิมพระเกียรติ,2026-04-14,14.704299999999998,100.87169999999999,63.09
สระบุรี,เฉลิมพระเกียรติ,2026-04-15,14.704299999999998,100.87169999999999,54.26333333333333
สระบุรี,เฉลิมพระเกียรติ,2026-04-16,14.704299999999998,100.87169999999999,61.51583333333334
สระบุรี,เฉลิมพระเกียรติ,2026-04-17,14.704299999999998,100.87169999999999,58.42208333333334
สระบุรี,เฉลิมพระเกียรติ,2026-04-18,14.704299999999998,100.87169999999999,66.25125
สระบุรี,เฉลิมพระเกียรติ,2026-04-19,14.704299999999998,100.87169999999999,58.18666666666667
สระบุรี,เฉลิมพระเกียรติ,2026-04-20,14.704299999999998,100.87169999999999,41.04416666666667
สระบุรี,เฉลิมพระเกียรติ,2026-04-21,14.704299999999998,100.87169999999999,51.57375
สระบุรี,เฉลิมพระเกียรติ,2026-04-22,14.704299999999998,100.87169999999999,52.07749999999999
สระบุรี,เฉลิมพระเกียรติ,2026-04-23,14.704299999999998,100.87169999999999,43.96208333333333
สระบุรี,เฉลิมพระเกียรติ,2026-04-24,14.704299999999998,100.87169999999999,35.54
สระบุรี,เฉลิมพระเกียรติ,2026-04-25,14.704299999999998,100.87169999999999,36.14458333333334
สระบุรี,เฉลิมพระเกียรติ,2026-04-26,14.7043,100.8717,52.51272727272727
สระบุรี,เฉลิมพระเกียรติ,2026-04-27,14.704299999999998,100.87169999999999,54.39625
สระบุรี,เฉลิมพระเกียรติ,2026-04-28,14.7043,100.871324,37.0344
สระบุรี,เฉลิมพระเกียรติ,2026-04-29,14.7043,100.871324,36.0648
สระบุรี,เฉลิมพระเกียรติ,2026-04-30,14.704299999999998,100.87169999999999,42.14125
สระบุรี,แก่งคอย,2026-04-01,14.6101858,101.0754422,33.133043478260866
สระบุรี,แก่งคอย,2026-04-02,14.610185800000002,101.0754422,34.43
สระบุรี,แก่งคอย,2026-04-03,14.610185800000002,101.0754422,34.973333333333336
สระบุรี,แก่งคอย,2026-04-04,14.610185800000002,101.0754422,38.48583333333333
สระบุรี,แก่งคอย,2026-04-05,14.610185800000002,101.0754422,42.495
สระบุรี,แก่งคอย,2026-04-06,14.610185800000002,101.0754422,40.111666666666665
สระบุรี,แก่งคอย,2026-04-07,14.610185800000002,101.0754422,40.244166666666665
สระบุรี,แก่งคอย,2026-04-08,14.6101858,101.0754422,39.087391304347825
สระบุรี,แก่งคอย,2026-04-09,14.610185800000002,101.0754422,37.01708333333333
สระบุรี,แก่งคอย,2026-04-10,14.610185800000002,101.0754422,35.189166666666665
สระบุรี,แก่งคอย,2026-04-11,14.610185800000002,101.0754422,35.149166666666666
สระบุรี,แก่งคอย,2026-04-12,14.610185800000002,101.0754422,34.53458333333334
สระบุรี,แก่งคอย,2026-04-13,14.610185800000002,101.0754422,28.489583333333332
สระบุรี,แก่งคอย,2026-04-14,14.610185800000002,101.0754422,35.82041666666667
สระบุรี,แก่งคอย,2026-04-15,14.610185800000002,101.0754422,35.181666666666665
สระบุรี,แก่งคอย,2026-04-16,14.610185800000002,101.0754422,38.03666666666667
สระบุรี,แก่งคอย,2026-04-17,14.610185800000002,101.0754422,35.755833333333335
สระบุรี,แก่งคอย,2026-04-18,14.610185800000002,101.0754422,37.595416666666665
สระบุรี,แก่งคอย,2026-04-19,14.610185800000002,101.0754422,33.754583333333336
สระบุรี,แก่งคอย,2026-04-20,14.610185800000002,101.0754422,28.267083333333332
สระบุรี,แก่งคอย,2026-04-21,14.610185800000002,101.0754422,33.275416666666665
สระบุรี,แก่งคอย,2026-04-22,14.610185800000002,101.0754422,32.23
สระบุรี,แก่งคอย,2026-04-23,14.610185800000002,101.0754422,29.28625
สระบุรี,แก่งคอย,2026-04-24,14.610185800000002,101.0754422,24.06041666666667
สระบุรี,แก่งคอย,2026-04-25,14.610185800000002,101.0754422,26.754166666666666
สระบุรี,แก่งคอย,2026-04-26,14.6101858,101.0754422,28.43409090909091
สระบุรี,แก่งคอย,2026-04-27,14.610185800000002,101.0754422,33.745
สระบุรี,แก่งคอย,2026-04-28,14.610185800000002,101.0754422,21.545
สระบุรี,แก่งคอย,2026-04-29,14.610185800000002,101.0754422,23.825
สระบุรี,แก่งคอย,2026-04-30,14.610185800000002,101.0754422,23.152916666666666
สระแก้ว,คลองหาด,2026-04-01,13.45068,102.29838,26.44541666666667
สระแก้ว,คลองหาด,2026-04-02,13.45068,102.29838,26.1925
สระแก้ว,คลองหาด,2026-04-03,13.45068,102.29838,33.56666666666667
สระแก้ว,คลองหาด,2026-04-04,13.45068,102.29838,35.62833333333334
สระแก้ว,เมือง,2026-04-01,13.817899999999998,102.07222,24.87086956521739
สระแก้ว,เมือง,2026-04-02,13.8179,102.07222,26.7675
สระแก้ว,เมือง,2026-04-03,13.8179,102.07222,30.81041666666667
สระแก้ว,เมือง,2026-04-04,13.8179,102.07222,39.19
สระแก้ว,เมือง,2026-04-05,13.8179,102.07222,37.074999999999996
สระแก้ว,เมือง,2026-04-06,13.8179,102.07222,35.71666666666667
สระแก้ว,เมือง,2026-04-07,13.8179,102.07222,35.59125
สระแก้ว,เมือง,2026-04-08,13.8179,102.07222,35.78958333333333
สระแก้ว,เมือง,2026-04-09,13.8179,102.07222,33.309999999999995
สระแก้ว,เมือง,2026-04-10,13.8179,102.07222,31.24875
สระแก้ว,เมือง,2026-04-11,13.8179,102.07222,30.418333333333333
สระแก้ว,เมือง,2026-04-12,13.8179,102.07222,26.417083333333334
สระแก้ว,เมือง,2026-04-13,13.8179,102.07222,33.055
สระแก้ว,เมือง,2026-04-14,13.8179,102.07222,28.534166666666668
สระแก้ว,เมือง,2026-04-15,13.8179,102.07222,30.6875
สระแก้ว,เมือง,2026-04-16,13.8179,102.07222,29.009583333333335
สระแก้ว,เมือง,2026-04-17,13.8179,102.07222,28.405
สระแก้ว,เมือง,2026-04-18,13.8179,102.07222,25.792083333333334
สระแก้ว,เมือง,2026-04-19,13.8179,102.07222,28.7175
สระแก้ว,เมือง,2026-04-20,13.8179,102.07222,31.18041666666667
สระแก้ว,เมือง,2026-04-21,13.8179,102.07222,31.631666666666664
สระแก้ว,เมือง,2026-04-22,13.8179,102.07222,31.52125
สระแก้ว,เมือง,2026-04-23,13.8179,102.07222,24.841250000000002
สระแก้ว,เมือง,2026-04-24,13.8179,102.07222,26.659166666666664
สระแก้ว,เมือง,2026-04-25,13.8179,102.07222,27.202083333333334
สระแก้ว,เมือง,2026-04-26,13.817900000000002,102.07222,34.59090909090909
สระแก้ว,เมือง,2026-04-27,13.8179,102.07222,34.77916666666667
สระแก้ว,เมือง,2026-04-28,13.8179,102.07222,19.865
สระแก้ว,เมือง,2026-04-29,13.8179,102.07222,21.285
สระแก้ว,เมือง,2026-04-30,13.8179,102.07222,30.21666666666667
สิงห์บุรี,ท่าช้าง,2026-04-01,14.762215410000001,100.3901604,26.4825
สิงห์บุรี,ท่าช้าง,2026-04-02,14.762215410000001,100.3901604,21.19
สิงห์บุรี,ท่าช้าง,2026-04-03,14.762215410000001,100.3901604,21.980416666666667
สิงห์บุรี,ท่าช้าง,2026-04-04,14.762215410000001,100.3901604,26.452083333333334
สิงห์บุรี,ท่าช้าง,2026-04-05,14.762215410000001,100.3901604,32.677083333333336
สิงห์บุรี,ท่าช้าง,2026-04-06,14.762215410000001,100.3901604,31.815416666666668
สิงห์บุรี,ท่าช้าง,2026-04-07,14.762215410000001,100.3901604,30.6425
สิงห์บุรี,ท่าช้าง,2026-04-08,14.762215410000001,100.3901604,30.063333333333333
สิงห์บุรี,ท่าช้าง,2026-04-09,14.762215410000001,100.3901604,28.6375
สิงห์บุรี,ท่าช้าง,2026-04-10,14.762215410000001,100.3901604,28.17375
สิงห์บุรี,ท่าช้าง,2026-04-11,14.762215410000001,100.3901604,31.129583333333333
สิงห์บุรี,ท่าช้าง,2026-04-12,14.762215410000001,100.3901604,33.34291666666667
สิงห์บุรี,ท่าช้าง,2026-04-13,14.762215410000001,100.3901604,24.218333333333334
สิงห์บุรี,ท่าช้าง,2026-04-14,14.762215410000001,100.3901604,29.00708333333333
สิงห์บุรี,ท่าช้าง,2026-04-15,14.762215410000001,100.3901604,32.297916666666666
สิงห์บุรี,ท่าช้าง,2026-04-16,14.762215410000001,100.3901604,28.445416666666663
สิงห์บุรี,ท่าช้าง,2026-04-17,14.762215410000001,100.3901604,29.10291666666667
สิงห์บุรี,ท่าช้าง,2026-04-18,14.762215410000001,100.3901604,34.249583333333334
สิงห์บุรี,ท่าช้าง,2026-04-19,14.762215410000001,100.3901604,32.72958333333333
สิงห์บุรี,ท่าช้าง,2026-04-20,14.762215410000001,100.3901604,22.647916666666664
สิงห์บุรี,ท่าช้าง,2026-04-21,14.762215410000001,100.3901604,34.40083333333333
สิงห์บุรี,ท่าช้าง,2026-04-22,14.762215410000001,100.3901604,36.48625
สิงห์บุรี,ท่าช้าง,2026-04-23,14.762215410000001,100.3901604,25.255416666666665
สิงห์บุรี,ท่าช้าง,2026-04-24,14.762215410000001,100.3901604,23.33666666666667
สิงห์บุรี,ท่าช้าง,2026-04-25,14.762215410000001,100.3901604,17.84
สิงห์บุรี,ท่าช้าง,2026-04-26,14.76221541,100.3901604,23.181818181818183
สิงห์บุรี,ท่าช้าง,2026-04-27,14.762215410000001,100.3901604,28.135416666666668
สิงห์บุรี,ท่าช้าง,2026-04-28,14.762215410000001,100.3901604,20.545833333333334
สิงห์บุรี,ท่าช้าง,2026-04-29,14.762215410000001,100.3901604,21.25875
สิงห์บุรี,ท่าช้าง,2026-04-30,14.762215410000001,100.3901604,19.35625
สิงห์บุรี,บางระจัน,2026-04-01,14.918453999999999,100.29040600000002,16.633636363636363
สิงห์บุรี,บางระจัน,2026-04-02,14.918454000000002,100.290406,27.313333333333333
สิงห์บุรี,บางระจัน,2026-04-03,14.918454,100.290406,20.74238095238095
สิงห์บุรี,บางระจัน,2026-04-04,14.918454000000002,100.290406,31.25208333333333
สิงห์บุรี,บางระจัน,2026-04-05,14.918454,100.290406,23.7625
สิงห์บุรี,บางระจัน,2026-04-06,14.918454,100.290406,38.554
สิงห์บุรี,บางระจัน,2026-04-07,14.918454000000002,100.290406,31.269583333333333
สิงห์บุรี,บางระจัน,2026-04-08,14.918454000000002,100.290406,35.10375
สิงห์บุรี,บางระจัน,2026-04-09,14.918454,100.290406,33.719375
สิงห์บุรี,บางระจัน,2026-04-10,14.918454,100.290406,32.26705882352941
สิงห์บุรี,บางระจัน,2026-04-11,14.918454000000002,100.290406,34.19083333333334
สิงห์บุรี,บางระจัน,2026-04-12,14.918454000000002,100.290406,30.903750000000002
สิงห์บุรี,บางระจัน,2026-04-13,14.918454000000002,100.290406,26.49875
สิงห์บุรี,บางระจัน,2026-04-14,14.918454,100.290406,33.2065
สิงห์บุรี,บางระจัน,2026-04-15,14.918453999999999,100.29040599999999,33.26260869565217
สิงห์บุรี,บางระจัน,2026-04-16,14.918454000000002,100.290406,29.056250000000002
สิงห์บุรี,บางระจัน,2026-04-17,14.918453999999999,100.29040600000002,32.64272727272727
สิงห์บุรี,บางระจัน,2026-04-18,14.918454000000002,100.290406,36.406666666666666
สิงห์บุรี,บางระจัน,2026-04-19,14.918454000000002,100.290406,30.7925
สิงห์บุรี,บางระจัน,2026-04-20,14.918454000000002,100.290406,24.771666666666665
สิงห์บุรี,บางระจัน,2026-04-21,14.918453999999999,100.29040600000002,37.15409090909091
สิงห์บุรี,บางระจัน,2026-04-22,14.918454,100.290406,33.485238095238095
สิงห์บุรี,บางระจัน,2026-04-23,14.918454000000002,100.290406,25.61708333333333
สิงห์บุรี,บางระจัน,2026-04-24,14.918454000000002,100.290406,20.340416666666666
สิงห์บุรี,บางระจัน,2026-04-25,14.918454000000002,100.290406,19.04041666666667
สิงห์บุรี,บางระจัน,2026-04-26,14.918453999999999,100.29040600000002,23.89818181818182
สิงห์บุรี,บางระจัน,2026-04-27,14.918454000000002,100.290406,23.99083333333333
สิงห์บุรี,บางระจัน,2026-04-28,14.918453999999999,100.29040599999999,15.730434782608697
สิงห์บุรี,บางระจัน,2026-04-29,14.918454000000002,100.290406,18.277083333333334
สิงห์บุรี,บางระจัน,2026-04-30,14.918454000000002,100.290406,9.328333333333333
สุพรรณบุรี,ด่านช้าง,2026-04-05,14.84032456,99.7032901,1.1466666666666667
สุพรรณบุรี,บางปลาม้า,2026-04-01,14.39841,100.16775,44.00764705882353
สุพรรณบุรี,บางปลาม้า,2026-04-02,14.39841,100.16775,34.2425
สุพรรณบุรี,บางปลาม้า,2026-04-03,14.398409999999998,100.16775,31.393333333333334
สุพรรณบุรี,บางปลาม้า,2026-04-04,14.39841,100.16775,43.18625
สุพรรณบุรี,บางปลาม้า,2026-04-05,14.39841,100.16775,37.30375
สุพรรณบุรี,บางปลาม้า,2026-04-06,14.398410000000002,100.16775,46.942
สุพรรณบุรี,บางปลาม้า,2026-04-07,14.39841,100.16775,45.59
สุพรรณบุรี,บางปลาม้า,2026-04-08,14.39841,100.16775,61.59958333333333
สุพรรณบุรี,บางปลาม้า,2026-04-09,14.39841,100.16775,52.045
สุพรรณบุรี,บางปลาม้า,2026-04-10,14.39841,100.16775,52.59470588235294
สุพรรณบุรี,บางปลาม้า,2026-04-11,14.39841,100.16775,56.684583333333336
สุพรรณบุรี,บางปลาม้า,2026-04-12,14.39841,100.16775,57.87833333333333
สุพรรณบุรี,บางปลาม้า,2026-04-13,14.39841,100.16775,45.21333333333333
สุพรรณบุรี,บางปลาม้า,2026-04-14,14.398410000000002,100.16775,57.314499999999995
สุพรรณบุรี,บางปลาม้า,2026-04-15,14.39841,100.16774999999998,65.32695652173913
สุพรรณบุรี,บางปลาม้า,2026-04-16,14.39841,100.16775,55.77041666666667
สุพรรณบุรี,บางปลาม้า,2026-04-17,14.39841,100.16775000000001,58.26272727272727
สุพรรณบุรี,บางปลาม้า,2026-04-18,14.39841,100.16775,61.588750000000005
สุพรรณบุรี,บางปลาม้า,2026-04-19,14.39841,100.16775,55.28875
สุพรรณบุรี,บางปลาม้า,2026-04-20,14.39841,100.16775,54.52458333333333
สุพรรณบุรี,บางปลาม้า,2026-04-21,14.39841,100.16774999999998,74.36652173913043
สุพรรณบุรี,บางปลาม้า,2026-04-22,14.398409999999998,100.16775,59.294761904761906
สุพรรณบุรี,บางปลาม้า,2026-04-23,14.39841,100.16775,45.00208333333333
สุพรรณบุรี,บางปลาม้า,2026-04-24,14.39841,100.16775,39.64833333333333
สุพรรณบุรี,บางปลาม้า,2026-04-25,14.39841,100.16775,36.455
สุพรรณบุรี,บางปลาม้า,2026-04-26,14.39841,100.16775000000001,74.09454545454545
สุพรรณบุรี,บางปลาม้า,2026-04-27,14.39841,100.16775,33.73625
สุพรรณบุรี,บางปลาม้า,2026-04-28,14.39841,100.16774999999998,30.27173913043478
สุพรรณบุรี,บางปลาม้า,2026-04-29,14.39841,100.16775,37.645
สุพรรณบุรี,บางปลาม้า,2026-04-30,14.39841,100.16775,51.805
สุพรรณบุรี,สองพี่น้อง,2026-04-16,14.1611250185826,99.97442151775904,65.865
สุพรรณบุรี,สองพี่น้อง,2026-04-17,14.1611250185826,99.97442151775904,49.40416666666667
สุพรรณบุรี,สองพี่น้อง,2026-04-18,14.1611250185826,99.97442151775904,76.46666666666667
สุพรรณบุรี,สองพี่น้อง,2026-04-19,14.1611250185826,99.97442151775904,53.37625
สุพรรณบุรี,สองพี่น้อง,2026-04-20,14.1611250185826,99.97442151775904,54.48083333333333
สุพรรณบุรี,สองพี่น้อง,2026-04-21,14.1611250185826,99.97442151775904,65.33541666666666
สุพรรณบุรี,สองพี่น้อง,2026-04-22,14.1611250185826,99.97442151775904,52.42625
สุพรรณบุรี,สองพี่น้อง,2026-04-23,14.1611250185826,99.97442151775904,40.93
สุพรรณบุรี,สองพี่น้อง,2026-04-24,14.1611250185826,99.97442151775904,40.288695652173914
สุพรรณบุรี,สองพี่น้อง,2026-04-25,14.1611250185826,99.97442151775904,110.37624999999998
สุพรรณบุรี,สองพี่น้อง,2026-04-26,14.1611250185826,99.97442151775904,81.87318181818182
สุพรรณบุรี,สองพี่น้อง,2026-04-27,14.1611250185826,99.97442151775904,26.772499999999997
สุพรรณบุรี,สองพี่น้อง,2026-04-28,14.1611250185826,99.97442151775904,25.750416666666666
สุพรรณบุรี,สองพี่น้อง,2026-04-29,14.1611250185826,99.97442151775904,34.782916666666665
สุพรรณบุรี,สองพี่น้อง,2026-04-30,14.1611250185826,99.97442151775904,30.97083333333333
สุพรรณบุรี,สามชุก,2026-04-01,14.75420983,100.07541859999999,37.66416666666667
สุพรรณบุรี,สามชุก,2026-04-02,14.754209830000002,100.0754186,34.17826086956522
สุพรรณบุรี,สามชุก,2026-04-03,14.75420983,100.07541859999999,32.808749999999996
สุพรรณบุรี,สามชุก,2026-04-04,14.75420983,100.0754186,42.92
สุพรรณบุรี,สามชุก,2026-04-05,14.75420983,100.07541859999999,50.72291666666666
สุพรรณบุรี,สามชุก,2026-04-06,14.75420983,100.07541859999999,50.38625
สุพรรณบุรี,สามชุก,2026-04-07,14.75420983,100.0754186,43.09285714285714
สุพรรณบุรี,สามชุก,2026-04-08,14.75420983,100.07541859999999,45.130833333333335
สุพรรณบุรี,สามชุก,2026-04-09,14.75420983,100.0754186,59.36
สุพรรณบุรี,สามชุก,2026-04-10,14.75420983,100.0754186,37.816153846153846
สุพรรณบุรี,สามชุก,2026-04-11,14.754209829999999,100.0754186,44.69
สุพรรณบุรี,สามชุก,2026-04-12,14.75420983,100.0754186,41.723181818181814
สุพรรณบุรี,สามชุก,2026-04-13,14.75420983,100.07541859999999,43.43541666666667
สุพรรณบุรี,สามชุก,2026-04-14,14.75420983,100.07541859999999,42.59291666666667
สุพรรณบุรี,สามชุก,2026-04-15,14.75420983,100.0754186,52.656470588235294
สุพรรณบุรี,สามชุก,2026-04-16,14.75420983,100.0754186,56.52882352941177
สุพรรณบุรี,สามชุก,2026-04-17,14.75420983,100.07541859999999,53.848333333333336
สุพรรณบุรี,สามชุก,2026-04-18,14.75420983,100.07541859999999,43.40625
สุพรรณบุรี,สามชุก,2026-04-19,14.75420983,100.07541859999999,47.59375
สุพรรณบุรี,สามชุก,2026-04-20,14.75420983,100.07541859999999,38.52916666666667
สุพรรณบุรี,สามชุก,2026-04-21,14.75420983,100.07541859999999,75.46541666666667
สุพรรณบุรี,สามชุก,2026-04-22,14.75420983,100.07541859999999,65.79041666666667
สุพรรณบุรี,สามชุก,2026-04-23,14.75420983,100.0754186,51.074285714285715
สุพรรณบุรี,สามชุก,2026-04-24,14.75420983,100.07541859999999,42.4375
สุพรรณบุรี,สามชุก,2026-04-25,14.75420983,100.07541859999999,34.998333333333335
สุพรรณบุรี,สามชุก,2026-04-26,14.75420983,100.0754186,50.323181818181816
สุพรรณบุรี,สามชุก,2026-04-27,14.75420983,100.0754186,36.011428571428574
สุพรรณบุรี,สามชุก,2026-04-28,14.754209830000002,100.0754186,27.366086956521738
สุพรรณบุรี,สามชุก,2026-04-29,14.75420983,100.0754186,26.94
สุพรรณบุรี,สามชุก,2026-04-30,14.75420983,100.07541859999999,44.95166666666666
สุพรรณบุรี,หนองหญ้าไซ,2026-04-01,14.77145567,99.90891907,28.069565217391304
สุพรรณบุรี,หนองหญ้าไซ,2026-04-02,14.77145567,99.90891906999998,23.018333333333334
สุพรรณบุรี,หนองหญ้าไซ,2026-04-03,14.771455669999998,99.90891906999998,19.419999999999998
สุพรรณบุรี,หนองหญ้าไซ,2026-04-04,14.77145567,99.90891906999998,29.6425
สุพรรณบุรี,หนองหญ้าไซ,2026-04-05,14.77145567,99.90891907,24.83125
สุพรรณบุรี,หนองหญ้าไซ,2026-04-06,14.77145567,99.90891907,31.522
สุพรรณบุรี,หนองหญ้าไซ,2026-04-07,14.77145567,99.90891906999998,33.994166666666665
สุพรรณบุรี,หนองหญ้าไซ,2026-04-08,14.77145567,99.90891906999998,41.49208333333333
สุพรรณบุรี,หนองหญ้าไซ,2026-04-09,14.77145567,99.90891907,28.335
สุพรรณบุรี,หนองหญ้าไซ,2026-04-10,14.77145567,99.90891907,30.224117647058826
สุพรรณบุรี,หนองหญ้าไซ,2026-04-11,14.77145567,99.90891906999998,30.949166666666667
สุพรรณบุรี,หนองหญ้าไซ,2026-04-12,14.77145567,99.90891906999998,27.230416666666667
สุพรรณบุรี,หนองหญ้าไซ,2026-04-13,14.77145567,99.90891906999998,27.635416666666668
สุพรรณบุรี,หนองหญ้าไซ,2026-04-14,14.77145567,99.90891907,30.467000000000002
สุพรรณบุรี,หนองหญ้าไซ,2026-04-15,14.77145567,99.90891907,33.08
สุพรรณบุรี,หนองหญ้าไซ,2026-04-16,14.77145567,99.90891907,26.51
สุพรรณบุรี,หนองหญ้าไซ,2026-04-17,14.77145567,99.90891907,35.105909090909094
สุพรรณบุรี,หนองหญ้าไซ,2026-04-18,14.77145567,99.90891906999998,30.61583333333333
สุพรรณบุรี,หนองหญ้าไซ,2026-04-19,14.77145567,99.90891906999998,29.68541666666667
สุพรรณบุรี,หนองหญ้าไซ,2026-04-20,14.77145567,99.90891906999998,26.782083333333333
สุพรรณบุรี,หนองหญ้าไซ,2026-04-21,14.77145567,99.90891907,35.1904347826087
สุพรรณบุรี,หนองหญ้าไซ,2026-04-22,14.771455669999998,99.90891906999998,30.754761904761907
สุพรรณบุรี,หนองหญ้าไซ,2026-04-23,14.77145567,99.90891906999998,24.242500000000003
สุพรรณบุรี,หนองหญ้าไซ,2026-04-24,14.77145567,99.90891906999998,25.075833333333335
สุพรรณบุรี,หนองหญ้าไซ,2026-04-25,14.77145567,99.90891907,15.014666666666667
สุพรรณบุรี,หนองหญ้าไซ,2026-04-26,14.77145567,99.90891907,33.39
สุพรรณบุรี,หนองหญ้าไซ,2026-04-27,14.77145567,99.90891906999998,16.458333333333332
สุพรรณบุรี,หนองหญ้าไซ,2026-04-28,14.77145567,99.90891907,14.72391304347826
สุพรรณบุรี,หนองหญ้าไซ,2026-04-29,14.77145567,99.90891906999998,20.56125
สุพรรณบุรี,หนองหญ้าไซ,2026-04-30,14.77145567,99.90891906999998,19.492916666666666
สุพรรณบุรี,อู่ทอง,2026-04-01,14.270930000000002,99.93041500000001,27.256304347826084
สุพรรณบุรี,อู่ทอง,2026-04-02,14.27093,99.930415,25.159166666666668
สุพรรณบุรี,อู่ทอง,2026-04-03,14.27093,99.93041500000001,24.334285714285713
สุพรรณบุรี,อู่ทอง,2026-04-04,14.27093,99.930415,27.733958333333334
สุพรรณบุรี,อู่ทอง,2026-04-05,14.27093,99.93041500000001,28.283125
สุพรรณบุรี,อู่ทอง,2026-04-06,14.270930000000002,99.93041500000001,27.470999999999997
สุพรรณบุรี,อู่ทอง,2026-04-07,14.27093,99.930415,27.41208333333333
สุพรรณบุรี,อู่ทอง,2026-04-08,14.27093,99.930415,31.04041666666667
สุพรรณบุรี,อู่ทอง,2026-04-09,14.27093,99.93041500000001,26.6375
สุพรรณบุรี,อู่ทอง,2026-04-10,14.270930000000002,99.930415,27.271764705882354
สุพรรณบุรี,อู่ทอง,2026-04-11,14.27093,99.930415,36.42041666666667
สุพรรณบุรี,อู่ทอง,2026-04-12,14.27093,99.930415,42.0
สุพรรณบุรี,อู่ทอง,2026-04-13,14.27093,99.930415,42.0
สุพรรณบุรี,อู่ทอง,2026-04-14,14.270930000000002,99.93041500000001,42.0
สุพรรณบุรี,อู่ทอง,2026-04-15,14.270930000000002,99.93041500000001,42.0
สุพรรณบุรี,อู่ทอง,2026-04-16,14.271268936170213,99.9296944680851,41.787234042553195
สุพรรณบุรี,อู่ทอง,2026-04-17,14.27093,99.930415,34.86227272727273
สุพรรณบุรี,อู่ทอง,2026-04-18,14.27093,99.930415,44.428958333333334
สุพรรณบุรี,อู่ทอง,2026-04-19,14.27093,99.930415,34.86083333333333
สุพรรณบุรี,อู่ทอง,2026-04-20,14.265013142857143,99.94299342857143,33.18457142857143
สุพรรณบุรี,อู่ทอง,2026-04-21,14.255,99.96428,28.723181818181818
สุพรรณบุรี,อู่ทอง,2026-04-22,14.255,99.96427999999999,22.225238095238097
สุพรรณบุรี,อู่ทอง,2026-04-23,14.255,99.96427999999999,19.639166666666664
สุพรรณบุรี,อู่ทอง,2026-04-24,14.255,99.96427999999999,20.242916666666666
สุพรรณบุรี,อู่ทอง,2026-04-25,14.255,99.96427999999999,19.625
สุพรรณบุรี,อู่ทอง,2026-04-26,14.255,99.96428,38.49
สุพรรณบุรี,อู่ทอง,2026-04-27,14.255,99.96427999999999,12.54
สุพรรณบุรี,อู่ทอง,2026-04-28,14.255,99.96428,2.8795652173913044
สุพรรณบุรี,อู่ทอง,2026-04-29,14.255,99.96427999999999,7.474166666666666
สุพรรณบุรี,อู่ทอง,2026-04-30,14.266194054054056,99.94048297297299,17.355675675675673
สุพรรณบุรี,เดิมบางนางบวช,2026-04-01,14.8498838,100.0978928,27.152173913043477
สุพรรณบุรี,เดิมบางนางบวช,2026-04-02,14.8498838,100.0978928,21.96666666666667
สุพรรณบุรี,เดิมบางนางบวช,2026-04-03,14.8498838,100.0978928,18.835714285714285
สุพรรณบุรี,เดิมบางนางบวช,2026-04-04,14.8498838,100.0978928,31.697083333333335
สุพรรณบุรี,เดิมบางนางบวช,2026-04-05,14.8498838,100.0978928,23.177500000000002
สุพรรณบุรี,เดิมบางนางบวช,2026-04-06,14.8498838,100.0978928,37.495999999999995
สุพรรณบุรี,เดิมบางนางบวช,2026-04-07,14.8498838,100.0978928,33.17041666666667
สุพรรณบุรี,เดิมบางนางบวช,2026-04-08,14.8498838,100.0978928,34.0
สุพรรณบุรี,เดิมบางนางบวช,2026-04-09,14.8498838,100.0978928,34.0
สุพรรณบุรี,เดิมบางนางบวช,2026-04-10,14.8498838,100.0978928,34.0
สุพรรณบุรี,เดิมบางนางบวช,2026-04-11,14.8498838,100.0978928,34.0
สุพรรณบุรี,เดิมบางนางบวช,2026-04-12,14.8498838,100.0978928,34.0
สุพรรณบุรี,เดิมบางนางบวช,2026-04-13,14.8498838,100.0978928,34.0
สุพรรณบุรี,เดิมบางนางบวช,2026-04-14,14.8498838,100.0978928,34.0
สุพรรณบุรี,เดิมบางนางบวช,2026-04-15,14.8498838,100.0978928,34.0
สุพรรณบุรี,เดิมบางนางบวช,2026-04-16,14.8498838,100.0978928,34.0
สุพรรณบุรี,เดิมบางนางบวช,2026-04-17,14.849883800000002,100.0978928,34.0
สุพรรณบุรี,เดิมบางนางบวช,2026-04-18,14.8498838,100.0978928,34.0
สุพรรณบุรี,เดิมบางนางบวช,2026-04-19,14.8498838,100.0978928,34.0
สุพรรณบุรี,เดิมบางนางบวช,2026-04-20,14.8498838,100.0978928,34.0
สุพรรณบุรี,เดิมบางนางบวช,2026-04-21,14.8498838,100.0978928,34.0
สุพรรณบุรี,เดิมบางนางบวช,2026-04-22,14.8498838,100.0978928,34.0
สุพรรณบุรี,เดิมบางนางบวช,2026-04-23,14.8498838,100.0978928,34.0
สุพรรณบุรี,เดิมบางนางบวช,2026-04-24,14.8498838,100.0978928,34.0
สุพรรณบุรี,เดิมบางนางบวช,2026-04-25,14.8498838,100.0978928,34.0
สุพรรณบุรี,เดิมบางนางบวช,2026-04-26,14.849883800000002,100.0978928,34.0
สุพรรณบุรี,เดิมบางนางบวช,2026-04-27,14.8498838,100.0978928,34.0
สุพรรณบุรี,เดิมบางนางบวช,2026-04-28,14.8498838,100.0978928,34.0
สุพรรณบุรี,เดิมบางนางบวช,2026-04-29,14.8498838,100.0978928,34.0
สุพรรณบุรี,เดิมบางนางบวช,2026-04-30,14.8498838,100.0978928,34.0
สุราษฎร์ธานี,กาญจนดิษฐ์,2026-04-16,9.171446651726615,99.4766708306844,20.901333333333334
สุราษฎร์ธานี,กาญจนดิษฐ์,2026-04-17,9.171446651726615,99.4766708306844,22.223181818181818
สุราษฎร์ธานี,กาญจนดิษฐ์,2026-04-18,9.171446651726615,99.4766708306844,29.830000000000002
สุราษฎร์ธานี,กาญจนดิษฐ์,2026-04-27,9.171446651726615,99.4766708306844,8.708333333333334
สุราษฎร์ธานี,ชัยบุรี,2026-04-01,8.4696809,99.0809019,13.645652173913044
สุราษฎร์ธานี,ชัยบุรี,2026-04-02,8.4696809,99.0809019,19.348333333333333
สุราษฎร์ธานี,ชัยบุรี,2026-04-03,8.4696809,99.0809019,25.00375
สุราษฎร์ธานี,ชัยบุรี,2026-04-04,8.4696809,99.0809019,33.33083333333334
สุราษฎร์ธานี,ชัยบุรี,2026-04-05,8.4696809,99.0809019,30.795
สุราษฎร์ธานี,ชัยบุรี,2026-04-06,8.4696809,99.0809019,23.252499999999998
สุราษฎร์ธานี,ชัยบุรี,2026-04-07,8.4696809,99.0809019,16.527916666666666
สุราษฎร์ธานี,ชัยบุรี,2026-04-08,8.4696809,99.0809019,22.57625
สุราษฎร์ธานี,ชัยบุรี,2026-04-09,8.4696809,99.0809019,20.563750000000002
สุราษฎร์ธานี,ชัยบุรี,2026-04-10,8.4696809,99.0809019,19.120833333333334
สุราษฎร์ธานี,ชัยบุรี,2026-04-11,8.4696809,99.0809019,15.52125
สุราษฎร์ธานี,ชัยบุรี,2026-04-12,8.4696809,99.0809019,13.101666666666667
สุราษฎร์ธานี,ชัยบุรี,2026-04-13,8.4696809,99.0809019,9.445
สุราษฎร์ธานี,ชัยบุรี,2026-04-14,8.4696809,99.0809019,9.80625
สุราษฎร์ธานี,ชัยบุรี,2026-04-15,8.4696809,99.0809019,13.4225
สุราษฎร์ธานี,ชัยบุรี,2026-04-16,8.4696809,99.0809019,18.474166666666665
สุราษฎร์ธานี,ชัยบุรี,2026-04-17,8.4696809,99.0809019,17.270833333333332
สุราษฎร์ธานี,ชัยบุรี,2026-04-18,8.4696809,99.0809019,20.7775
สุราษฎร์ธานี,ชัยบุรี,2026-04-19,8.4696809,99.0809019,16.387083333333333
สุราษฎร์ธานี,ชัยบุรี,2026-04-20,8.4696809,99.0809019,18.54625
สุราษฎร์ธานี,ชัยบุรี,2026-04-21,8.4696809,99.0809019,17.985
สุราษฎร์ธานี,ชัยบุรี,2026-04-22,8.4696809,99.0809019,19.319583333333334
สุราษฎร์ธานี,ชัยบุรี,2026-04-23,8.4696809,99.0809019,19.87666666666667
สุราษฎร์ธานี,ชัยบุรี,2026-04-24,8.4696809,99.0809019,23.139583333333334
สุราษฎร์ธานี,ชัยบุรี,2026-04-25,8.4696809,99.0809019,14.024583333333332
สุราษฎร์ธานี,ชัยบุรี,2026-04-26,8.4696809,99.08090190000001,15.846363636363636
สุราษฎร์ธานี,ชัยบุรี,2026-04-27,8.4696809,99.0809019,11.034583333333332
สุราษฎร์ธานี,ชัยบุรี,2026-04-28,8.4696809,99.0809019,10.8675
สุราษฎร์ธานี,ชัยบุรี,2026-04-29,8.4696809,99.0809019,11.527916666666668
สุราษฎร์ธานี,ชัยบุรี,2026-04-30,8.4696809,99.0809019,10.211666666666666
สุราษฎร์ธานี,ท่าฉาง,2026-04-01,9.258934878188697,99.18790933863542,20.235
สุราษฎร์ธานี,ท่าฉาง,2026-04-02,9.258934878188697,99.18790933863541,26.58583333333333
สุราษฎร์ธานี,ท่าฉาง,2026-04-03,9.258934878188697,99.18790933863541,31.45958333333333
สุราษฎร์ธานี,ท่าฉาง,2026-04-04,9.258934878188697,99.18790933863541,40.15125
สุราษฎร์ธานี,ท่าฉาง,2026-04-05,9.258934878188697,99.18790933863541,39.70166666666667
สุราษฎร์ธานี,ท่าฉาง,2026-04-06,9.258934878188697,99.18790933863541,32.266666666666666
สุราษฎร์ธานี,ท่าฉาง,2026-04-07,9.258934878188697,99.18790933863541,29.952083333333334
สุราษฎร์ธานี,ท่าฉาง,2026-04-08,9.258934878188697,99.18790933863541,32.11541666666667
สุราษฎร์ธานี,ท่าฉาง,2026-04-09,9.258934878188697,99.18790933863541,30.342916666666667
สุราษฎร์ธานี,ท่าฉาง,2026-04-10,9.258934878188697,99.18790933863541,26.372500000000002
สุราษฎร์ธานี,ท่าฉาง,2026-04-11,9.258934878188697,99.18790933863541,27.16333333333333
สุราษฎร์ธานี,ท่าฉาง,2026-04-12,9.258934878188697,99.18790933863541,17.534583333333334
สุราษฎร์ธานี,ท่าฉาง,2026-04-13,9.258934878188697,99.18790933863541,17.009583333333335
สุราษฎร์ธานี,ท่าฉาง,2026-04-14,9.258934878188697,99.18790933863541,22.467083333333335
สุราษฎร์ธานี,ท่าฉาง,2026-04-15,9.258934878188697,99.18790933863541,19.935416666666665
สุราษฎร์ธานี,ท่าฉาง,2026-04-16,9.258934878188697,99.18790933863541,23.60375
สุราษฎร์ธานี,ท่าฉาง,2026-04-17,9.258934878188697,99.18790933863541,23.795
สุราษฎร์ธานี,ท่าฉาง,2026-04-18,9.258934878188697,99.18790933863541,27.65625
สุราษฎร์ธานี,ท่าฉาง,2026-04-19,9.258934878188697,99.18790933863541,26.500416666666666
สุราษฎร์ธานี,ท่าฉาง,2026-04-20,9.258934878188697,99.18790933863541,24.934583333333332
สุราษฎร์ธานี,ท่าฉาง,2026-04-21,9.258934878188697,99.18790933863541,25.538749999999997
สุราษฎร์ธานี,ท่าฉาง,2026-04-22,9.258934878188697,99.18790933863541,22.45
สุราษฎร์ธานี,ท่าฉาง,2026-04-23,9.258934878188697,99.18790933863541,28.354583333333334
สุราษฎร์ธานี,ท่าฉาง,2026-04-24,9.258934878188697,99.18790933863541,21.3325
สุราษฎร์ธานี,ท่าฉาง,2026-04-25,9.258934878188697,99.18790933863541,17.96
สุราษฎร์ธานี,ท่าฉาง,2026-04-26,9.258934878188697,99.18790933863542,23.33090909090909
สุราษฎร์ธานี,ท่าฉาง,2026-04-27,9.258934878188697,99.18790933863541,15.08625
สุราษฎร์ธานี,ท่าฉาง,2026-04-28,9.258934878188697,99.18790933863541,13.120416666666666
สุราษฎร์ธานี,ท่าฉาง,2026-04-29,9.258934878188697,99.18790933863541,11.101666666666667
สุราษฎร์ธานี,ท่าฉาง,2026-04-30,9.258934878188697,99.18790933863541,12.475833333333334
สุราษฎร์ธานี,บ้านตาขุน,2026-04-01,8.941589911320484,98.86500246534115,18.473260869565216
สุราษฎร์ธานี,บ้านตาขุน,2026-04-02,8.94086308767537,98.86543860437644,26.82531914893617
สุราษฎร์ธานี,บ้านตาขุน,2026-04-03,8.941589911320486,98.86500246534115,30.435833333333335
สุราษฎร์ธานี,บ้านตาขุน,2026-04-04,8.941589911320486,98.86500246534115,37.63270833333333
สุราษฎร์ธานี,บ้านตาขุน,2026-04-05,8.941589911320486,98.86500246534115,34.76854166666667
สุราษฎร์ธานี,บ้านตาขุน,2026-04-06,8.941589911320486,98.86500246534115,27.496666666666666
สุราษฎร์ธานี,บ้านตาขุน,2026-04-07,8.941589911320486,98.86500246534115,22.11375
สุราษฎร์ธานี,บ้านตาขุน,2026-04-08,8.941589911320486,98.86500246534115,30.211250000000003
สุราษฎร์ธานี,บ้านตาขุน,2026-04-09,8.941589911320486,98.86500246534115,29.30541666666667
สุราษฎร์ธานี,บ้านตาขุน,2026-04-10,8.941589911320486,98.86500246534115,26.607916666666668
สุราษฎร์ธานี,บ้านตาขุน,2026-04-11,8.941589911320486,98.86500246534115,22.282708333333332
สุราษฎร์ธานี,บ้านตาขุน,2026-04-12,8.941589911320486,98.86500246534115,14.640625
สุราษฎร์ธานี,บ้านตาขุน,2026-04-13,8.941589911320486,98.86500246534115,13.660833333333334
สุราษฎร์ธานี,บ้านตาขุน,2026-04-14,8.941589911320486,98.86500246534115,15.613124999999998
สุราษฎร์ธานี,บ้านตาขุน,2026-04-15,8.941589911320486,98.86500246534115,21.992500000000003
สุราษฎร์ธานี,บ้านตาขุน,2026-04-16,8.945562087055425,98.86261891479943,26.23093023255814
สุราษฎร์ธานี,บ้านตาขุน,2026-04-17,8.975750622640971,98.84450393068228,16.2425
สุราษฎร์ธานี,บ้านตาขุน,2026-04-18,8.975750622640971,98.84450393068228,24.24291666666667
สุราษฎร์ธานี,บ้านตาขุน,2026-04-19,8.975750622640971,98.84450393068228,22.51125
สุราษฎร์ธานี,บ้านตาขุน,2026-04-20,8.949473152394445,98.86027203426603,22.683846153846154
สุราษฎร์ธานี,บ้านตาขุน,2026-04-21,8.941589911320486,98.86500246534115,18.11625
สุราษฎร์ธานี,บ้านตาขุน,2026-04-22,8.941589911320486,98.86500246534115,25.819999999999997
สุราษฎร์ธานี,บ้านตาขุน,2026-04-23,8.941589911320486,98.86500246534115,26.18875
สุราษฎร์ธานี,บ้านตาขุน,2026-04-24,8.941589911320486,98.86500246534115,23.163124999999997
สุราษฎร์ธานี,บ้านตาขุน,2026-04-25,8.941589911320486,98.86500246534115,22.337708333333335
สุราษฎร์ธานี,บ้านตาขุน,2026-04-26,8.941589911320484,98.86500246534115,23.67
สุราษฎร์ธานี,บ้านตาขุน,2026-04-27,8.941589911320486,98.86500246534115,18.262083333333333
สุราษฎร์ธานี,บ้านตาขุน,2026-04-28,8.941589911320486,98.86500246534115,6.9852083333333335
สุราษฎร์ธานี,บ้านตาขุน,2026-04-29,8.941589911320486,98.86500246534115,10.126458333333334
สุราษฎร์ธานี,บ้านตาขุน,2026-04-30,8.941589911320486,98.86500246534115,12.526041666666666
สุราษฎร์ธานี,บ้านนาสาร,2026-04-01,8.841609,99.368285,21.295217391304345
สุราษฎร์ธานี,บ้านนาสาร,2026-04-02,8.841609,99.368285,27.94333333333333
สุราษฎร์ธานี,บ้านนาสาร,2026-04-03,8.841609,99.368285,30.700833333333332
สุราษฎร์ธานี,บ้านนาสาร,2026-04-04,8.841609,99.368285,38.149166666666666
สุราษฎร์ธานี,บ้านนาสาร,2026-04-05,8.841609,99.368285,37.69833333333333
สุราษฎร์ธานี,บ้านนาสาร,2026-04-06,8.841609,99.368285,31.733333333333334
สุราษฎร์ธานี,บ้านนาสาร,2026-04-07,8.841609,99.368285,30.33
สุราษฎร์ธานี,บ้านนาสาร,2026-04-08,8.841609,99.368285,28.660833333333333
สุราษฎร์ธานี,บ้านนาสาร,2026-04-09,8.841609,99.368285,22.85625
สุราษฎร์ธานี,บ้านนาสาร,2026-04-10,8.841609,99.368285,27.0425
สุราษฎร์ธานี,บ้านนาสาร,2026-04-11,8.841609,99.368285,23.654583333333335
สุราษฎร์ธานี,บ้านนาสาร,2026-04-12,8.841609,99.368285,19.815416666666668
สุราษฎร์ธานี,บ้านนาสาร,2026-04-13,8.841609,99.368285,14.39125
สุราษฎร์ธานี,บ้านนาสาร,2026-04-14,8.841609,99.368285,15.969166666666666
สุราษฎร์ธานี,บ้านนาสาร,2026-04-15,8.841609,99.368285,19.47458333333333
สุราษฎร์ธานี,บ้านนาสาร,2026-04-16,8.841609,99.368285,22.914583333333336
สุราษฎร์ธานี,บ้านนาสาร,2026-04-17,8.841609,99.368285,23.614166666666666
สุราษฎร์ธานี,บ้านนาสาร,2026-04-18,8.841609,99.368285,24.42833333333333
สุราษฎร์ธานี,บ้านนาสาร,2026-04-19,8.841609,99.368285,25.020416666666666
สุราษฎร์ธานี,บ้านนาสาร,2026-04-20,8.841609,99.368285,20.267916666666668
สุราษฎร์ธานี,บ้านนาสาร,2026-04-21,8.841609,99.368285,22.315
สุราษฎร์ธานี,บ้านนาสาร,2026-04-22,8.841609,99.368285,20.535833333333333
สุราษฎร์ธานี,บ้านนาสาร,2026-04-23,8.841609,99.368285,26.9375
สุราษฎร์ธานี,บ้านนาสาร,2026-04-24,8.841609,99.368285,20.16
สุราษฎร์ธานี,บ้านนาสาร,2026-04-25,8.841609,99.368285,13.737499999999999
สุราษฎร์ธานี,บ้านนาสาร,2026-04-26,8.841609,99.368285,15.992727272727272
สุราษฎร์ธานี,บ้านนาสาร,2026-04-27,8.841609,99.368285,10.879166666666668
สุราษฎร์ธานี,บ้านนาสาร,2026-04-28,8.841609,99.368285,11.011666666666665
สุราษฎร์ธานี,บ้านนาสาร,2026-04-29,8.841609,99.368285,14.605416666666668
สุราษฎร์ธานี,บ้านนาสาร,2026-04-30,8.841609,99.368285,14.229166666666666
สุราษฎร์ธานี,บ้านนาเดิม,2026-04-01,8.89265105689134,99.3056679574233,2.0104347826086957
สุราษฎร์ธานี,บ้านนาเดิม,2026-04-02,8.89265105689134,99.3056679574233,4.187916666666667
สุราษฎร์ธานี,บ้านนาเดิม,2026-04-03,8.89265105689134,99.3056679574233,5.2908333333333335
สุราษฎร์ธานี,บ้านนาเดิม,2026-04-04,8.89265105689134,99.3056679574233,11.232916666666666
สุราษฎร์ธานี,บ้านนาเดิม,2026-04-05,8.89265105689134,99.3056679574233,11.597083333333332
สุราษฎร์ธานี,บ้านนาเดิม,2026-04-06,8.89265105689134,99.3056679574233,6.472916666666666
สุราษฎร์ธานี,บ้านนาเดิม,2026-04-07,8.89265105689134,99.3056679574233,4.0975
สุราษฎร์ธานี,บ้านนาเดิม,2026-04-08,8.89265105689134,99.3056679574233,3.9033333333333338
สุราษฎร์ธานี,บ้านนาเดิม,2026-04-09,8.89265105689134,99.3056679574233,3.6145833333333335
สุราษฎร์ธานี,บ้านนาเดิม,2026-04-10,8.89265105689134,99.3056679574233,3.95125
สุราษฎร์ธานี,บ้านนาเดิม,2026-04-11,8.89265105689134,99.3056679574233,2.223333333333333
สุราษฎร์ธานี,บ้านนาเดิม,2026-04-12,8.89265105689134,99.3056679574233,1.3608333333333331
สุราษฎร์ธานี,บ้านนาเดิม,2026-04-13,8.89265105689134,99.3056679574233,1.215
สุราษฎร์ธานี,บ้านนาเดิม,2026-04-14,8.89265105689134,99.3056679574233,1.1891666666666667
สุราษฎร์ธานี,บ้านนาเดิม,2026-04-15,8.89265105689134,99.3056679574233,1.7341666666666666
สุราษฎร์ธานี,บ้านนาเดิม,2026-04-16,8.89265105689134,99.3056679574233,4.284583333333333
สุราษฎร์ธานี,บ้านนาเดิม,2026-04-17,8.89265105689134,99.3056679574233,2.857083333333333
สุราษฎร์ธานี,บ้านนาเดิม,2026-04-18,8.89265105689134,99.3056679574233,3.8658333333333332
สุราษฎร์ธานี,บ้านนาเดิม,2026-04-19,8.89265105689134,99.3056679574233,4.034166666666667
สุราษฎร์ธานี,บ้านนาเดิม,2026-04-20,8.89265105689134,99.3056679574233,2.7229166666666664
สุราษฎร์ธานี,บ้านนาเดิม,2026-04-21,8.89265105689134,99.3056679574233,3.8537500000000002
สุราษฎร์ธานี,บ้านนาเดิม,2026-04-22,8.89265105689134,99.3056679574233,2.5191666666666666
สุราษฎร์ธานี,บ้านนาเดิม,2026-04-23,8.89265105689134,99.3056679574233,2.92125
สุราษฎร์ธานี,บ้านนาเดิม,2026-04-24,8.89265105689134,99.3056679574233,2.42
สุราษฎร์ธานี,บ้านนาเดิม,2026-04-25,8.89265105689134,99.3056679574233,2.890416666666667
สุราษฎร์ธานี,บ้านนาเดิม,2026-04-26,8.89265105689134,99.3056679574233,3.5777272727272726
สุราษฎร์ธานี,บ้านนาเดิม,2026-04-27,8.89265105689134,99.3056679574233,1.6808333333333332
สุราษฎร์ธานี,บ้านนาเดิม,2026-04-28,8.89265105689134,99.3056679574233,1.3575
สุราษฎร์ธานี,บ้านนาเดิม,2026-04-29,8.89265105689134,99.3056679574233,3.139583333333333
สุราษฎร์ธานี,บ้านนาเดิม,2026-04-30,8.89265105689134,99.3056679574233,4.33125
สุราษฎร์ธานี,พระแสง,2026-04-01,8.572544,99.242845,24.280434782608697
สุราษฎร์ธานี,พระแสง,2026-04-02,8.572544,99.242845,33.93125
สุราษฎร์ธานี,พระแสง,2026-04-03,8.572544,99.242845,38.99041666666667
สุราษฎร์ธานี,พระแสง,2026-04-04,8.572544,99.242845,43.26708333333334
สุราษฎร์ธานี,พระแสง,2026-04-05,8.572544,99.242845,42.40125
สุราษฎร์ธานี,พระแสง,2026-04-06,8.572544,99.242845,36.410000000000004
สุราษฎร์ธานี,พระแสง,2026-04-07,8.572544,99.242845,38.97666666666667
สุราษฎร์ธานี,พระแสง,2026-04-08,8.572544,99.242845,36.6025
สุราษฎร์ธานี,พระแสง,2026-04-09,8.572544,99.242845,29.982916666666668
สุราษฎร์ธานี,พระแสง,2026-04-10,8.572544,99.242845,35.495
สุราษฎร์ธานี,พระแสง,2026-04-11,8.572544,99.242845,26.709166666666665
สุราษฎร์ธานี,พระแสง,2026-04-12,8.572544,99.242845,28.3
สุราษฎร์ธานี,พระแสง,2026-04-13,8.572544,99.242845,19.544166666666666
สุราษฎร์ธานี,พระแสง,2026-04-14,8.572544,99.242845,18.147916666666667
สุราษฎร์ธานี,พระแสง,2026-04-15,8.572544,99.242845,25.27125
สุราษฎร์ธานี,พระแสง,2026-04-16,8.572544,99.242845,30.680000000000003
สุราษฎร์ธานี,พระแสง,2026-04-17,8.572544,99.242845,28.163750000000004
สุราษฎร์ธานี,พระแสง,2026-04-18,8.572544,99.242845,32.680416666666666
สุราษฎร์ธานี,พระแสง,2026-04-19,8.572544,99.242845,30.741666666666664
สุราษฎร์ธานี,พระแสง,2026-04-20,8.572544,99.242845,29.545
สุราษฎร์ธานี,พระแสง,2026-04-21,8.572544,99.242845,32.41958333333333
สุราษฎร์ธานี,พระแสง,2026-04-22,8.572544,99.242845,31.28
สุราษฎร์ธานี,พระแสง,2026-04-23,8.572544,99.242845,31.366666666666664
สุราษฎร์ธานี,พระแสง,2026-04-24,8.572544,99.242845,28.734166666666667
สุราษฎร์ธานี,พระแสง,2026-04-25,8.572544,99.242845,37.85166666666667
สุราษฎร์ธานี,พระแสง,2026-04-30,8.572544,99.242845,19.894
สุราษฎร์ธานี,พุนพิน,2026-04-01,9.105953,99.232728,10.943333333333333
สุราษฎร์ธานี,พุนพิน,2026-04-02,9.105953,99.232728,17.671666666666667
สุราษฎร์ธานี,พุนพิน,2026-04-03,9.105953,99.232728,20.91
สุราษฎร์ธานี,พุนพิน,2026-04-04,9.105953,99.232728,29.6525
สุราษฎร์ธานี,พุนพิน,2026-04-05,9.105953,99.232728,31.236666666666665
สุราษฎร์ธานี,พุนพิน,2026-04-06,9.105953,99.232728,24.23
สุราษฎร์ธานี,พุนพิน,2026-04-07,9.105953,99.232728,17.93583333333333
สุราษฎร์ธานี,พุนพิน,2026-04-08,9.105953,99.232728,21.759583333333335
สุราษฎร์ธานี,พุนพิน,2026-04-09,9.105953,99.232728,17.267083333333332
สุราษฎร์ธานี,พุนพิน,2026-04-10,9.105953,99.232728,19.488333333333333
สุราษฎร์ธานี,พุนพิน,2026-04-11,9.105953,99.232728,17.375
สุราษฎร์ธานี,พุนพิน,2026-04-12,9.105953,99.232728,16.05941176470588
สุราษฎร์ธานี,พุนพิน,2026-04-16,9.105953,99.232728,18.745625
สุราษฎร์ธานี,พุนพิน,2026-04-17,9.105953,99.232728,17.077083333333334
สุราษฎร์ธานี,พุนพิน,2026-04-18,9.105953,99.232728,19.21
สุราษฎร์ธานี,พุนพิน,2026-04-19,9.105953,99.232728,18.05333333333333
สุราษฎร์ธานี,พุนพิน,2026-04-20,9.105953,99.232728,16.94
สุราษฎร์ธานี,พุนพิน,2026-04-21,9.105953,99.232728,15.52625
สุราษฎร์ธานี,พุนพิน,2026-04-22,9.105953,99.232728,11.095714285714285
สุราษฎร์ธานี,พุนพิน,2026-04-28,9.105953,99.232728,9.995714285714286
สุราษฎร์ธานี,พุนพิน,2026-04-29,9.105953,99.232728,10.76625
สุราษฎร์ธานี,พุนพิน,2026-04-30,9.105953,99.232728,15.204166666666666
สุราษฎร์ธานี,เคียนซา,2026-04-02,8.835365238480856,99.16053737671102,18.0525
สุราษฎร์ธานี,เคียนซา,2026-04-03,8.835365238480856,99.160537376711,17.51111111111111
สุราษฎร์ธานี,เคียนซา,2026-04-20,8.835365238480856,99.160537376711,17.112142857142857
สุราษฎร์ธานี,เคียนซา,2026-04-21,8.835365238480856,99.160537376711,19.61090909090909
สุราษฎร์ธานี,เมือง,2026-04-01,9.147787303708565,99.30875612438923,24.872282608695652
สุราษฎร์ธานี,เมือง,2026-04-02,9.147787303708563,99.30875612438923,32.16614583333333
สุราษฎร์ธานี,เมือง,2026-04-03,9.147787303708563,99.30875612438923,37.68385416666667
สุราษฎร์ธานี,เมือง,2026-04-04,9.151143023183034,99.30847696711146,48.015483870967735
สุราษฎร์ธานี,เมือง,2026-04-05,9.147787303708563,99.30875612438923,47.75635416666666
สุราษฎร์ธานี,เมือง,2026-04-06,9.147787303708563,99.30875612438923,40.24395833333333
สุราษฎร์ธานี,เมือง,2026-04-07,9.147787303708563,99.30875612438923,34.975208333333335
สุราษฎร์ธานี,เมือง,2026-04-08,9.171353258865164,99.30770848569414,38.42540540540541
สุราษฎร์ธานี,เมือง,2026-04-09,9.174209738278087,99.30758149918564,33.115138888888886
สุราษฎร์ธานี,เมือง,2026-04-10,9.174209738278087,99.30758149918564,34.200694444444444
สุราษฎร์ธานี,เมือง,2026-04-11,9.174209738278087,99.30758149918564,32.15763888888889
สุราษฎร์ธานี,เมือง,2026-04-12,9.174209738278087,99.30758149918564,27.111666666666665
สุราษฎร์ธานี,เมือง,2026-04-13,9.174209738278087,99.30758149918564,24.380833333333335
สุราษฎร์ธานี,เมือง,2026-04-14,9.174209738278087,99.30758149918564,26.625555555555554
สุราษฎร์ธานี,เมือง,2026-04-15,9.174209738278087,99.30758149918564,25.89763888888889
สุราษฎร์ธานี,เมือง,2026-04-16,9.169982148746962,99.30776943921822,34.075066666666665
สุราษฎร์ธานี,เมือง,2026-04-17,9.169982148746962,99.30776943921822,34.69066666666667
สุราษฎร์ธานี,เมือง,2026-04-18,9.174209738278087,99.30758149918564,36.80166666666666
สุราษฎร์ธานี,เมือง,2026-04-19,9.174209738278087,99.30758149918564,37.22513888888889
สุราษฎร์ธานี,เมือง,2026-04-20,9.169982148746962,99.30776943921822,32.48933333333333
สุราษฎร์ธานี,เมือง,2026-04-21,9.171353258865164,99.30770848569414,33.07837837837838
สุราษฎร์ธานี,เมือง,2026-04-22,9.174209738278087,99.30758149918564,32.13444444444444
สุราษฎร์ธานี,เมือง,2026-04-23,9.181883252294442,99.30700335207892,36.66088235294118
สุราษฎร์ธานี,เมือง,2026-04-24,9.157004432046769,99.30834637141123,30.307093023255813
สุราษฎร์ธานี,เมือง,2026-04-25,9.147787303708563,99.30875612438923,22.191666666666666
สุราษฎร์ธานี,เมือง,2026-04-26,9.147787303708565,99.30875612438923,23.276363636363637
สุราษฎร์ธานี,เมือง,2026-04-27,9.147787303708563,99.30875612438923,19.060104166666665
สุราษฎร์ธานี,เมือง,2026-04-28,9.148882327958127,99.30866503096176,20.666
สุราษฎร์ธานี,เมือง,2026-04-29,9.15988350181421,99.30774985978333,26.213372093023256
สุราษฎร์ธานี,เมือง,2026-04-30,9.147787303708563,99.30875612438923,27.39708333333333
สุราษฎร์ธานี,เวียงสระ,2026-04-18,8.63829224276572,99.3713385,18.315555555555555
สุราษฎร์ธานี,เวียงสระ,2026-04-19,8.63829224276572,99.3713385,19.554
สุราษฎร์ธานี,เวียงสระ,2026-04-21,8.63829224276572,99.3713385,17.8
สุราษฎร์ธานี,เวียงสระ,2026-04-22,8.63829224276572,99.3713385,21.416666666666668
สุราษฎร์ธานี,เวียงสระ,2026-04-23,8.63829224276572,99.3713385,18.013333333333332
สุราษฎร์ธานี,เวียงสระ,2026-04-24,8.63829224276572,99.3713385,22.455
สุราษฎร์ธานี,ไชยา,2026-04-15,9.38702156637794,99.20163451534222,8.1
สุราษฎร์ธานี,ไชยา,2026-04-16,9.38702156637794,99.20163451534222,11.775
สุราษฎร์ธานี,ไชยา,2026-04-17,9.38702156637794,99.20163451534222,8.903333333333334
สุราษฎร์ธานี,ไชยา,2026-04-18,9.38702156637794,99.20163451534222,14.9375
สุราษฎร์ธานี,ไชยา,2026-04-19,9.38702156637794,99.20163451534222,7.57
สุราษฎร์ธานี,ไชยา,2026-04-20,9.38702156637794,99.20163451534222,9.7675
สุราษฎร์ธานี,ไชยา,2026-04-21,9.38702156637794,99.20163451534222,7.674166666666667
สุราษฎร์ธานี,ไชยา,2026-04-22,9.38702156637794,99.20163451534222,13.58
สุราษฎร์ธานี,ไชยา,2026-04-24,9.38702156637794,99.20163451534222,5.657500000000001
สุราษฎร์ธานี,ไชยา,2026-04-25,9.38702156637794,99.20163451534222,3.813333333333333
สุราษฎร์ธานี,ไชยา,2026-04-26,9.38702156637794,99.20163451534222,7.315
สุราษฎร์ธานี,ไชยา,2026-04-29,9.38702156637794,99.20163451534222,4.5928571428571425
สุราษฎร์ธานี,ไชยา,2026-04-30,9.38702156637794,99.20163451534222,9.088
สุรินทร์,รัตนบุรี,2026-04-30,15.31040875,103.8480735,16.150000000000002
สุรินทร์,ศีขรภูมิ,2026-04-01,14.945535486183232,103.79418362883628,43.95608695652174
สุรินทร์,ศีขรภูมิ,2026-04-02,14.94553548618323,103.79418362883628,47.83041666666667
สุรินทร์,ศีขรภูมิ,2026-04-03,14.94553548618323,103.79418362883628,44.57125
สุรินทร์,ศีขรภูมิ,2026-04-04,14.94553548618323,103.79418362883628,38.30625
สุรินทร์,ศีขรภูมิ,2026-04-05,14.94553548618323,103.79418362883628,40.4525
สุรินทร์,ศีขรภูมิ,2026-04-06,14.94553548618323,103.79418362883628,33.99583333333333
สุรินทร์,ศีขรภูมิ,2026-04-07,14.94553548618323,103.79418362883628,38.15125
สุรินทร์,ศีขรภูมิ,2026-04-08,14.94553548618323,103.79418362883628,41.62133333333334
สุรินทร์,ศีขรภูมิ,2026-04-09,14.94553548618323,103.79418362883628,67.98769230769231
สุรินทร์,ศีขรภูมิ,2026-04-10,14.945535486183228,103.79418362883628,63.798
สุรินทร์,เมือง,2026-04-01,14.841911740285715,103.4628463302857,18.226285714285712
สุรินทร์,เมือง,2026-04-02,14.86535973,103.47933814,25.785416666666666
สุรินทร์,เมือง,2026-04-03,14.86535973,103.47933814,25.96666666666667
สุรินทร์,เมือง,2026-04-04,14.86535973,103.47933814,25.923333333333332
สุรินทร์,เมือง,2026-04-05,14.86535973,103.47933814,25.980416666666667
สุรินทร์,เมือง,2026-04-06,14.86535973,103.47933814,21.912499999999998
สุรินทร์,เมือง,2026-04-07,14.86535973,103.47933814,18.714583333333334
สุรินทร์,เมือง,2026-04-08,14.86535973,103.47933814,20.113333333333333
สุรินทร์,เมือง,2026-04-09,14.86535973,103.47933814,21.320416666666667
สุรินทร์,เมือง,2026-04-10,14.86535973,103.47933814,15.425416666666669
สุรินทร์,เมือง,2026-04-11,14.86535973,103.47933814,17.756666666666664
สุรินทร์,เมือง,2026-04-12,14.86535973,103.47933814,16.201249999999998
สุรินทร์,เมือง,2026-04-13,14.86535973,103.47933814,15.643333333333333
สุรินทร์,เมือง,2026-04-14,14.86535973,103.47933814,19.49416666666667
สุรินทร์,เมือง,2026-04-15,14.86535973,103.47933814,22.180000000000003
สุรินทร์,เมือง,2026-04-16,14.86535973,103.47933814,18.7025
สุรินทร์,เมือง,2026-04-17,14.86535973,103.47933814,15.886666666666668
สุรินทร์,เมือง,2026-04-18,14.86535973,103.47933814,13.620416666666666
สุรินทร์,เมือง,2026-04-19,14.86535973,103.47933814,17.53708333333333
สุรินทร์,เมือง,2026-04-20,14.86535973,103.47933814,12.021666666666667
สุรินทร์,เมือง,2026-04-21,14.86535973,103.47933814,16.867916666666666
สุรินทร์,เมือง,2026-04-22,14.86535973,103.47933814,14.636666666666668
สุรินทร์,เมือง,2026-04-23,14.86535973,103.47933814,15.186250000000001
สุรินทร์,เมือง,2026-04-24,14.86535973,103.47933814,15.030833333333334
สุรินทร์,เมือง,2026-04-25,14.86535973,103.47933814,22.0825
สุรินทร์,เมือง,2026-04-26,14.86535973,103.47933814,26.121363636363636
สุรินทร์,เมือง,2026-04-27,14.86535973,103.47933814,21.866666666666664
สุรินทร์,เมือง,2026-04-28,14.85249641275862,103.47029090896552,9.70551724137931
สุรินทร์,เมือง,2026-04-29,14.86535973,103.47933814,12.155
สุรินทร์,เมือง,2026-04-30,14.86535973,103.47933814,7.997916666666666
สุโขทัย,กงไกรลาศ,2026-04-01,16.954736,99.96592830000002,12.874166666666667
สุโขทัย,กงไกรลาศ,2026-04-02,16.954736,99.96592830000002,15.40625
สุโขทัย,กงไกรลาศ,2026-04-03,16.954736,99.96592830000002,11.120416666666666
สุโขทัย,กงไกรลาศ,2026-04-04,16.954736,99.96592830000002,9.275
สุโขทัย,กงไกรลาศ,2026-04-05,16.954736,99.96592830000002,13.0025
สุโขทัย,กงไกรลาศ,2026-04-06,16.954736,99.96592830000002,25.2075
สุโขทัย,กงไกรลาศ,2026-04-07,16.954736,99.96592830000002,14.043750000000001
สุโขทัย,กงไกรลาศ,2026-04-08,16.954641285714285,99.9658098857143,35.01380952380952
สุโขทัย,กงไกรลาศ,2026-04-09,16.954625500000002,99.96579015000002,31.14770833333333
สุโขทัย,กงไกรลาศ,2026-04-10,16.954620695652174,99.96578414347827,33.31804347826087
สุโขทัย,กงไกรลาศ,2026-04-11,16.954625500000002,99.96579015000002,44.319583333333334
สุโขทัย,กงไกรลาศ,2026-04-12,16.954625500000002,99.96579015000002,72.84791666666666
สุโขทัย,กงไกรลาศ,2026-04-13,16.954625500000002,99.96579015000002,87.23541666666667
สุโขทัย,กงไกรลาศ,2026-04-14,16.954625500000002,99.96579015000002,58.496874999999996
สุโขทัย,กงไกรลาศ,2026-04-15,16.954684433333334,99.96586383,37.64366666666667
สุโขทัย,กงไกรลาศ,2026-04-16,16.954736,99.96592830000002,9.732083333333334
สุโขทัย,กงไกรลาศ,2026-04-17,16.954736,99.96592830000002,15.140416666666667
สุโขทัย,กงไกรลาศ,2026-04-18,16.954736,99.96592830000002,18.166666666666668
สุโขทัย,กงไกรลาศ,2026-04-19,16.954736,99.96592830000002,20.777083333333334
สุโขทัย,กงไกรลาศ,2026-04-20,16.954736,99.96592830000002,12.152500000000002
สุโขทัย,กงไกรลาศ,2026-04-21,16.954736,99.96592830000002,12.3025
สุโขทัย,กงไกรลาศ,2026-04-22,16.954736,99.96592830000002,14.145416666666668
สุโขทัย,กงไกรลาศ,2026-04-23,16.954736,99.96592830000002,12.588333333333333
สุโขทัย,กงไกรลาศ,2026-04-24,16.954666542857144,99.96584146285714,28.02457142857143
สุโขทัย,กงไกรลาศ,2026-04-25,16.954625500000002,99.96579015000002,21.063750000000002
สุโขทัย,กงไกรลาศ,2026-04-26,16.9546255,99.96579014999999,37.24590909090909
สุโขทัย,กงไกรลาศ,2026-04-27,16.954625500000002,99.96579015000002,31.312083333333334
สุโขทัย,กงไกรลาศ,2026-04-28,16.954671,99.96584703529413,13.789705882352942
สุโขทัย,กงไกรลาศ,2026-04-29,16.954736,99.96592830000002,4.57125
สุโขทัย,กงไกรลาศ,2026-04-30,16.954736,99.96592830000002,4.29625
สุโขทัย,คีรีมาศ,2026-04-01,16.827991053894085,99.79467136168563,41.331250000000004
สุโขทัย,คีรีมาศ,2026-04-02,16.827991053894085,99.79467136168563,45.15083333333333
สุโขทัย,คีรีมาศ,2026-04-03,16.827991053894085,99.79467136168563,31.198541666666667
สุโขทัย,คีรีมาศ,2026-04-04,16.827991053894085,99.79467136168563,28.328125
สุโขทัย,คีรีมาศ,2026-04-05,16.827991053894085,99.79467136168563,39.47708333333333
สุโขทัย,คีรีมาศ,2026-04-06,16.827991053894085,99.79467136168563,39.547916666666666
สุโขทัย,คีรีมาศ,2026-04-07,16.827991053894085,99.79467136168563,30.972708333333333
สุโขทัย,คีรีมาศ,2026-04-08,16.827991053894085,99.79467136168563,23.949166666666667
สุโขทัย,คีรีมาศ,2026-04-09,16.827991053894085,99.79467136168563,21.736874999999998
สุโขทัย,คีรีมาศ,2026-04-10,16.827991053894085,99.79467136168563,23.042291666666667
สุโขทัย,คีรีมาศ,2026-04-11,16.827991053894085,99.79467136168563,24.496041666666667
สุโขทัย,คีรีมาศ,2026-04-12,16.827991053894085,99.79467136168563,29.963958333333334
สุโขทัย,คีรีมาศ,2026-04-13,16.827991053894085,99.79467136168563,32.896458333333335
สุโขทัย,คีรีมาศ,2026-04-14,16.827991053894085,99.79467136168563,30.886666666666667
สุโขทัย,คีรีมาศ,2026-04-15,16.827991053894085,99.79467136168563,30.226249999999997
สุโขทัย,คีรีมาศ,2026-04-16,16.827990803439445,99.79467287918047,29.135744680851065
สุโขทัย,คีรีมาศ,2026-04-17,16.827991053894085,99.79467136168563,35.013124999999995
สุโขทัย,คีรีมาศ,2026-04-18,16.827991053894085,99.79467136168563,29.94604166666667
สุโขทัย,คีรีมาศ,2026-04-19,16.827991053894085,99.79467136168563,32.884791666666665
สุโขทัย,คีรีมาศ,2026-04-20,16.827991053894085,99.79467136168563,24.923333333333332
สุโขทัย,คีรีมาศ,2026-04-21,16.827991053894085,99.79467136168563,20.97
สุโขทัย,คีรีมาศ,2026-04-22,16.827991053894085,99.79467136168563,23.983958333333334
สุโขทัย,คีรีมาศ,2026-04-23,16.827991053894085,99.79467136168563,27.84
สุโขทัย,คีรีมาศ,2026-04-24,16.827991053894085,99.79467136168563,24.015208333333334
สุโขทัย,คีรีมาศ,2026-04-25,16.827991053894085,99.79467136168563,13.403333333333334
สุโขทัย,คีรีมาศ,2026-04-26,16.82799105389408,99.79467136168564,24.451590909090907
สุโขทัย,คีรีมาศ,2026-04-27,16.827991053894085,99.79467136168563,17.548958333333335
สุโขทัย,คีรีมาศ,2026-04-28,16.827991053894085,99.79467136168563,9.23875
สุโขทัย,คีรีมาศ,2026-04-29,16.827991053894085,99.79467136168563,13.929583333333333
สุโขทัย,คีรีมาศ,2026-04-30,16.827991053894085,99.79467136168563,13.366041666666668
สุโขทัย,บ้านด่านลานหอย,2026-04-01,17.013054895733177,99.58708961861329,105.11520833333333
สุโขทัย,บ้านด่านลานหอย,2026-04-02,17.013054895733177,99.58708961861329,123.55791666666666
สุโขทัย,บ้านด่านลานหอย,2026-04-03,17.013054895733177,99.58708961861329,90.735
สุโขทัย,บ้านด่านลานหอย,2026-04-04,17.013054895733177,99.58708961861329,82.844375
สุโขทัย,บ้านด่านลานหอย,2026-04-05,17.013054895733177,99.58708961861329,76.58916666666667
สุโขทัย,บ้านด่านลานหอย,2026-04-06,17.013054895733177,99.58708961861329,74.376875
สุโขทัย,บ้านด่านลานหอย,2026-04-07,17.013054895733177,99.58708961861329,59.149166666666666
สุโขทัย,บ้านด่านลานหอย,2026-04-08,17.013054895733177,99.58708961861329,57.610625
สุโขทัย,บ้านด่านลานหอย,2026-04-09,17.013054895733177,99.58708961861329,41.58708333333333
สุโขทัย,บ้านด่านลานหอย,2026-04-10,17.013054895733177,99.58708961861329,45.44979166666667
สุโขทัย,บ้านด่านลานหอย,2026-04-11,17.013054895733177,99.58708961861329,59.97145833333334
สุโขทัย,บ้านด่านลานหอย,2026-04-12,17.013054895733177,99.58708961861329,83.00416666666666
สุโขทัย,บ้านด่านลานหอย,2026-04-13,17.013054895733177,99.58708961861329,82.13375
สุโขทัย,บ้านด่านลานหอย,2026-04-14,17.013054895733177,99.58708961861329,83.76666666666667
สุโขทัย,บ้านด่านลานหอย,2026-04-15,17.013054895733177,99.58708961861329,60.14083333333334
สุโขทัย,บ้านด่านลานหอย,2026-04-16,17.013054895733177,99.58708961861329,71.05604166666667
สุโขทัย,บ้านด่านลานหอย,2026-04-17,17.013054895733177,99.58708961861329,96.34020833333334
สุโขทัย,บ้านด่านลานหอย,2026-04-18,17.013054895733177,99.58708961861329,79.64104166666667
สุโขทัย,บ้านด่านลานหอย,2026-04-19,17.013054895733177,99.58708961861329,64.41333333333334
สุโขทัย,บ้านด่านลานหอย,2026-04-20,17.013054895733177,99.58708961861329,78.32333333333334
สุโขทัย,บ้านด่านลานหอย,2026-04-21,17.013054895733177,99.58708961861329,66.93708333333333
สุโขทัย,บ้านด่านลานหอย,2026-04-22,17.013054895733177,99.58708961861329,72.24291666666666
สุโขทัย,บ้านด่านลานหอย,2026-04-23,17.013054895733177,99.58708961861329,62.66916666666666
สุโขทัย,บ้านด่านลานหอย,2026-04-24,17.013054895733177,99.58708961861329,71.423125
สุโขทัย,บ้านด่านลานหอย,2026-04-25,17.013054895733177,99.58708961861329,53.40895833333334
สุโขทัย,บ้านด่านลานหอย,2026-04-26,17.013054895733177,99.58708961861329,57.18159090909091
สุโขทัย,บ้านด่านลานหอย,2026-04-27,17.013054895733177,99.58708961861329,53.31270833333334
สุโขทัย,บ้านด่านลานหอย,2026-04-28,17.013054895733177,99.58708961861329,34.883125
สุโขทัย,บ้านด่านลานหอย,2026-04-29,17.013054895733177,99.58708961861329,49.20333333333334
สุโขทัย,บ้านด่านลานหอย,2026-04-30,17.013054895733177,99.58708961861329,53.82375
สุโขทัย,ศรีนคร,2026-04-01,17.3542048,99.9930447,117.92104166666667
สุโขทัย,ศรีนคร,2026-04-02,17.3542048,99.9930447,128.41875000000002
สุโขทัย,ศรีนคร,2026-04-03,17.3542048,99.9930447,107.40270833333334
สุโขทัย,ศรีนคร,2026-04-04,17.3542048,99.9930447,104.16416666666667
สุโขทัย,ศรีนคร,2026-04-05,17.3542048,99.9930447,145.89875
สุโขทัย,ศรีนคร,2026-04-06,17.3542048,99.9930447,126.71249999999999
สุโขทัย,ศรีนคร,2026-04-07,17.3542048,99.9930447,125.05166666666668
สุโขทัย,ศรีนคร,2026-04-08,17.3542048,99.9930447,68.18770833333333
สุโขทัย,ศรีนคร,2026-04-09,17.3542048,99.9930447,35.868125
สุโขทัย,ศรีนคร,2026-04-10,17.3542048,99.9930447,50.494166666666665
สุโขทัย,ศรีนคร,2026-04-11,17.3542048,99.9930447,58.93541666666667
สุโขทัย,ศรีนคร,2026-04-12,17.3542048,99.9930447,92.68124999999999
สุโขทัย,ศรีนคร,2026-04-13,17.3542048,99.9930447,110.11395833333334
สุโขทัย,ศรีนคร,2026-04-14,17.3542048,99.9930447,98.72479166666666
สุโขทัย,ศรีนคร,2026-04-15,17.3542048,99.9930447,88.97250000000001
สุโขทัย,ศรีนคร,2026-04-16,17.3542048,99.9930447,71.80833333333334
สุโขทัย,ศรีนคร,2026-04-17,17.3542048,99.9930447,99.50479166666668
สุโขทัย,ศรีนคร,2026-04-18,17.3542048,99.9930447,135.01020833333334
สุโขทัย,ศรีนคร,2026-04-19,17.3542048,99.9930447,130.57104166666667
สุโขทัย,ศรีนคร,2026-04-20,17.3542048,99.9930447,96.75541666666668
สุโขทัย,ศรีนคร,2026-04-21,17.3542048,99.9930447,82.05583333333333
สุโขทัย,ศรีนคร,2026-04-22,17.3542048,99.9930447,109.38583333333334
สุโขทัย,ศรีนคร,2026-04-23,17.3542048,99.9930447,95.715625
สุโขทัย,ศรีนคร,2026-04-24,17.3542048,99.9930447,57.71416666666667
สุโขทัย,ศรีนคร,2026-04-25,17.3542048,99.9930447,46.742916666666666
สุโขทัย,ศรีนคร,2026-04-26,17.3542048,99.99304469999998,45.15159090909091
สุโขทัย,ศรีนคร,2026-04-27,17.3542048,99.99304469999998,45.12340909090909
สุโขทัย,ศรีนคร,2026-04-28,17.3542048,99.9930447,38.306041666666665
สุโขทัย,ศรีนคร,2026-04-29,17.3542048,99.9930447,38.03458333333334
สุโขทัย,ศรีนคร,2026-04-30,17.3542048,99.9930447,47.44916666666666
สุโขทัย,ศรีสำโรง,2026-04-01,17.166082428190133,99.8652942975098,36.67041666666667
สุโขทัย,ศรีสำโรง,2026-04-02,17.166082428190133,99.8652942975098,35.11166666666667
สุโขทัย,ศรีสำโรง,2026-04-03,17.166082428190133,99.8652942975098,26.75770833333333
สุโขทัย,ศรีสำโรง,2026-04-04,17.166082428190133,99.8652942975098,23.898541666666663
สุโขทัย,ศรีสำโรง,2026-04-05,17.166082428190133,99.8652942975098,29.376875
สุโขทัย,ศรีสำโรง,2026-04-06,17.166082428190133,99.8652942975098,33.06104166666667
สุโขทัย,ศรีสำโรง,2026-04-07,17.166082428190133,99.8652942975098,20.958541666666665
สุโขทัย,ศรีสำโรง,2026-04-08,17.166082428190133,99.8652942975098,19.357499999999998
สุโขทัย,ศรีสำโรง,2026-04-09,17.166082428190133,99.8652942975098,15.123541666666666
สุโขทัย,ศรีสำโรง,2026-04-10,17.166082428190133,99.8652942975098,14.59125
สุโขทัย,ศรีสำโรง,2026-04-11,17.166082428190133,99.8652942975098,17.608958333333334
สุโขทัย,ศรีสำโรง,2026-04-12,17.166082428190133,99.8652942975098,26.041875
สุโขทัย,ศรีสำโรง,2026-04-13,17.166082428190133,99.8652942975098,26.721875
สุโขทัย,ศรีสำโรง,2026-04-14,17.166082428190133,99.8652942975098,27.221458333333334
สุโขทัย,ศรีสำโรง,2026-04-15,17.166082428190133,99.8652942975098,25.675416666666667
สุโขทัย,ศรีสำโรง,2026-04-16,17.166082428190133,99.8652942975098,22.317708333333332
สุโขทัย,ศรีสำโรง,2026-04-17,17.166082428190133,99.8652942975098,30.801041666666666
สุโขทัย,ศรีสำโรง,2026-04-18,17.166082428190133,99.8652942975098,33.766041666666666
สุโขทัย,ศรีสำโรง,2026-04-19,17.166082428190133,99.8652942975098,28.9975
สุโขทัย,ศรีสำโรง,2026-04-20,17.166082428190133,99.8652942975098,22.172916666666666
สุโขทัย,ศรีสำโรง,2026-04-21,17.166082428190133,99.8652942975098,19.166875
สุโขทัย,ศรีสำโรง,2026-04-22,17.166082428190133,99.8652942975098,24.785625
สุโขทัย,ศรีสำโรง,2026-04-23,17.166082428190133,99.8652942975098,26.280416666666667
สุโขทัย,ศรีสำโรง,2026-04-24,17.166082428190133,99.8652942975098,17.695416666666667
สุโขทัย,ศรีสำโรง,2026-04-25,17.166082428190133,99.8652942975098,14.009791666666667
สุโขทัย,ศรีสำโรง,2026-04-26,17.16608242819013,99.8652942975098,16.741136363636365
สุโขทัย,ศรีสำโรง,2026-04-27,17.166082428190133,99.8652942975098,16.996875
สุโขทัย,ศรีสำโรง,2026-04-28,17.166082428190133,99.8652942975098,13.885833333333332
สุโขทัย,ศรีสำโรง,2026-04-29,17.166082428190133,99.8652942975098,16.390416666666667
สุโขทัย,ศรีสำโรง,2026-04-30,17.166082428190133,99.8652942975098,18.587500000000002
สุโขทัย,สวรรคโลก,2026-04-01,17.30204805,99.84070444999999,38.86833333333333
สุโขทัย,สวรรคโลก,2026-04-02,17.30204805,99.84070444999999,39.97020833333333
สุโขทัย,สวรรคโลก,2026-04-03,17.30204805,99.84070444999999,35.571875
สุโขทัย,สวรรคโลก,2026-04-04,17.30204805,99.84070444999999,36.61729166666667
สุโขทัย,สวรรคโลก,2026-04-05,17.30204805,99.84070444999999,42.030833333333334
สุโขทัย,สวรรคโลก,2026-04-06,17.30204805,99.84070444999999,50.329375
สุโขทัย,สวรรคโลก,2026-04-07,17.30204805,99.84070444999999,49.42333333333334
สุโขทัย,สวรรคโลก,2026-04-08,17.30204805,99.84070444999999,60.899166666666666
สุโขทัย,สวรรคโลก,2026-04-09,17.30204805,99.84070444999999,34.316875
สุโขทัย,สวรรคโลก,2026-04-10,17.30204805,99.84070444999999,38.376875
สุโขทัย,สวรรคโลก,2026-04-11,17.30204805,99.84070444999999,56.083124999999995
สุโขทัย,สวรรคโลก,2026-04-12,17.30204805,99.84070444999999,92.33916666666666
สุโขทัย,สวรรคโลก,2026-04-13,17.30204805,99.84070444999999,97.6675
สุโขทัย,สวรรคโลก,2026-04-14,17.30204805,99.84070444999999,84.214375
สุโขทัย,สวรรคโลก,2026-04-15,17.30204805,99.84070444999999,79.5225
สุโขทัย,สวรรคโลก,2026-04-16,17.30204805,99.84070444999999,70.84625
สุโขทัย,สวรรคโลก,2026-04-17,17.30204805,99.84070444999999,94.91145833333333
สุโขทัย,สวรรคโลก,2026-04-18,17.30204805,99.84070444999999,101.55895833333334
สุโขทัย,สวรรคโลก,2026-04-19,17.30204805,99.84070444999999,101.40791666666667
สุโขทัย,สวรรคโลก,2026-04-20,17.30204805,99.84070444999999,78.87708333333333
สุโขทัย,สวรรคโลก,2026-04-21,17.30204805,99.84070444999999,70.55583333333333
สุโขทัย,สวรรคโลก,2026-04-22,17.301985396774192,99.84077801612904,101.80032258064516
สุโขทัย,สวรรคโลก,2026-04-23,17.3019338,99.8408386,119.49916666666667
สุโขทัย,สวรรคโลก,2026-04-24,17.3019338,99.8408386,72.31791666666666
สุโขทัย,สวรรคโลก,2026-04-25,17.3019338,99.8408386,59.22
สุโขทัย,สวรรคโลก,2026-04-26,17.3019338,99.8408386,61.20636363636363
สุโขทัย,สวรรคโลก,2026-04-27,17.3019338,99.8408386,56.54
สุโขทัย,สวรรคโลก,2026-04-28,17.302017984210526,99.84073975263158,40.360263157894735
สุโขทัย,สวรรคโลก,2026-04-29,17.30204805,99.84070444999999,43.001875000000005
สุโขทัย,สวรรคโลก,2026-04-30,17.30204805,99.84070444999999,48.77020833333333
สุโขทัย,เมือง,2026-04-01,17.0109065,99.7938478,106.56521739130434
สุโขทัย,เมือง,2026-04-02,17.0109065,99.7938478,94.88083333333333
สุโขทัย,เมือง,2026-04-03,17.0109065,99.7938478,58.76083333333333
สุโขทัย,เมือง,2026-04-04,17.0109065,99.7938478,51.66791666666666
สุโขทัย,เมือง,2026-04-05,17.0109065,99.7938478,66.77291666666666
สุโขทัย,เมือง,2026-04-06,17.0109065,99.7938478,70.70375
สุโขทัย,เมือง,2026-04-07,17.0109065,99.7938478,50.382083333333334
สุโขทัย,เมือง,2026-04-08,17.0109065,99.7938478,48.14083333333334
สุโขทัย,เมือง,2026-04-09,17.0109065,99.7938478,40.63333333333333
สุโขทัย,เมือง,2026-04-10,17.0109065,99.7938478,30.933333333333334
สุโขทัย,เมือง,2026-04-11,17.0109065,99.7938478,42.55583333333333
สุโขทัย,เมือง,2026-04-12,17.0109065,99.7938478,55.361250000000005
สุโขทัย,เมือง,2026-04-13,17.0109065,99.7938478,58.62833333333333
สุโขทัย,เมือง,2026-04-14,17.0109065,99.7938478,52.04958333333334
สุโขทัย,เมือง,2026-04-15,17.0109065,99.7938478,45.80916666666667
สุโขทัย,เมือง,2026-04-16,17.0109065,99.7938478,48.1925
สุโขทัย,เมือง,2026-04-17,17.0109065,99.7938478,69.66333333333334
สุโขทัย,เมือง,2026-04-18,17.0109065,99.7938478,74.30791666666666
สุโขทัย,เมือง,2026-04-19,17.0109065,99.7938478,62.42625
สุโขทัย,เมือง,2026-04-20,17.0109065,99.7938478,51.937083333333334
สุโขทัย,เมือง,2026-04-21,17.0109065,99.7938478,43.80041666666667
สุโขทัย,เมือง,2026-04-22,17.0109065,99.7938478,53.68
สุโขทัย,เมือง,2026-04-23,17.0109065,99.7938478,57.21458333333334
สุโขทัย,เมือง,2026-04-24,17.0109065,99.7938478,48.968333333333334
สุโขทัย,เมือง,2026-04-25,17.0109065,99.7938478,33.865
สุโขทัย,เมือง,2026-04-26,17.0109065,99.7938478,39.99
สุโขทัย,เมือง,2026-04-27,17.0109065,99.7938478,34.64791666666667
สุโขทัย,เมือง,2026-04-28,17.0109065,99.7938478,25.980833333333333
สุโขทัย,เมือง,2026-04-29,17.0109065,99.7938478,34.53875
สุโขทัย,เมือง,2026-04-30,17.0109065,99.7938478,36.6575
หนองคาย,เฝ้าไร่,2026-04-01,18.016482542390364,103.3130269442388,189.75791666666666
หนองคาย,เฝ้าไร่,2026-04-02,18.016482542390364,103.3130269442388,168.92958333333334
หนองคาย,เฝ้าไร่,2026-04-03,18.016482542390364,103.3130269442388,148.52083333333334
หนองคาย,เฝ้าไร่,2026-04-04,18.016482542390364,103.3130269442388,185.85666666666668
หนองคาย,เฝ้าไร่,2026-04-05,18.016482542390364,103.3130269442388,200.26125
หนองคาย,เฝ้าไร่,2026-04-06,18.016482542390364,103.3130269442388,193.22875
หนองคาย,เฝ้าไร่,2026-04-07,18.016482542390364,103.3130269442388,174.095
หนองคาย,เฝ้าไร่,2026-04-08,18.016482542390364,103.3130269442388,157.93625
หนองคาย,เฝ้าไร่,2026-04-09,18.016482542390364,103.3130269442388,142.52833333333334
หนองคาย,เฝ้าไร่,2026-04-10,18.016482542390364,103.3130269442388,138.66125
หนองคาย,เฝ้าไร่,2026-04-11,18.016482542390364,103.3130269442388,114.00083333333333
หนองคาย,เฝ้าไร่,2026-04-12,18.016482542390364,103.3130269442388,134.5575
หนองคาย,เฝ้าไร่,2026-04-13,18.016482542390364,103.3130269442388,211.80583333333334
หนองคาย,เฝ้าไร่,2026-04-14,18.016482542390364,103.3130269442388,192.9020833333333
หนองคาย,เฝ้าไร่,2026-04-15,18.016482542390364,103.3130269442388,188.43708333333333
หนองคาย,เฝ้าไร่,2026-04-16,18.016482542390364,103.3130269442388,167.47166666666666
หนองคาย,เฝ้าไร่,2026-04-17,18.016482542390364,103.3130269442388,286.7995833333334
หนองคาย,เฝ้าไร่,2026-04-18,18.016482542390364,103.3130269442388,93.9825
หนองคาย,เฝ้าไร่,2026-04-19,18.016482542390364,103.3130269442388,102.74333333333334
หนองคาย,เฝ้าไร่,2026-04-20,18.016482542390364,103.3130269442388,74.71541666666667
หนองคาย,เฝ้าไร่,2026-04-21,18.016482542390364,103.3130269442388,89.79916666666666
หนองคาย,เฝ้าไร่,2026-04-22,18.016482542390364,103.3130269442388,99.49666666666667
หนองคาย,เฝ้าไร่,2026-04-23,18.016482542390364,103.3130269442388,100.94375000000001
หนองคาย,เฝ้าไร่,2026-04-24,18.016482542390364,103.3130269442388,25.597916666666666
หนองคาย,เฝ้าไร่,2026-04-25,18.016482542390364,103.3130269442388,28.188333333333333
หนองคาย,เฝ้าไร่,2026-04-26,18.016482542390364,103.3130269442388,36.88
หนองคาย,เฝ้าไร่,2026-04-27,18.016482542390364,103.3130269442388,58.51208333333333
หนองคาย,เฝ้าไร่,2026-04-28,18.016482542390364,103.3130269442388,46.1625
หนองคาย,เฝ้าไร่,2026-04-29,18.016482542390364,103.3130269442388,34.65083333333333
หนองคาย,เฝ้าไร่,2026-04-30,18.016482542390364,103.3130269442388,28.912499999999998
หนองคาย,โพธิ์ตาก,2026-04-01,17.877944141751428,102.40866398465887,86.97565217391305
หนองคาย,โพธิ์ตาก,2026-04-02,17.877944141751428,102.40866398465886,83.12583333333333
หนองคาย,โพธิ์ตาก,2026-04-03,17.877944141751428,102.40866398465886,79.35166666666667
หนองคาย,โพธิ์ตาก,2026-04-04,17.877944141751428,102.40866398465886,91.03958333333333
หนองคาย,โพธิ์ตาก,2026-04-05,17.877944141751428,102.40866398465886,117.02708333333334
หนองคาย,โพธิ์ตาก,2026-04-06,17.877944141751428,102.40866398465886,117.31833333333333
หนองคาย,โพธิ์ตาก,2026-04-07,17.877944141751428,102.40866398465886,97.0475
หนองคาย,โพธิ์ตาก,2026-04-08,17.877944141751428,102.40866398465886,78.045
หนองคาย,โพธิ์ตาก,2026-04-09,17.877944141751428,102.40866398465886,69.315
หนองคาย,โพธิ์ตาก,2026-04-10,17.877944141751428,102.40866398465886,66.83333333333333
หนองคาย,โพธิ์ตาก,2026-04-11,17.877944141751428,102.40866398465886,85.50916666666667
หนองคาย,โพธิ์ตาก,2026-04-12,17.877944141751428,102.40866398465886,77.06833333333334
หนองคาย,โพธิ์ตาก,2026-04-13,17.877944141751428,102.40866398465886,100.38499999999999
หนองคาย,โพธิ์ตาก,2026-04-14,17.877944141751428,102.40866398465886,87.94083333333333
หนองคาย,โพธิ์ตาก,2026-04-15,17.877944141751428,102.40866398465886,102.34666666666668
หนองคาย,โพธิ์ตาก,2026-04-16,17.877944141751428,102.40866398465886,100.41875
หนองคาย,โพธิ์ตาก,2026-04-17,17.877944141751428,102.40866398465886,146.73666666666665
หนองคาย,โพธิ์ตาก,2026-04-18,17.877944141751428,102.40866398465886,87.62166666666667
หนองคาย,โพธิ์ตาก,2026-04-19,17.877944141751428,102.40866398465886,61.415416666666665
หนองคาย,โพธิ์ตาก,2026-04-20,17.877944141751428,102.40866398465886,48.88291666666667
หนองคาย,โพธิ์ตาก,2026-04-21,17.877944141751428,102.40866398465886,51.87041666666667
หนองคาย,โพธิ์ตาก,2026-04-22,17.877944141751428,102.40866398465886,63.142500000000005
หนองคาย,โพธิ์ตาก,2026-04-23,17.877944141751428,102.40866398465886,66.37541666666667
หนองคาย,โพธิ์ตาก,2026-04-24,17.877944141751428,102.40866398465886,33.65291666666666
หนองคาย,โพธิ์ตาก,2026-04-25,17.877944141751428,102.40866398465886,20.79263157894737
อุดรธานี,กุมภวาปี,2026-04-01,17.16096108010861,102.93207396628306,55.27717391304348
อุดรธานี,กุมภวาปี,2026-04-02,17.16096108010861,102.93207396628306,53.090833333333336
อุดรธานี,กุมภวาปี,2026-04-03,17.16096108010861,102.93207396628306,50.82
อุดรธานี,กุมภวาปี,2026-04-04,17.16096108010861,102.93207396628306,64.0425
อุดรธานี,กุมภวาปี,2026-04-05,17.16096108010861,102.93207396628306,68.0775
อุดรธานี,กุมภวาปี,2026-04-06,17.16096108010861,102.93207396628306,62.61875
อุดรธานี,กุมภวาปี,2026-04-07,17.16096108010861,102.93207396628306,63.990833333333335
อุดรธานี,กุมภวาปี,2026-04-08,17.16096108010861,102.93207396628306,62.740833333333335
อุดรธานี,กุมภวาปี,2026-04-09,17.16096108010861,102.93207396628306,63.83166666666667
อุดรธานี,กุมภวาปี,2026-04-10,17.16096108010861,102.93207396628306,64.38833333333334
อุดรธานี,กุมภวาปี,2026-04-11,17.16096108010861,102.93207396628306,58.870000000000005
อุดรธานี,กุมภวาปี,2026-04-12,17.16096108010861,102.93207396628306,64.205
อุดรธานี,กุมภวาปี,2026-04-13,17.16096108010861,102.93207396628306,56.50541666666667
อุดรธานี,กุมภวาปี,2026-04-14,17.16096108010861,102.93207396628306,50.28062499999999
อุดรธานี,กุมภวาปี,2026-04-15,17.16096108010861,102.93207396628306,52.22645833333333
อุดรธานี,กุมภวาปี,2026-04-16,17.16096108010861,102.93207396628306,56.15291666666667
อุดรธานี,กุมภวาปี,2026-04-17,17.16096108010861,102.93207396628306,57.21541666666667
อุดรธานี,กุมภวาปี,2026-04-18,17.16096108010861,102.93207396628306,49.630208333333336
อุดรธานี,กุมภวาปี,2026-04-19,17.16096108010861,102.93207396628306,49.081250000000004
อุดรธานี,กุมภวาปี,2026-04-20,17.16096108010861,102.93207396628306,38.661458333333336
อุดรธานี,กุมภวาปี,2026-04-21,17.16096108010861,102.93207396628306,48.002916666666664
อุดรธานี,กุมภวาปี,2026-04-22,17.16096108010861,102.93207396628306,45.26625000000001
อุดรธานี,กุมภวาปี,2026-04-23,17.16096108010861,102.93207396628306,49.90166666666667
อุดรธานี,กุมภวาปี,2026-04-24,17.16096108010861,102.93207396628306,28.267291666666665
อุดรธานี,กุมภวาปี,2026-04-25,17.16096108010861,102.93207396628306,15.998333333333333
อุดรธานี,กุมภวาปี,2026-04-26,17.160961080108613,102.93207396628306,29.49681818181818
อุดรธานี,กุมภวาปี,2026-04-27,17.16096108010861,102.93207396628306,33.38854166666667
อุดรธานี,กุมภวาปี,2026-04-28,17.16096108010861,102.93207396628306,28.962500000000002
อุดรธานี,กุมภวาปี,2026-04-29,17.16096108010861,102.93207396628306,28.012291666666666
อุดรธานี,กุมภวาปี,2026-04-30,17.1602292561062,102.93280990036567,14.46111111111111
อุดรธานี,ทุ่งฝน,2026-04-01,17.5193302,103.2303011,70.93285714285715
อุดรธานี,ทุ่งฝน,2026-04-21,17.5193302,103.2303011,47.43
อุดรธานี,ทุ่งฝน,2026-04-22,17.5193302,103.2303011,49.51846153846154
อุดรธานี,น้ำโสม,2026-04-01,17.763742575957448,102.22797501702127,43.50127659574468
อุดรธานี,น้ำโสม,2026-04-02,17.763945045,102.2272283,39.64083333333333
อุดรธานี,น้ำโสม,2026-04-03,17.763310642,102.22956801333333,38.69
อุดรธานี,น้ำโสม,2026-04-04,17.763945045,102.2272283,35.943333333333335
อุดรธานี,น้ำโสม,2026-04-05,17.7591870225,102.24477615,30.5796875
อุดรธานี,น้ำโสม,2026-04-06,17.757710394827583,102.25022203448276,26.42241379310345
อุดรธานี,น้ำโสม,2026-04-07,17.763079949999998,102.23041881818182,33.2025
อุดรธานี,น้ำโสม,2026-04-08,17.754429,102.26232399999999,13.703333333333333
อุดรธานี,น้ำโสม,2026-04-09,17.755190283599998,102.259516344,11.8552
อุดรธานี,น้ำโสม,2026-04-10,17.762320354390244,102.23322024878048,21.019268292682927
อุดรธานี,น้ำโสม,2026-04-11,17.763079949999998,102.23041881818182,22.554318181818182
อุดรธานี,น้ำโสม,2026-04-12,17.754429,102.26232399999999,17.27875
อุดรธานี,น้ำโสม,2026-04-13,17.7591870225,102.24477615,24.51375
อุดรธานี,น้ำโสม,2026-04-14,17.763079949999998,102.23041881818182,29.148636363636363
อุดรธานี,น้ำโสม,2026-04-15,17.762442511578946,102.2327697263158,28.734210526315792
อุดรธานี,น้ำโสม,2026-04-16,17.754429,102.26232399999999,12.3275
อุดรธานี,น้ำโสม,2026-04-17,17.754429,102.26232399999999,17.711666666666666
อุดรธานี,น้ำโสม,2026-04-18,17.7591870225,102.24477615,24.466875
อุดรธานี,น้ำโสม,2026-04-19,17.763945045,102.2272283,27.33083333333333
อุดรธานี,น้ำโสม,2026-04-20,17.763945045,102.2272283,21.908749999999998
อุดรธานี,น้ำโสม,2026-04-21,17.763531303913044,102.2287542,21.827826086956524
อุดรธานี,น้ำโสม,2026-04-22,17.763310642,102.22956801333333,25.761555555555557
อุดรธานี,น้ำโสม,2026-04-23,17.763945045,102.2272283,30.320208333333337
อุดรธานี,น้ำโสม,2026-04-24,17.763945045,102.2272283,13.806875
อุดรธานี,น้ำโสม,2026-04-25,17.763079949999998,102.23041881818182,8.933409090909091
อุดรธานี,น้ำโสม,2026-04-26,17.760376528125,102.2403891875,7.79
อุดรธานี,น้ำโสม,2026-04-27,17.763945045,102.2272283,18.638749999999998
อุดรธานี,น้ำโสม,2026-04-28,17.763742575957448,102.22797501702127,23.66
อุดรธานี,น้ำโสม,2026-04-29,17.763945045,102.2272283,17.712500000000002
อุดรธานี,น้ำโสม,2026-04-30,17.763079949999998,102.23041881818182,16.035454545454545
อุดรธานี,หนองแสง,2026-04-10,17.182177,102.771861,18.0
อุดรธานี,หนองแสง,2026-04-21,17.182177,102.771861,40.193999999999996
อุดรธานี,หนองแสง,2026-04-22,17.182177,102.77186099999999,45.282
อุดรธานี,หนองแสง,2026-04-23,17.182177,102.771861,45.38733333333333
อุดรธานี,หนองแสง,2026-04-24,17.182177,102.771861,34.079375
อุดรธานี,หนองแสง,2026-04-27,17.182177,102.77186100000002,33.19857142857143
อุดรธานี,หนองแสง,2026-04-28,17.182177,102.77186100000002,35.10857142857143
อุดรธานี,หนองแสง,2026-04-29,17.182177,102.771861,32.26166666666666
อุดรธานี,หนองแสง,2026-04-30,17.182177,102.77186099999999,15.472173913043479
อุตรดิตถ์,ตรอน,2026-04-01,17.445823,100.14283999999999,82.08478260869565
อุตรดิตถ์,ตรอน,2026-04-02,17.445823,100.14284000000002,83.06833333333333
อุตรดิตถ์,ตรอน,2026-04-03,17.445823,100.14284,67.31857142857143
อุตรดิตถ์,ตรอน,2026-04-04,17.445823,100.14284000000002,62.57416666666666
อุตรดิตถ์,ตรอน,2026-04-05,17.445823,100.14284,106.77125
อุตรดิตถ์,ตรอน,2026-04-06,17.445823,100.14284,53.338
อุตรดิตถ์,ตรอน,2026-04-07,17.445823,100.14284000000002,78.41708333333334
อุตรดิตถ์,ตรอน,2026-04-08,17.445823,100.14284,51.323157894736845
อุตรดิตถ์,ตรอน,2026-04-09,17.445823,100.14284,24.25357142857143
อุตรดิตถ์,ตรอน,2026-04-10,17.445823,100.14284,49.01352941176471
อุตรดิตถ์,ตรอน,2026-04-11,17.445823,100.14284000000002,49.19708333333333
อุตรดิตถ์,ตรอน,2026-04-12,17.445823,100.14284000000002,55.315
อุตรดิตถ์,ตรอน,2026-04-13,17.445823,100.14284000000002,63.49375
อุตรดิตถ์,ตรอน,2026-04-14,17.445823,100.14284,58.617
อุตรดิตถ์,ตรอน,2026-04-15,17.445823,100.14283999999999,57.55130434782609
อุตรดิตถ์,ตรอน,2026-04-16,17.445823,100.14284000000002,49.505833333333335
อุตรดิตถ์,ตรอน,2026-04-17,17.445823,100.14283999999999,74.88181818181819
อุตรดิตถ์,ตรอน,2026-04-18,17.445823,100.14284000000002,59.6575
อุตรดิตถ์,ตรอน,2026-04-19,17.445823,100.14284000000002,75.15708333333333
อุตรดิตถ์,ตรอน,2026-04-20,17.445823,100.14284,110.54499999999999
อุตรดิตถ์,ตรอน,2026-04-25,17.445823,100.14283999999999,33.055454545454545
อุตรดิตถ์,ตรอน,2026-04-26,17.445823,100.14283999999999,30.123636363636365
อุตรดิตถ์,ตรอน,2026-04-27,17.445823,100.14284000000002,33.25333333333334
อุตรดิตถ์,ตรอน,2026-04-28,17.445823,100.14283999999999,29.074347826086957
อุตรดิตถ์,ตรอน,2026-04-29,17.445823,100.14284000000002,23.2975
อุตรดิตถ์,ตรอน,2026-04-30,17.445823,100.14284000000002,30.26875
อุตรดิตถ์,ทองแสนขัน,2026-04-01,17.468114,100.33743,65.94130434782609
อุตรดิตถ์,ทองแสนขัน,2026-04-02,17.468114,100.33743,60.4375
อุตรดิตถ์,ทองแสนขัน,2026-04-03,17.468114,100.33743,38.10952380952381
อุตรดิตถ์,ทองแสนขัน,2026-04-04,17.468114,100.33743,38.17916666666667
อุตรดิตถ์,ทองแสนขัน,2026-04-05,17.468114,100.33743,47.42125
อุตรดิตถ์,ทองแสนขัน,2026-04-06,17.468114,100.33743,36.842
อุตรดิตถ์,ทองแสนขัน,2026-04-07,17.468114,100.33743,42.867916666666666
อุตรดิตถ์,ทองแสนขัน,2026-04-08,17.468114,100.33743,34.98083333333333
อุตรดิตถ์,ทองแสนขัน,2026-04-09,17.468114,100.33743,15.365625
อุตรดิตถ์,ทองแสนขัน,2026-04-10,17.468114,100.33743,19.373529411764707
อุตรดิตถ์,ทองแสนขัน,2026-04-11,17.468114,100.33743,29.916666666666668
อุตรดิตถ์,ทองแสนขัน,2026-04-12,17.468114,100.33743,39.579166666666666
อุตรดิตถ์,ทองแสนขัน,2026-04-13,17.468114,100.33743,37.544583333333335
อุตรดิตถ์,ทองแสนขัน,2026-04-14,17.468114,100.33743,33.0455
อุตรดิตถ์,ทองแสนขัน,2026-04-15,17.468114,100.33743,38.40217391304348
อุตรดิตถ์,ทองแสนขัน,2026-04-16,17.468114,100.33743,40.27458333333333
อุตรดิตถ์,ทองแสนขัน,2026-04-17,17.468114,100.33743,56.49545454545455
อุตรดิตถ์,ทองแสนขัน,2026-04-18,17.468114,100.33743,34.352916666666665
อุตรดิตถ์,ทองแสนขัน,2026-04-19,17.468114,100.33743,35.86875
อุตรดิตถ์,ทองแสนขัน,2026-04-20,17.468114,100.33743,27.945000000000004
อุตรดิตถ์,ทองแสนขัน,2026-04-21,17.468114,100.33743,28.47304347826087
อุตรดิตถ์,ทองแสนขัน,2026-04-22,17.468114,100.33743,32.24190476190476
อุตรดิตถ์,ทองแสนขัน,2026-04-23,17.468114,100.33743,30.448333333333334
อุตรดิตถ์,ทองแสนขัน,2026-04-24,17.468114,100.33743,23.407083333333333
อุตรดิตถ์,ทองแสนขัน,2026-04-25,17.468114,100.33743,17.22
อุตรดิตถ์,ทองแสนขัน,2026-04-26,17.468114,100.33743,13.643181818181818
อุตรดิตถ์,ทองแสนขัน,2026-04-27,17.468114,100.33743,16.505
อุตรดิตถ์,ทองแสนขัน,2026-04-28,17.468114,100.33743,18.0
อุตรดิตถ์,ท่าปลา,2026-04-01,17.794358,100.376708,84.75
อุตรดิตถ์,ท่าปลา,2026-04-02,17.794358,100.376708,79.71
อุตรดิตถ์,ท่าปลา,2026-04-07,17.794358,100.376708,87.56888888888889
อุตรดิตถ์,ท่าปลา,2026-04-08,17.794358,100.376708,239.21833333333333
อุตรดิตถ์,ท่าปลา,2026-04-09,17.794358,100.376708,204.83
อุตรดิตถ์,ท่าปลา,2026-04-10,17.794358,100.376708,37.938
อุตรดิตถ์,ท่าปลา,2026-04-11,17.794358,100.376708,95.317
อุตรดิตถ์,ท่าปลา,2026-04-12,17.794358,100.376708,87.93875
อุตรดิตถ์,ท่าปลา,2026-04-13,17.794358,100.376708,86.37266666666666
อุตรดิตถ์,ท่าปลา,2026-04-14,17.794358,100.376708,60.830000000000005
อุตรดิตถ์,ท่าปลา,2026-04-15,17.794358,100.376708,87.15478260869565
อุตรดิตถ์,ท่าปลา,2026-04-16,17.794358,100.376708,102.28684210526316
อุตรดิตถ์,ท่าปลา,2026-04-17,17.794358,100.376708,156.204
อุตรดิตถ์,ท่าปลา,2026-04-20,17.794358,100.376708,67.79666666666667
อุตรดิตถ์,ท่าปลา,2026-04-21,17.794358,100.376708,53.495000000000005
อุตรดิตถ์,ท่าปลา,2026-04-22,17.794358,100.376708,46.55
อุตรดิตถ์,ท่าปลา,2026-04-23,17.794358,100.376708,49.717
อุตรดิตถ์,ท่าปลา,2026-04-24,17.794358,100.376708,33.83
อุตรดิตถ์,ฟากท่า,2026-04-01,18.003028470578386,100.88328877419808,96.60434782608696
อุตรดิตถ์,ฟากท่า,2026-04-02,18.003028470578386,100.88328877419808,91.43124999999999
อุตรดิตถ์,ฟากท่า,2026-04-03,18.003028470578386,100.88328877419806,77.46761904761904
อุตรดิตถ์,ฟากท่า,2026-04-04,18.003028470578386,100.88328877419808,76.99208333333333
อุตรดิตถ์,ฟากท่า,2026-04-05,18.003028470578386,100.88328877419808,79.0625
อุตรดิตถ์,ฟากท่า,2026-04-06,18.003028470578386,100.88328877419808,41.682
อุตรดิตถ์,ฟากท่า,2026-04-07,18.003028470578386,100.88328877419808,49.681666666666665
อุตรดิตถ์,ฟากท่า,2026-04-08,18.003028470578386,100.88328877419808,47.15875
อุตรดิตถ์,ฟากท่า,2026-04-09,18.003028470578386,100.88328877419808,24.51125
อุตรดิตถ์,ฟากท่า,2026-04-10,18.003028470578386,100.88328877419808,29.68470588235294
อุตรดิตถ์,ฟากท่า,2026-04-11,18.003028470578386,100.88328877419808,49.132083333333334
อุตรดิตถ์,ฟากท่า,2026-04-12,18.003028470578386,100.88328877419808,64.20416666666667
อุตรดิตถ์,ฟากท่า,2026-04-13,18.003028470578386,100.88328877419808,57.55458333333333
อุตรดิตถ์,ฟากท่า,2026-04-14,18.003028470578386,100.88328877419808,45.665
อุตรดิตถ์,ฟากท่า,2026-04-15,18.003028470578386,100.88328877419808,51.82130434782609
อุตรดิตถ์,ฟากท่า,2026-04-16,18.003028470578386,100.88328877419808,60.93125
อุตรดิตถ์,ฟากท่า,2026-04-17,18.003028470578386,100.88328877419808,72.15454545454546
อุตรดิตถ์,ฟากท่า,2026-04-18,18.003028470578386,100.88328877419808,60.68083333333333
อุตรดิตถ์,ฟากท่า,2026-04-19,18.003028470578386,100.88328877419808,68.00363636363636
อุตรดิตถ์,ฟากท่า,2026-04-20,18.003028470578386,100.88328877419808,32.39875
อุตรดิตถ์,ฟากท่า,2026-04-21,18.003028470578386,100.88328877419808,37.302608695652175
อุตรดิตถ์,ฟากท่า,2026-04-22,18.003028470578386,100.88328877419806,38.829047619047614
อุตรดิตถ์,ฟากท่า,2026-04-23,18.003028470578386,100.88328877419808,31.930000000000003
อุตรดิตถ์,ฟากท่า,2026-04-24,18.003028470578386,100.88328877419808,25.385882352941177
อุตรดิตถ์,ฟากท่า,2026-04-25,18.003028470578386,100.88328877419808,12.889583333333334
อุตรดิตถ์,ฟากท่า,2026-04-26,18.003028470578386,100.88328877419808,16.4375
อุตรดิตถ์,ฟากท่า,2026-04-27,18.003028470578386,100.88328877419808,14.103333333333333
อุตรดิตถ์,ฟากท่า,2026-04-28,18.003028470578386,100.88328877419808,12.775555555555556
อุตรดิตถ์,ฟากท่า,2026-04-29,18.003028470578386,100.88328877419808,13.09875
อุตรดิตถ์,ฟากท่า,2026-04-30,18.003028470578386,100.88328877419808,9.93125
อุทัยธานี,ทัพทัน,2026-04-01,15.478781800000002,99.81941555000002,48.36304347826086
อุทัยธานี,ทัพทัน,2026-04-02,15.4787818,99.81941554999999,39.46041666666667
อุทัยธานี,ทัพทัน,2026-04-03,15.4787818,99.81941554999999,33.87166666666666
อุทัยธานี,ทัพทัน,2026-04-04,15.4787818,99.81941554999999,44.885416666666664
อุทัยธานี,ทัพทัน,2026-04-05,15.4787818,99.81941554999999,58.242916666666666
อุทัยธานี,ทัพทัน,2026-04-06,15.4787818,99.81941554999999,54.487500000000004
อุทัยธานี,ทัพทัน,2026-04-07,15.4787818,99.81941554999999,42.01208333333333
อุทัยธานี,ทัพทัน,2026-04-08,15.477991412765958,99.8184112,64.19297872340425
อุทัยธานี,ทัพทัน,2026-04-09,15.4787818,99.81941554999999,44.29958333333334
อุทัยธานี,ทัพทัน,2026-04-10,15.478781800000002,99.81941555000002,39.09173913043478
อุทัยธานี,ทัพทัน,2026-04-11,15.4787818,99.81941554999999,37.83895833333333
อุทัยธานี,ทัพทัน,2026-04-12,15.4787818,99.81941554999999,49.105625
อุทัยธานี,ทัพทัน,2026-04-13,15.4787818,99.81941554999999,39.22541666666667
อุทัยธานี,ทัพทัน,2026-04-14,15.4787818,99.81941554999999,39.36666666666667
อุทัยธานี,ทัพทัน,2026-04-15,15.4787818,99.81941554999999,48.16708333333333
อุทัยธานี,ทัพทัน,2026-04-16,15.4787818,99.81941554999999,43.04916666666667
อุทัยธานี,ทัพทัน,2026-04-17,15.4787818,99.81941554999999,46.732708333333335
อุทัยธานี,ทัพทัน,2026-04-18,15.4787818,99.81941554999999,49.29020833333333
อุทัยธานี,ทัพทัน,2026-04-19,15.4787818,99.81941554999999,48.822916666666664
อุทัยธานี,ทัพทัน,2026-04-20,15.4787818,99.81941554999999,36.765208333333334
อุทัยธานี,ทัพทัน,2026-04-21,15.4787818,99.81941554999999,42.071875
อุทัยธานี,ทัพทัน,2026-04-22,15.4787818,99.81941554999999,46.509166666666665
อุทัยธานี,ทัพทัน,2026-04-23,15.4787818,99.81941554999999,37.855
อุทัยธานี,ทัพทัน,2026-04-24,15.4787818,99.81941554999999,35.75020833333333
อุทัยธานี,ทัพทัน,2026-04-25,15.4787818,99.81941554999999,25.235
อุทัยธานี,ทัพทัน,2026-04-26,15.4787818,99.81941555000002,27.138636363636362
อุทัยธานี,ทัพทัน,2026-04-27,15.4787818,99.81941554999999,24.949166666666667
อุทัยธานี,ทัพทัน,2026-04-28,15.4787818,99.81941554999999,20.048333333333332
อุทัยธานี,ทัพทัน,2026-04-29,15.4787818,99.81941554999999,23.97375
อุทัยธานี,ทัพทัน,2026-04-30,15.4787818,99.81941554999999,25.42833333333333
อุทัยธานี,บ้านไร่,2026-04-01,15.110988884342861,99.61744516964997,52.51967391304348
อุทัยธานี,บ้านไร่,2026-04-02,15.110988884342861,99.61744516964995,44.26802083333333
อุทัยธานี,บ้านไร่,2026-04-03,15.110988884342861,99.61744516964995,39.6634375
อุทัยธานี,บ้านไร่,2026-04-04,15.110988884342861,99.61744516964995,51.13197916666667
อุทัยธานี,บ้านไร่,2026-04-05,15.110988884342861,99.61744516964995,63.7565625
อุทัยธานี,บ้านไร่,2026-04-06,15.110988884342861,99.61744516964995,69.73718749999999
อุทัยธานี,บ้านไร่,2026-04-07,15.10895420319263,99.62076143318706,56.026881720430104
อุทัยธานี,บ้านไร่,2026-04-08,15.110988884342861,99.61744516964995,85.66739583333333
อุทัยธานี,บ้านไร่,2026-04-09,15.110988884342861,99.61744516964995,67.02541666666666
อุทัยธานี,บ้านไร่,2026-04-10,15.110988884342861,99.61744516964995,59.015625
อุทัยธานี,บ้านไร่,2026-04-11,15.110988884342861,99.61744516964995,73.4440625
อุทัยธานี,บ้านไร่,2026-04-12,15.110988884342861,99.61744516964995,57.50885416666667
อุทัยธานี,บ้านไร่,2026-04-13,15.110988884342861,99.61744516964995,54.485729166666665
อุทัยธานี,บ้านไร่,2026-04-14,15.110988884342861,99.61744516964995,45.4075
อุทัยธานี,บ้านไร่,2026-04-15,15.110988884342861,99.61744516964995,57.194895833333334
อุทัยธานี,บ้านไร่,2026-04-16,15.110988884342861,99.61744516964995,54.539375
อุทัยธานี,บ้านไร่,2026-04-17,15.110988884342861,99.61744516964995,56.80322916666666
อุทัยธานี,บ้านไร่,2026-04-18,15.110988884342861,99.61744516964995,50.72625
อุทัยธานี,บ้านไร่,2026-04-19,15.110988884342861,99.61744516964995,51.72802083333334
อุทัยธานี,บ้านไร่,2026-04-20,15.110988884342861,99.61744516964995,45.01739583333333
อุทัยธานี,บ้านไร่,2026-04-21,15.110988884342861,99.61744516964995,50.266354166666666
อุทัยธานี,บ้านไร่,2026-04-22,15.110988884342861,99.61744516964995,49.53302083333333
อุทัยธานี,บ้านไร่,2026-04-23,15.110988884342861,99.61744516964995,40.92583333333334
อุทัยธานี,บ้านไร่,2026-04-24,15.110988884342861,99.61744516964995,37.5775
อุทัยธานี,บ้านไร่,2026-04-25,15.110988884342861,99.61744516964995,24.28697916666667
อุทัยธานี,บ้านไร่,2026-04-26,15.110988884342861,99.61744516964995,34.57306818181818
อุทัยธานี,บ้านไร่,2026-04-27,15.121783347156345,99.61917449759994,25.572921348314605
อุทัยธานี,บ้านไร่,2026-04-28,15.121783347156345,99.61917449759994,26.977078651685392
อุทัยธานี,บ้านไร่,2026-04-29,15.110988884342861,99.61744516964995,27.90041666666667
อุทัยธานี,บ้านไร่,2026-04-30,15.110988884342861,99.61744516964995,28.3990625
อุทัยธานี,ลานสัก,2026-04-01,15.496027,99.54807899999999,46.62708333333333
อุทัยธานี,ลานสัก,2026-04-02,15.496027,99.54807899999999,38.01208333333333
อุทัยธานี,ลานสัก,2026-04-03,15.496027,99.54807899999999,26.72083333333333
อุทัยธานี,ลานสัก,2026-04-04,15.496027,99.54807899999999,31.57166666666667
อุทัยธานี,ลานสัก,2026-04-05,15.496027,99.54807899999999,42.66458333333333
อุทัยธานี,ลานสัก,2026-04-06,15.496027,99.54807899999999,49.06666666666666
อุทัยธานี,ลานสัก,2026-04-07,15.496027,99.54807899999999,26.62375
อุทัยธานี,ลานสัก,2026-04-08,15.496027,99.54807899999999,39.05125
อุทัยธานี,ลานสัก,2026-04-09,15.496027,99.54807899999999,38.26541666666667
อุทัยธานี,ลานสัก,2026-04-10,15.496027,99.54807899999999,28.02208333333333
อุทัยธานี,ลานสัก,2026-04-11,15.496027,99.54807899999999,29.89125
อุทัยธานี,ลานสัก,2026-04-12,15.496027,99.54807899999999,33.541666666666664
อุทัยธานี,ลานสัก,2026-04-13,15.496027,99.54807899999999,37.583333333333336
อุทัยธานี,ลานสัก,2026-04-14,15.496027,99.54807899999999,30.56833333333333
อุทัยธานี,ลานสัก,2026-04-15,15.496027,99.54807899999999,41.57083333333333
อุทัยธานี,ลานสัก,2026-04-16,15.496027,99.54807899999999,41.03041666666667
อุทัยธานี,ลานสัก,2026-04-17,15.496027,99.54807899999999,40.77333333333333
อุทัยธานี,ลานสัก,2026-04-18,15.496027,99.54807899999999,31.011666666666667
อุทัยธานี,ลานสัก,2026-04-19,15.496027,99.54807899999999,24.6375
อุทัยธานี,ลานสัก,2026-04-20,15.496027,99.54807899999999,23.46166666666667
อุทัยธานี,ลานสัก,2026-04-21,15.496027,99.54807899999999,25.722916666666666
อุทัยธานี,ลานสัก,2026-04-22,15.496027,99.54807899999999,21.503333333333334
อุทัยธานี,ลานสัก,2026-04-23,15.496027,99.54807899999999,17.75375
อุทัยธานี,ลานสัก,2026-04-24,15.496027,99.54807899999999,23.340416666666666
อุทัยธานี,ลานสัก,2026-04-25,15.496027,99.54807899999999,10.349583333333333
อุทัยธานี,ลานสัก,2026-04-26,15.496027,99.548079,16.420454545454547
อุทัยธานี,ลานสัก,2026-04-27,15.496027,99.54807899999999,12.703333333333333
อุทัยธานี,ลานสัก,2026-04-28,15.496027,99.54807899999999,10.205
อุทัยธานี,ลานสัก,2026-04-29,15.496027,99.54807899999999,10.40375
อุทัยธานี,ลานสัก,2026-04-30,15.496027,99.54807899999999,10.232916666666666
อุทัยธานี,สว่างอารมณ์,2026-04-01,15.57819,99.862732,85.76458333333333
อุทัยธานี,สว่างอารมณ์,2026-04-02,15.57819,99.862732,62.971666666666664
อุทัยธานี,สว่างอารมณ์,2026-04-03,15.57819,99.862732,50.275
อุทัยธานี,สว่างอารมณ์,2026-04-04,15.57819,99.862732,72.39125
อุทัยธานี,สว่างอารมณ์,2026-04-05,15.57819,99.862732,102.11625
อุทัยธานี,สว่างอารมณ์,2026-04-06,15.57819,99.862732,92.9225
อุทัยธานี,สว่างอารมณ์,2026-04-07,15.57819,99.862732,61.451249999999995
อุทัยธานี,สว่างอารมณ์,2026-04-08,15.57819,99.862732,98.32541666666667
อุทัยธานี,สว่างอารมณ์,2026-04-09,15.57819,99.862732,72.73083333333334
อุทัยธานี,สว่างอารมณ์,2026-04-10,15.57819,99.862732,68.98791666666666
อุทัยธานี,สว่างอารมณ์,2026-04-11,15.57819,99.862732,66.05333333333333
อุทัยธานี,สว่างอารมณ์,2026-04-12,15.57819,99.862732,74.14999999999999
อุทัยธานี,สว่างอารมณ์,2026-04-13,15.57819,99.862732,62.07208333333333
อุทัยธานี,สว่างอารมณ์,2026-04-14,15.57819,99.862732,64.4875
อุทัยธานี,สว่างอารมณ์,2026-04-15,15.57819,99.862732,75.9875
อุทัยธานี,สว่างอารมณ์,2026-04-16,15.57819,99.862732,73.02958333333333
อุทัยธานี,สว่างอารมณ์,2026-04-17,15.57819,99.862732,79.53125
อุทัยธานี,สว่างอารมณ์,2026-04-18,15.57819,99.862732,86.90333333333332
อุทัยธานี,สว่างอารมณ์,2026-04-19,15.57819,99.862732,81.77291666666666
อุทัยธานี,สว่างอารมณ์,2026-04-20,15.57819,99.862732,56.93208333333334
อุทัยธานี,สว่างอารมณ์,2026-04-21,15.57819,99.862732,66.43958333333333
อุทัยธานี,สว่างอารมณ์,2026-04-22,15.57819,99.862732,76.91041666666666
อุทัยธานี,สว่างอารมณ์,2026-04-23,15.57819,99.862732,57.015833333333326
อุทัยธานี,สว่างอารมณ์,2026-04-24,15.57819,99.862732,56.474583333333335
อุทัยธานี,สว่างอารมณ์,2026-04-25,15.57819,99.862732,38.38708333333333
อุทัยธานี,สว่างอารมณ์,2026-04-26,15.57819,99.862732,43.73681818181819
อุทัยธานี,สว่างอารมณ์,2026-04-27,15.57819,99.862732,38.658750000000005
อุทัยธานี,สว่างอารมณ์,2026-04-28,15.57819,99.862732,27.673333333333332
อุทัยธานี,สว่างอารมณ์,2026-04-29,15.57819,99.862732,31.938333333333333
อุทัยธานี,สว่างอารมณ์,2026-04-30,15.57819,99.862732,38.983333333333334
อุทัยธานี,หนองขาหย่าง,2026-04-01,15.353488560000002,99.95917847,42.53130434782609
อุทัยธานี,หนองขาหย่าง,2026-04-02,15.35348856,99.95917847,37.393750000000004
อุทัยธานี,หนองขาหย่าง,2026-04-03,15.353144656,99.96107790533333,32.82377777777778
อุทัยธานี,หนองขาหย่าง,2026-04-04,15.35348856,99.95917847,41.78395833333333
อุทัยธานี,หนองขาหย่าง,2026-04-05,15.35090928,99.973424235,49.5259375
อุทัยธานี,หนองขาหย่าง,2026-04-06,15.350108813793103,99.97784533448275,60.028965517241375
อุทัยธานี,หนองขาหย่าง,2026-04-07,15.35348856,99.95917847,47.92541666666667
อุทัยธานี,หนองขาหย่าง,2026-04-08,15.35348856,99.95917847,59.95791666666667
อุทัยธานี,หนองขาหย่าง,2026-04-09,15.352456848,99.964876776,43.71325
อุทัยธานี,หนองขาหย่าง,2026-04-10,15.352607830243903,99.96404287756097,38.35926829268293
อุทัยธานี,หนองขาหย่าง,2026-04-11,15.35348856,99.95917847,42.65083333333333
อุทัยธานี,หนองขาหย่าง,2026-04-12,15.35348856,99.95917847,40.75770833333333
อุทัยธานี,หนองขาหย่าง,2026-04-13,15.35348856,99.95917847,36.72270833333334
อุทัยธานี,หนองขาหย่าง,2026-04-14,15.3530196,99.96176860909091,38.37613636363636
อุทัยธานี,หนองขาหย่าง,2026-04-15,15.353378803404256,99.95978467276595,45.112978723404254
อุทัยธานี,หนองขาหย่าง,2026-04-16,15.35348856,99.95917847,43.50958333333333
อุทัยธานี,หนองขาหย่าง,2026-04-17,15.353264274782608,99.96041723217391,46.551086956521736
อุทัยธานี,หนองขาหย่าง,2026-04-18,15.35348856,99.95917847,46.291875000000005
อุทัยธานี,หนองขาหย่าง,2026-04-19,15.35348856,99.95917847,46.2425
อุทัยธานี,หนองขาหย่าง,2026-04-20,15.35348856,99.95917847,34.79291666666666
อุทัยธานี,หนองขาหย่าง,2026-04-21,15.353378803404256,99.95978467276595,41.07255319148936
อุทัยธานี,หนองขาหย่าง,2026-04-22,15.353144656,99.96107790533333,46.394
อุทัยธานี,หนองขาหย่าง,2026-04-23,15.35348856,99.95917847,37.52458333333333
อุทัยธานี,หนองขาหย่าง,2026-04-24,15.35348856,99.95917847,34.951458333333335
อุทัยธานี,หนองขาหย่าง,2026-04-25,15.35348856,99.95917847,29.365416666666665
อุทัยธานี,หนองขาหย่าง,2026-04-26,15.35348856,99.95917847,31.6875
อุทัยธานี,หนองขาหย่าง,2026-04-27,15.354369289756098,99.95431406243902,27.528048780487808
อุทัยธานี,หนองขาหย่าง,2026-04-28,15.354414455384614,99.95406460564102,33.316153846153846
อุทัยธานี,หนองขาหย่าง,2026-04-29,15.35348856,99.95917847,30.702291666666667
อุทัยธานี,หนองขาหย่าง,2026-04-30,15.35348856,99.95917847,29.9425
อุทัยธานี,หนองฉาง,2026-04-01,15.361782300000002,99.70643749999999,64.59673913043478
อุทัยธานี,หนองฉาง,2026-04-02,15.3617823,99.70643749999999,53.88645833333334
อุทัยธานี,หนองฉาง,2026-04-03,15.3617823,99.70643749999999,47.56625
อุทัยธานี,หนองฉาง,2026-04-04,15.3617823,99.70643749999999,56.10458333333333
อุทัยธานี,หนองฉาง,2026-04-05,15.3617823,99.70643749999999,69.575625
อุทัยธานี,หนองฉาง,2026-04-06,15.3617823,99.70643749999999,62.954791666666665
อุทัยธานี,หนองฉาง,2026-04-07,15.3617823,99.70643749999999,64.24125
อุทัยธานี,หนองฉาง,2026-04-08,15.3617823,99.70643749999999,83.373125
อุทัยธานี,หนองฉาง,2026-04-09,15.3617823,99.70643749999999,56.128125000000004
อุทัยธานี,หนองฉาง,2026-04-10,15.3617823,99.70643749999999,52.298125
อุทัยธานี,หนองฉาง,2026-04-11,15.3617823,99.70643749999999,63.28854166666667
อุทัยธานี,หนองฉาง,2026-04-12,15.3617823,99.70643749999999,70.16291666666667
อุทัยธานี,หนองฉาง,2026-04-13,15.3617823,99.70643749999999,55.505833333333335
อุทัยธานี,หนองฉาง,2026-04-14,15.3617823,99.70643749999999,53.680625
อุทัยธานี,หนองฉาง,2026-04-15,15.3617823,99.70643749999999,65.24583333333334
อุทัยธานี,หนองฉาง,2026-04-16,15.3617823,99.70643749999999,61.1025
อุทัยธานี,หนองฉาง,2026-04-17,15.3617823,99.70643749999999,63.16770833333334
อุทัยธานี,หนองฉาง,2026-04-18,15.3617823,99.70643749999999,70.08979166666667
อุทัยธานี,หนองฉาง,2026-04-19,15.3617823,99.70643749999999,80.14979166666667
อุทัยธานี,หนองฉาง,2026-04-20,15.3617823,99.70643749999999,49.021458333333335
อุทัยธานี,หนองฉาง,2026-04-21,15.3617823,99.70643749999999,62.99770833333333
อุทัยธานี,หนองฉาง,2026-04-22,15.3617823,99.70643749999999,79.60625
อุทัยธานี,หนองฉาง,2026-04-23,15.3617823,99.70643749999999,52.35
อุทัยธานี,หนองฉาง,2026-04-24,15.3617823,99.70643749999999,45.79916666666667
อุทัยธานี,หนองฉาง,2026-04-25,15.3617823,99.70643749999999,32.05645833333333
อุทัยธานี,หนองฉาง,2026-04-26,15.3617823,99.70643749999999,40.19772727272727
อุทัยธานี,หนองฉาง,2026-04-27,15.3617823,99.70643749999999,32.912083333333335
อุทัยธานี,หนองฉาง,2026-04-28,15.3617823,99.70643749999999,33.808125
อุทัยธานี,หนองฉาง,2026-04-29,15.3617823,99.70643749999999,39.274791666666665
อุทัยธานี,หนองฉาง,2026-04-30,15.3617823,99.70643749999999,33.66583333333333
อุทัยธานี,ห้วยคต,2026-04-01,15.344556999999998,99.533531,63.86086956521739
อุทัยธานี,ห้วยคต,2026-04-02,15.344557,99.533531,59.9775
อุทัยธานี,ห้วยคต,2026-04-03,15.344557,99.533531,51.962916666666665
อุทัยธานี,ห้วยคต,2026-04-04,15.344557,99.533531,67.82708333333333
อุทัยธานี,ห้วยคต,2026-04-05,15.344557,99.533531,83.46166666666666
อุทัยธานี,ห้วยคต,2026-04-06,15.344557,99.533531,91.8125
อุทัยธานี,ห้วยคต,2026-04-07,15.344557,99.533531,85.87833333333333
อุทัยธานี,ห้วยคต,2026-04-08,15.344557,99.533531,87.66666666666667
อุทัยธานี,ห้วยคต,2026-04-09,15.344557,99.533531,84.48833333333333
อุทัยธานี,ห้วยคต,2026-04-10,15.344557,99.533531,78.33916666666666
อุทัยธานี,ห้วยคต,2026-04-11,15.344557,99.533531,79.31458333333333
อุทัยธานี,ห้วยคต,2026-04-12,15.3420770688,99.53648955679999,71.1688
อุทัยธานี,ห้วยคต,2026-04-13,15.344557,99.533531,88.69958333333334
อุทัยธานี,ห้วยคต,2026-04-14,15.344557,99.533531,78.03
อุทัยธานี,ห้วยคต,2026-04-15,15.344557,99.533531,87.06375000000001
อุทัยธานี,ห้วยคต,2026-04-16,15.322773820540542,99.55951832324324,74.85405405405405
อุทัยธานี,ห้วยคต,2026-04-17,15.314905648695653,99.56890504869564,67.04391304347826
อุทัยธานี,ห้วยคต,2026-04-18,15.313557860000001,99.57051295999999,52.36041666666667
อุทัยธานี,ห้วยคต,2026-04-19,15.313557860000001,99.57051295999999,49.640416666666674
อุทัยธานี,ห้วยคต,2026-04-20,15.313557860000001,99.57051295999999,42.7425
อุทัยธานี,ห้วยคต,2026-04-21,15.314217416170214,99.56972610978723,43.70106382978723
อุทัยธานี,ห้วยคต,2026-04-22,15.315624469333335,99.568047496,43.178
อุทัยธานี,ห้วยคต,2026-04-23,15.313557860000001,99.57051295999999,37.921875
อุทัยธานี,ห้วยคต,2026-04-24,15.307358032000002,99.57790935199999,33.322
อุทัยธานี,ห้วยคต,2026-04-25,15.305400191578949,99.58024505473684,16.95736842105263
อุทัยธานี,ห้วยคต,2026-04-26,15.301933182500001,99.58438119499999,31.6053125
อุทัยธานี,ห้วยคต,2026-04-27,15.313557860000001,99.57051295999999,23.809583333333332
อุทัยธานี,ห้วยคต,2026-04-28,15.314217416170214,99.56972610978723,22.692978723404256
อุทัยธานี,ห้วยคต,2026-04-29,15.313557860000001,99.57051295999999,25.126666666666665
อุทัยธานี,ห้วยคต,2026-04-30,15.313557860000001,99.57051295999999,22.669375000000002
อุทัยธานี,เมือง,2026-04-01,15.40440220296405,100.0256866797675,34.79391304347826
อุทัยธานี,เมือง,2026-04-02,15.40440220296405,100.0256866797675,27.82229166666667
อุทัยธานี,เมือง,2026-04-03,15.40440220296405,100.0256866797675,26.699791666666666
อุทัยธานี,เมือง,2026-04-04,15.40440220296405,100.0256866797675,31.575625
อุทัยธานี,เมือง,2026-04-05,15.40440220296405,100.0256866797675,36.3675
อุทัยธานี,เมือง,2026-04-06,15.40440220296405,100.0256866797675,35.64875
อุทัยธานี,เมือง,2026-04-07,15.40440220296405,100.0256866797675,31.578125
อุทัยธานี,เมือง,2026-04-08,15.40440220296405,100.0256866797675,39.188125
อุทัยธานี,เมือง,2026-04-09,15.415190192701896,100.0241245393194,31.619756097560977
อุทัยธานี,เมือง,2026-04-10,15.41703956237124,100.02385674381401,30.6955
อุทัยธานี,เมือง,2026-04-11,15.40440220296405,100.0256866797675,29.70958333333333
อุทัยธานี,เมือง,2026-04-12,15.40440220296405,100.0256866797675,27.513958333333335
อุทัยธานี,เมือง,2026-04-13,15.40440220296405,100.0256866797675,25.56041666666667
อุทัยธานี,เมือง,2026-04-14,15.40440220296405,100.0256866797675,25.815833333333334
อุทัยธานี,เมือง,2026-04-15,15.40440220296405,100.0256866797675,32.33895833333333
อุทัยธานี,เมือง,2026-04-16,15.40440220296405,100.0256866797675,31.026041666666668
อุทัยธานี,เมือง,2026-04-17,15.40440220296405,100.0256866797675,28.183125
อุทัยธานี,เมือง,2026-04-18,15.40440220296405,100.0256866797675,31.99145833333333
อุทัยธานี,เมือง,2026-04-19,15.40440220296405,100.0256866797675,32.39604166666667
อุทัยธานี,เมือง,2026-04-20,15.40440220296405,100.0256866797675,28.768124999999998
อุทัยธานี,เมือง,2026-04-21,15.40440220296405,100.0256866797675,32.005
อุทัยธานี,เมือง,2026-04-22,15.40440220296405,100.0256866797675,29.702916666666667
อุทัยธานี,เมือง,2026-04-23,15.40440220296405,100.0256866797675,24.45375
อุทัยธานี,เมือง,2026-04-24,15.40440220296405,100.0256866797675,24.82104166666667
อุทัยธานี,เมือง,2026-04-25,15.40440220296405,100.0256866797675,16.040833333333335
อุทัยธานี,เมือง,2026-04-26,15.404402202964052,100.02568667976749,23.52227272727273
อุทัยธานี,เมือง,2026-04-27,15.40440220296405,100.0256866797675,17.763125
อุทัยธานี,เมือง,2026-04-28,15.40440220296405,100.0256866797675,12.32125
อุทัยธานี,เมือง,2026-04-29,15.40440220296405,100.0256866797675,14.589999999999998
อุทัยธานี,เมือง,2026-04-30,15.40440220296405,100.0256866797675,15.627083333333333
อุบลราชธานี,ตระการพืชผล,2026-04-01,15.612925699999998,105.0218675,28.976470588235294
อุบลราชธานี,ตระการพืชผล,2026-04-02,15.6129257,105.0218675,36.24826086956522
อุบลราชธานี,ตระการพืชผล,2026-04-03,15.612925700000002,105.0218675,35.26538461538461
อุบลราชธานี,ตระการพืชผล,2026-04-04,15.612925700000002,105.0218675,27.75076923076923
อุบลราชธานี,ตระการพืชผล,2026-04-05,15.6129257,105.0218675,39.142857142857146
อุบลราชธานี,ตระการพืชผล,2026-04-06,15.6129257,105.02186750000001,28.656
อุบลราชธานี,ตระการพืชผล,2026-04-07,15.6129257,105.0218675,21.985
อุบลราชธานี,ตระการพืชผล,2026-04-08,15.6129257,105.0218675,24.45818181818182
อุบลราชธานี,ตระการพืชผล,2026-04-09,15.6129257,105.0218675,22.001875
อุบลราชธานี,ตระการพืชผล,2026-04-10,15.612925699999998,105.0218675,18.77235294117647
อุบลราชธานี,ตระการพืชผล,2026-04-11,15.6129257,105.0218675,23.395263157894735
อุบลราชธานี,ตระการพืชผล,2026-04-12,15.6129257,105.02186749999998,22.613333333333333
อุบลราชธานี,ตระการพืชผล,2026-04-13,15.6129257,105.0218675,25.645000000000003
อุบลราชธานี,ตระการพืชผล,2026-04-14,15.6129257,105.0218675,22.003684210526316
อุบลราชธานี,ตระการพืชผล,2026-04-15,15.612925699999998,105.0218675,24.84058823529412
อุบลราชธานี,ตระการพืชผล,2026-04-16,15.6129257,105.0218675,21.457894736842103
อุบลราชธานี,ตระการพืชผล,2026-04-17,15.6129257,105.0218675,24.426315789473687
อุบลราชธานี,ตระการพืชผล,2026-04-18,15.6129257,105.0218675,20.920416666666664
อุบลราชธานี,ตระการพืชผล,2026-04-19,15.6129257,105.02186749999998,20.286190476190477
อุบลราชธานี,ตระการพืชผล,2026-04-20,15.6129257,105.02186750000001,20.0855
อุบลราชธานี,ตระการพืชผล,2026-04-21,15.612925699999998,105.0218675,23.81888888888889
อุบลราชธานี,ตระการพืชผล,2026-04-22,15.6129257,105.0218675,24.175625
อุบลราชธานี,ตระการพืชผล,2026-04-23,15.6129257,105.02186749999998,27.076190476190476
อุบลราชธานี,ตระการพืชผล,2026-04-24,15.6129257,105.0218675,22.69090909090909
อุบลราชธานี,ตระการพืชผล,2026-04-25,15.612925699999998,105.0218675,13.388235294117647
อุบลราชธานี,ตระการพืชผล,2026-04-26,15.6129257,105.0218675,14.862631578947367
อุบลราชธานี,ตระการพืชผล,2026-04-27,15.6129257,105.0218675,17.329565217391302
อุบลราชธานี,ตระการพืชผล,2026-04-28,15.612925699999998,105.0218675,11.31235294117647
อุบลราชธานี,ตระการพืชผล,2026-04-29,15.6129257,105.0218675,15.818695652173913
อุบลราชธานี,ตระการพืชผล,2026-04-30,15.6129257,105.0218675,5.0112499999999995
อุบลราชธานี,ตาลสุม,2026-04-08,15.36962396,105.1700281,44.54846153846154
อุบลราชธานี,ตาลสุม,2026-04-09,15.36962396,105.1700281,47.515
อุบลราชธานี,ตาลสุม,2026-04-10,15.36962396,105.1700281,52.99
อุบลราชธานี,ตาลสุม,2026-04-15,15.36962396,105.1700281,47.30888888888889
อุบลราชธานี,ตาลสุม,2026-04-16,15.36962396,105.1700281,44.47375
อุบลราชธานี,ตาลสุม,2026-04-17,15.36962396,105.1700281,52.26272727272727
อุบลราชธานี,ตาลสุม,2026-04-18,15.36962396,105.17002810000001,40.37166666666666
อุบลราชธานี,ตาลสุม,2026-04-19,15.36962396,105.1700281,44.81066666666666
อุบลราชธานี,ตาลสุม,2026-04-21,15.36962396,105.1700281,90.82
อุบลราชธานี,ตาลสุม,2026-04-22,15.369623959999998,105.17002810000001,64.07714285714285
อุบลราชธานี,ตาลสุม,2026-04-23,15.36962396,105.17002810000001,64.4225
อุบลราชธานี,ตาลสุม,2026-04-24,15.36962396,105.17002810000001,55.48041666666666
อุบลราชธานี,ตาลสุม,2026-04-25,15.36962396,105.17002810000001,50.96666666666667
อุบลราชธานี,ตาลสุม,2026-04-26,15.36962396,105.1700281,47.056363636363635
อุบลราชธานี,ตาลสุม,2026-04-27,15.36962396,105.1700281,34.65
อุบลราชธานี,น้ำขุ่น,2026-04-01,14.58278,104.92501000000001,46.94304347826087
อุบลราชธานี,น้ำขุ่น,2026-04-02,14.58278,104.92501,53.099583333333335
อุบลราชธานี,น้ำขุ่น,2026-04-03,14.58278,104.92501,54.989583333333336
อุบลราชธานี,น้ำขุ่น,2026-04-04,14.58278,104.92501,49.24
อุบลราชธานี,น้ำขุ่น,2026-04-05,14.58278,104.92501,49.09458333333333
อุบลราชธานี,น้ำขุ่น,2026-04-06,14.58278,104.92501,49.04208333333333
อุบลราชธานี,น้ำขุ่น,2026-04-07,14.58278,104.92501,41.239583333333336
อุบลราชธานี,น้ำขุ่น,2026-04-08,14.58278,104.92501,45.30916666666667
อุบลราชธานี,น้ำขุ่น,2026-04-09,14.58278,104.92501,52.694583333333334
อุบลราชธานี,น้ำขุ่น,2026-04-10,14.58278,104.92501,49.298750000000005
อุบลราชธานี,น้ำขุ่น,2026-04-11,14.58278,104.92501,48.055
อุบลราชธานี,น้ำขุ่น,2026-04-12,14.58278,104.92501,54.586666666666666
อุบลราชธานี,น้ำขุ่น,2026-04-13,14.58278,104.92501,69.51208333333334
อุบลราชธานี,น้ำขุ่น,2026-04-14,14.58278,104.92501,57.58166666666667
อุบลราชธานี,น้ำขุ่น,2026-04-15,14.58278,104.92501,51.58625
อุบลราชธานี,น้ำขุ่น,2026-04-16,14.58278,104.92501,42.95166666666666
อุบลราชธานี,น้ำขุ่น,2026-04-17,14.58278,104.92501,46.209583333333335
อุบลราชธานี,น้ำขุ่น,2026-04-18,14.58278,104.92501,39.16958333333333
อุบลราชธานี,น้ำขุ่น,2026-04-19,14.58278,104.92501,44.877916666666664
อุบลราชธานี,น้ำขุ่น,2026-04-20,14.58278,104.92501,34.8225
อุบลราชธานี,น้ำขุ่น,2026-04-21,14.58278,104.92501,39.8675
อุบลราชธานี,น้ำขุ่น,2026-04-22,14.58278,104.92501,45.13291666666667
อุบลราชธานี,น้ำขุ่น,2026-04-23,14.58278,104.92501,47.01208333333333
อุบลราชธานี,น้ำขุ่น,2026-04-24,14.58278,104.92501,51.5825
อุบลราชธานี,น้ำขุ่น,2026-04-25,14.58278,104.92501,58.9575
อุบลราชธานี,น้ำขุ่น,2026-04-26,14.582779999999998,104.92500999999999,44.42363636363637
อุบลราชธานี,น้ำขุ่น,2026-04-27,14.58278,104.92501,40.59125
อุบลราชธานี,น้ำขุ่น,2026-04-28,14.58278,104.92501,40.0
อุบลราชธานี,น้ำขุ่น,2026-04-29,14.58278,104.92501,35.2725
อุบลราชธานี,น้ำขุ่น,2026-04-30,14.58278,104.92501,35.67041666666667
อุบลราชธานี,พิบูลมังสาหาร,2026-04-01,15.246131309999999,105.2282465,36.45913043478261
อุบลราชธานี,พิบูลมังสาหาร,2026-04-02,15.24613131,105.2282465,38.6575
อุบลราชธานี,พิบูลมังสาหาร,2026-04-03,15.24613131,105.2282465,39.13095238095238
อุบลราชธานี,พิบูลมังสาหาร,2026-04-04,15.24613131,105.2282465,42.126666666666665
อุบลราชธานี,พิบูลมังสาหาร,2026-04-06,15.24613131,105.2282465,36.598
อุบลราชธานี,พิบูลมังสาหาร,2026-04-07,15.24613131,105.2282465,32.555416666666666
อุบลราชธานี,พิบูลมังสาหาร,2026-04-08,15.24613131,105.2282465,37.07833333333333
อุบลราชธานี,พิบูลมังสาหาร,2026-04-09,15.24613131,105.2282465,34.795625
อุบลราชธานี,พิบูลมังสาหาร,2026-04-10,15.246131309999999,105.2282465,30.43470588235294
อุบลราชธานี,พิบูลมังสาหาร,2026-04-11,15.24613131,105.2282465,32.75666666666667
อุบลราชธานี,พิบูลมังสาหาร,2026-04-12,15.24613131,105.2282465,36.85
อุบลราชธานี,พิบูลมังสาหาร,2026-04-13,15.24613131,105.2282465,39.240833333333335
อุบลราชธานี,พิบูลมังสาหาร,2026-04-14,15.24613131,105.2282465,34.1725
อุบลราชธานี,พิบูลมังสาหาร,2026-04-15,15.246131309999999,105.2282465,39.13173913043478
อุบลราชธานี,พิบูลมังสาหาร,2026-04-16,15.24613131,105.2282465,36.24166666666667
อุบลราชธานี,พิบูลมังสาหาร,2026-04-17,15.24613131,105.2282465,41.120555555555555
อุบลราชธานี,พิบูลมังสาหาร,2026-04-18,15.24613131,105.2282465,28.53708333333333
อุบลราชธานี,พิบูลมังสาหาร,2026-04-19,15.24613131,105.2282465,27.272499999999997
อุบลราชธานี,พิบูลมังสาหาร,2026-04-20,15.246131310000003,105.22824650000001,28.78818181818182
อุบลราชธานี,พิบูลมังสาหาร,2026-04-21,15.24613131,105.2282465,35.110625
อุบลราชธานี,พิบูลมังสาหาร,2026-04-22,15.24613131,105.2282465,37.43523809523809
อุบลราชธานี,พิบูลมังสาหาร,2026-04-23,15.24613131,105.2282465,37.85166666666667
อุบลราชธานี,พิบูลมังสาหาร,2026-04-24,15.24613131,105.2282465,37.22875
อุบลราชธานี,พิบูลมังสาหาร,2026-04-25,15.24613131,105.2282465,36.816250000000004
อุบลราชธานี,พิบูลมังสาหาร,2026-04-26,15.246131310000003,105.22824650000001,28.79181818181818
อุบลราชธานี,พิบูลมังสาหาร,2026-04-27,15.24613131,105.2282465,22.171666666666667
อุบลราชธานี,พิบูลมังสาหาร,2026-04-28,15.246131309999999,105.2282465,17.286956521739132
อุบลราชธานี,พิบูลมังสาหาร,2026-04-29,15.24613131,105.2282465,13.384166666666667
อุบลราชธานี,พิบูลมังสาหาร,2026-04-30,15.24613131,105.2282465,10.647916666666665
อุบลราชธานี,ศรีเมืองใหม่,2026-04-01,15.499088827472201,105.27735770732302,52.67999999999999
อุบลราชธานี,ศรีเมืองใหม่,2026-04-02,15.4990888274722,105.27735770732299,55.78380952380952
อุบลราชธานี,ศรีเมืองใหม่,2026-04-03,15.4990888274722,105.277357707323,57.03409090909091
อุบลราชธานี,ศรีเมืองใหม่,2026-04-04,15.499088827472201,105.27735770732302,52.725
อุบลราชธานี,ศรีเมืองใหม่,2026-04-05,15.4990888274722,105.277357707323,55.35
อุบลราชธานี,ศรีเมืองใหม่,2026-04-06,15.499088827472201,105.27735770732302,51.188
อุบลราชธานี,ศรีเมืองใหม่,2026-04-07,15.4990888274722,105.277357707323,41.23318181818182
อุบลราชธานี,ศรีเมืองใหม่,2026-04-08,15.4990888274722,105.27735770732299,53.924285714285716
อุบลราชธานี,ศรีเมืองใหม่,2026-04-09,15.4990888274722,105.27735770732299,52.892380952380954
อุบลราชธานี,ศรีเมืองใหม่,2026-04-10,15.4990888274722,105.27735770732299,47.14142857142857
อุบลราชธานี,ศรีเมืองใหม่,2026-04-11,15.4990888274722,105.277357707323,46.17041666666666
อุบลราชธานี,ศรีเมืองใหม่,2026-04-12,15.499088827472201,105.27735770732302,44.0575
อุบลราชธานี,ศรีเมืองใหม่,2026-04-13,15.499088827472201,105.27735770732302,51.128
อุบลราชธานี,ศรีเมืองใหม่,2026-04-14,15.499088827472201,105.27735770732302,52.5465
อุบลราชธานี,ศรีเมืองใหม่,2026-04-15,15.4990888274722,105.27735770732299,49.558571428571426
อุบลราชธานี,ศรีเมืองใหม่,2026-04-16,15.499088827472201,105.27735770732302,48.249
อุบลราชธานี,ศรีเมืองใหม่,2026-04-17,15.4990888274722,105.27735770732299,51.23714285714286
อุบลราชธานี,ศรีเมืองใหม่,2026-04-18,15.499088827472201,105.27735770732302,39.265
อุบลราชธานี,ศรีเมืองใหม่,2026-04-19,15.499088827472201,105.27735770732302,36.685500000000005
อุบลราชธานี,ศรีเมืองใหม่,2026-04-20,15.499088827472201,105.27735770732302,40.5095
อุบลราชธานี,ศรีเมืองใหม่,2026-04-21,15.4990888274722,105.27735770732299,56.71190476190476
อุบลราชธานี,ศรีเมืองใหม่,2026-04-22,15.499088827472201,105.27735770732302,57.6915
อุบลราชธานี,ศรีเมืองใหม่,2026-04-23,15.4990888274722,105.27735770732299,55.462857142857146
อุบลราชธานี,ศรีเมืองใหม่,2026-04-24,15.4990888274722,105.27735770732299,41.92761904761905
อุบลราชธานี,ศรีเมืองใหม่,2026-04-25,15.4990888274722,105.27735770732299,37.343333333333334
อุบลราชธานี,ศรีเมืองใหม่,2026-04-26,15.4990888274722,105.277357707323,35.77166666666667
อุบลราชธานี,ศรีเมืองใหม่,2026-04-27,15.4990888274722,105.277357707323,40.08208333333334
อุบลราชธานี,ศรีเมืองใหม่,2026-04-28,15.499088827472201,105.27735770732302,18.304499999999997
อุบลราชธานี,ศรีเมืองใหม่,2026-04-29,15.4990888274722,105.27735770732299,27.092380952380957
อุบลราชธานี,ศรีเมืองใหม่,2026-04-30,15.4990888274722,105.27735770732299,16.006666666666668
อุบลราชธานี,สำโรง,2026-04-01,15.0276,104.77432,46.037083333333335
อุบลราชธานี,สำโรง,2026-04-02,15.0276,104.77432,53.775
อุบลราชธานี,สำโรง,2026-04-03,15.0276,104.77432,50.45416666666667
อุบลราชธานี,สำโรง,2026-04-04,15.0276,104.77432,47.51083333333333
อุบลราชธานี,สำโรง,2026-04-05,15.0276,104.77432,43.90708333333333
อุบลราชธานี,สำโรง,2026-04-06,15.0276,104.77432,41.54333333333333
อุบลราชธานี,สำโรง,2026-04-07,15.0276,104.77432,31.529583333333335
อุบลราชธานี,สำโรง,2026-04-08,15.0276,104.77432,37.67208333333333
อุบลราชธานี,สำโรง,2026-04-09,15.0276,104.77432,38.407916666666665
อุบลราชธานี,สำโรง,2026-04-10,15.0276,104.77432,34.7175
อุบลราชธานี,สำโรง,2026-04-11,15.0276,104.77432,34.7925
อุบลราชธานี,สำโรง,2026-04-12,15.0276,104.77432,33.77833333333333
อุบลราชธานี,สำโรง,2026-04-13,15.0276,104.77432,46.7175
อุบลราชธานี,สำโรง,2026-04-14,15.0276,104.77432,45.620000000000005
อุบลราชธานี,สำโรง,2026-04-15,15.0276,104.77432,40.17583333333334
อุบลราชธานี,สำโรง,2026-04-16,15.0276,104.77432,39.972500000000004
อุบลราชธานี,สำโรง,2026-04-17,15.0276,104.77432,45.995000000000005
อุบลราชธานี,สำโรง,2026-04-18,15.0276,104.77432,41.566250000000004
อุบลราชธานี,สำโรง,2026-04-19,15.0276,104.77432,34.96041666666667
อุบลราชธานี,สำโรง,2026-04-20,15.0276,104.77432,36.589999999999996
อุบลราชธานี,สำโรง,2026-04-21,15.0276,104.77432,40.6725
อุบลราชธานี,สำโรง,2026-04-22,15.0276,104.77432,48.413333333333334
อุบลราชธานี,สำโรง,2026-04-23,15.0276,104.77432,57.80875
อุบลราชธานี,สำโรง,2026-04-24,15.0276,104.77432,42.03625
อุบลราชธานี,สำโรง,2026-04-25,15.0276,104.77432,49.39416666666667
อุบลราชธานี,สำโรง,2026-04-26,15.0276,104.77432,43.78181818181818
อุบลราชธานี,สำโรง,2026-04-27,15.0276,104.77432,37.295833333333334
อุบลราชธานี,สำโรง,2026-04-28,15.0276,104.77432,28.583333333333332
อุบลราชธานี,สำโรง,2026-04-29,15.0276,104.77432,30.36666666666667
อุบลราชธานี,สำโรง,2026-04-30,15.0276,104.77432,29.285
อุบลราชธานี,เขมราฐ,2026-04-01,16.039477153917,105.21248755506201,53.9204347826087
อุบลราชธานี,เขมราฐ,2026-04-02,16.039477153917,105.212487555062,69.85791666666667
อุบลราชธานี,เขมราฐ,2026-04-03,16.039477153917,105.212487555062,62.11875
อุบลราชธานี,เขมราฐ,2026-04-04,16.039477153917,105.212487555062,54.63708333333333
อุบลราชธานี,เขมราฐ,2026-04-05,16.039477153917,105.212487555062,60.64458333333334
อุบลราชธานี,เขมราฐ,2026-04-06,16.039477153917,105.212487555062,57.57083333333333
อุบลราชธานี,เขมราฐ,2026-04-07,16.039477153917,105.212487555062,49.810833333333335
อุบลราชธานี,เขมราฐ,2026-04-08,16.039477153917,105.212487555062,52.647083333333335
อุบลราชธานี,เขมราฐ,2026-04-09,16.039477153917,105.212487555062,56.030833333333334
อุบลราชธานี,เขมราฐ,2026-04-10,16.039477153917,105.212487555062,46.88458333333333
อุบลราชธานี,เขมราฐ,2026-04-11,16.039477153917,105.212487555062,48.3675
อุบลราชธานี,เขมราฐ,2026-04-12,16.039477153917,105.212487555062,56.78375
อุบลราชธานี,เขมราฐ,2026-04-13,16.039477153917,105.212487555062,60.99791666666667
อุบลราชธานี,เขมราฐ,2026-04-14,16.039477153917,105.212487555062,54.73708333333334
อุบลราชธานี,เขมราฐ,2026-04-15,16.039477153917,105.212487555062,53.41291666666667
อุบลราชธานี,เขมราฐ,2026-04-16,16.039477153917,105.212487555062,50.72833333333333
อุบลราชธานี,เขมราฐ,2026-04-17,16.039477153917,105.212487555062,57.336666666666666
อุบลราชธานี,เขมราฐ,2026-04-18,16.039477153917,105.212487555062,48.4925
อุบลราชธานี,เขมราฐ,2026-04-19,16.039477153917,105.212487555062,47.355
อุบลราชธานี,เขมราฐ,2026-04-20,16.039477153917,105.212487555062,49.21625
อุบลราชธานี,เขมราฐ,2026-04-21,16.039477153917,105.212487555062,65.81583333333333
อุบลราชธานี,เขมราฐ,2026-04-22,16.039477153917,105.212487555062,67.365
อุบลราชธานี,เขมราฐ,2026-04-23,16.039477153917,105.212487555062,58.56458333333333
อุบลราชธานี,เขมราฐ,2026-04-24,16.039477153917,105.212487555062,43.19208333333333
อุบลราชธานี,เขมราฐ,2026-04-25,16.039477153917,105.212487555062,33.235416666666666
อุบลราชธานี,เขมราฐ,2026-04-26,16.039477153917,105.212487555062,38.01227272727272
อุบลราชธานี,เขมราฐ,2026-04-27,16.039477153917,105.212487555062,33.910833333333336
อุบลราชธานี,เขมราฐ,2026-04-28,16.039477153917,105.212487555062,19.399583333333332
อุบลราชธานี,เขมราฐ,2026-04-29,16.039477153917,105.212487555062,28.655416666666667
อุบลราชธานี,เขมราฐ,2026-04-30,16.039477153917,105.212487555062,17.839166666666667
อุบลราชธานี,เขื่องใน,2026-04-01,15.386510999999999,104.559506,18.237391304347828
อุบลราชธานี,เขื่องใน,2026-04-02,15.386511,104.559506,26.881249999999998
อุบลราชธานี,เขื่องใน,2026-04-03,15.386511,104.559506,23.873333333333335
อุบลราชธานี,เขื่องใน,2026-04-04,15.386511,104.559506,17.485
อุบลราชธานี,เขื่องใน,2026-04-05,15.386511,104.559506,18.8775
อุบลราชธานี,เขื่องใน,2026-04-06,15.386511,104.559506,19.328333333333333
อุบลราชธานี,เขื่องใน,2026-04-07,15.386511,104.559506,12.08
อุบลราชธานี,เขื่องใน,2026-04-08,15.386511,104.559506,15.34125
อุบลราชธานี,เขื่องใน,2026-04-09,15.386511,104.559506,17.615
อุบลราชธานี,เขื่องใน,2026-04-10,15.386511,104.559506,15.400833333333333
อุบลราชธานี,เขื่องใน,2026-04-11,15.386511,104.559506,13.302083333333334
อุบลราชธานี,เขื่องใน,2026-04-12,15.386511,104.559506,14.97125
อุบลราชธานี,เขื่องใน,2026-04-13,15.386511,104.559506,13.222083333333332
อุบลราชธานี,เขื่องใน,2026-04-14,15.386511,104.559506,17.8125
อุบลราชธานี,เขื่องใน,2026-04-15,15.386511,104.559506,16.019583333333333
อุบลราชธานี,เขื่องใน,2026-04-16,15.386511,104.559506,13.005
อุบลราชธานี,เขื่องใน,2026-04-17,15.386511,104.559506,18.78291666666667
อุบลราชธานี,เขื่องใน,2026-04-18,15.386511,104.559506,14.950416666666667
อุบลราชธานี,เขื่องใน,2026-04-19,15.386511,104.559506,15.194166666666668
อุบลราชธานี,เขื่องใน,2026-04-20,15.386511,104.559506,12.828333333333333
อุบลราชธานี,เขื่องใน,2026-04-21,15.386511,104.559506,12.096666666666666
อุบลราชธานี,เขื่องใน,2026-04-22,15.386511,104.559506,14.769166666666665
อุบลราชธานี,เขื่องใน,2026-04-23,15.386511,104.559506,20.635
อุบลราชธานี,เขื่องใน,2026-04-24,15.386511,104.559506,12.759583333333333
อุบลราชธานี,เขื่องใน,2026-04-25,15.386511,104.559506,19.037916666666664
อุบลราชธานี,เขื่องใน,2026-04-26,15.386511,104.559506,13.851363636363637
อุบลราชธานี,เขื่องใน,2026-04-27,15.386511,104.559506,13.965416666666668
อุบลราชธานี,เขื่องใน,2026-04-28,15.386511,104.559506,8.226818181818182
อุบลราชธานี,เขื่องใน,2026-04-29,15.386511,104.559506,9.714583333333334
อุบลราชธานี,เขื่องใน,2026-04-30,15.386511,104.559506,6.524583333333333
อุบลราชธานี,เมือง,2026-04-01,15.2994770284688,104.906740039587,49.248695652173915
อุบลราชธานี,เมือง,2026-04-02,15.2994770284688,104.906740039587,57.06875
อุบลราชธานี,เมือง,2026-04-03,15.2994770284688,104.906740039587,54.223333333333336
อุบลราชธานี,เมือง,2026-04-04,15.2994770284688,104.906740039587,46.56791666666667
อุบลราชธานี,เมือง,2026-04-05,15.2994770284688,104.90674003958699,47.7935
อุบลราชธานี,เมือง,2026-04-06,15.2994770284688,104.906740039587,46.70249999999999
อุบลราชธานี,เมือง,2026-04-07,15.2994770284688,104.906740039587,35.89454545454546
อุบลราชธานี,เมือง,2026-04-08,15.2994770284688,104.906740039587,41.36083333333334
อุบลราชธานี,เมือง,2026-04-09,15.2994770284688,104.906740039587,43.42166666666666
อุบลราชธานี,เมือง,2026-04-10,15.2994770284688,104.906740039587,38.72541666666667
อุบลราชธานี,เมือง,2026-04-11,15.2994770284688,104.906740039587,38.994166666666665
อุบลราชธานี,เมือง,2026-04-12,15.2994770284688,104.906740039587,39.25666666666667
อุบลราชธานี,เมือง,2026-04-13,15.2994770284688,104.906740039587,50.55391304347826
อุบลราชธานี,เมือง,2026-04-14,15.2994770284688,104.90674003958699,44.88
อุบลราชธานี,เมือง,2026-04-15,15.2994770284688,104.906740039587,46.23166666666666
อุบลราชธานี,เมือง,2026-04-16,15.2994770284688,104.906740039587,46.71541666666667
อุบลราชธานี,เมือง,2026-04-17,15.2994770284688,104.90674003958699,46.21333333333333
อุบลราชธานี,เมือง,2026-04-18,15.2994770284688,104.906740039587,40.95608695652174
อุบลราชธานี,เมือง,2026-04-19,15.2994770284688,104.906740039587,38.83708333333333
อุบลราชธานี,เมือง,2026-04-20,15.2994770284688,104.906740039587,35.869565217391305
อุบลราชธานี,เมือง,2026-04-21,15.2994770284688,104.906740039587,41.14666666666667
อุบลราชธานี,เมือง,2026-04-22,15.2994770284688,104.906740039587,42.77916666666667
อุบลราชธานี,เมือง,2026-04-23,15.2994770284688,104.906740039587,46.39954545454545
อุบลราชธานี,เมือง,2026-04-24,15.2994770284688,104.906740039587,44.097142857142856
อุบลราชธานี,เมือง,2026-04-25,15.2994770284688,104.906740039587,40.21411764705882
อุบลราชธานี,เมือง,2026-04-26,15.2994770284688,104.90674003958699,34.37190476190476
อุบลราชธานี,เมือง,2026-04-27,15.2994770284688,104.906740039587,35.073913043478264
อุบลราชธานี,เมือง,2026-04-28,15.2994770284688,104.906740039587,24.82045454545454
อุบลราชธานี,เมือง,2026-04-29,15.2994770284688,104.906740039587,26.705416666666665
อุบลราชธานี,เมือง,2026-04-30,15.2994770284688,104.906740039587,20.5625
อุบลราชธานี,เมืองอุบลราชธานี,2026-04-01,15.235874999999998,104.865303,49.060869565217395
อุบลราชธานี,เมืองอุบลราชธานี,2026-04-02,15.235875,104.865303,56.29333333333333
อุบลราชธานี,เมืองอุบลราชธานี,2026-04-03,15.235875,104.865303,53.5525
อุบลราชธานี,เมืองอุบลราชธานี,2026-04-04,15.235875,104.865303,45.89625
อุบลราชธานี,เมืองอุบลราชธานี,2026-04-05,15.235875,104.865303,47.32749999999999
อุบลราชธานี,เมืองอุบลราชธานี,2026-04-06,15.235875,104.865303,45.37708333333333
อุบลราชธานี,เมืองอุบลราชธานี,2026-04-07,15.235875,104.865303,34.149166666666666
อุบลราชธานี,เมืองอุบลราชธานี,2026-04-08,15.235875,104.865303,39.415
อุบลราชธานี,เมืองอุบลราชธานี,2026-04-09,15.235875,104.865303,42.32875
อุบลราชธานี,เมืองอุบลราชธานี,2026-04-10,15.235875,104.865303,37.7675
อุบลราชธานี,เมืองอุบลราชธานี,2026-04-11,15.235875,104.865303,36.524166666666666
อุบลราชธานี,เมืองอุบลราชธานี,2026-04-12,15.235875,104.865303,36.437916666666666
อุบลราชธานี,เมืองอุบลราชธานี,2026-04-13,15.235875,104.865303,48.572916666666664
อุบลราชธานี,เมืองอุบลราชธานี,2026-04-14,15.235875,104.865303,47.06125
อุบลราชธานี,เมืองอุบลราชธานี,2026-04-15,15.235875,104.865303,44.11416666666667
อุบลราชธานี,เมืองอุบลราชธานี,2026-04-16,15.235875,104.865303,42.062916666666666
อุบลราชธานี,เมืองอุบลราชธานี,2026-04-17,15.235875,104.865303,42.91041666666666
อุบลราชธานี,เมืองอุบลราชธานี,2026-04-18,15.235875,104.865303,35.94583333333333
อุบลราชธานี,เมืองอุบลราชธานี,2026-04-19,15.235875,104.865303,38.42791666666667
อุบลราชธานี,เมืองอุบลราชธานี,2026-04-20,15.235875,104.865303,35.07041666666667
อุบลราชธานี,เมืองอุบลราชธานี,2026-04-21,15.235875,104.865303,42.1925
อุบลราชธานี,เมืองอุบลราชธานี,2026-04-22,15.235875,104.865303,42.86708333333333
อุบลราชธานี,เมืองอุบลราชธานี,2026-04-23,15.235875,104.865303,52.31375
อุบลราชธานี,เมืองอุบลราชธานี,2026-04-24,15.235875,104.865303,38.902499999999996
อุบลราชธานี,เมืองอุบลราชธานี,2026-04-25,15.235875,104.865303,41.120416666666664
อุบลราชธานี,เมืองอุบลราชธานี,2026-04-26,15.235875,104.865303,38.07363636363636
อุบลราชธานี,เมืองอุบลราชธานี,2026-04-27,15.235875,104.865303,32.624583333333334
อุบลราชธานี,เมืองอุบลราชธานี,2026-04-28,15.235875,104.865303,25.823333333333334
อุบลราชธานี,เมืองอุบลราชธานี,2026-04-29,15.235875,104.865303,25.96875
อุบลราชธานี,เมืองอุบลราชธานี,2026-04-30,15.235875,104.865303,22.34166666666667
อ่างทอง,วิเศษชัยชาญ,2026-04-01,14.5932648,100.36325269999999,35.546521739130434
อ่างทอง,วิเศษชัยชาญ,2026-04-02,14.5932648,100.36325270000002,30.201666666666668
อ่างทอง,วิเศษชัยชาญ,2026-04-03,14.593247439999999,100.36434366,29.599555555555558
อ่างทอง,วิเศษชัยชาญ,2026-04-04,14.5932648,100.36325270000002,39.505
อ่างทอง,วิเศษชัยชาญ,2026-04-05,14.593134599999999,100.3714349,42.345625
อ่างทอง,วิเศษชัยชาญ,2026-04-06,14.593094193103449,100.37397420344828,38.84620689655172
อ่างทอง,วิเศษชัยชาญ,2026-04-07,14.5932648,100.36325270000002,38.163125
อ่างทอง,วิเศษชัยชาญ,2026-04-08,14.5932648,100.36325270000002,40.1725
อ่างทอง,วิเศษชัยชาญ,2026-04-09,14.59321272,100.36652558,39.76425
อ่างทอง,วิเศษชัยชาญ,2026-04-10,14.593332311111112,100.35901007777778,32.038518518518515
อ่างทอง,วิเศษชัยชาญ,2026-04-11,14.5935252,100.3468883,39.0
อ่างทอง,วิเศษชัยชาญ,2026-04-12,14.5935252,100.3468883,39.0
อ่างทอง,วิเศษชัยชาญ,2026-04-13,14.5935252,100.3468883,39.0
อ่างทอง,วิเศษชัยชาญ,2026-04-14,14.593525199999998,100.3468883,39.0
อ่างทอง,วิเศษชัยชาญ,2026-04-15,14.5935252,100.3468883,39.0
อ่างทอง,วิเศษชัยชาญ,2026-04-16,14.5935252,100.3468883,53.81583333333333
อ่างทอง,วิเศษชัยชาญ,2026-04-17,14.5935252,100.3468883,56.95409090909091
อ่างทอง,วิเศษชัยชาญ,2026-04-18,14.5935252,100.3468883,44.91791666666666
อ่างทอง,วิเศษชัยชาญ,2026-04-19,14.593342216216216,100.35838760810812,47.62108108108108
อ่างทอง,วิเศษชัยชาญ,2026-04-20,14.5932648,100.36325270000002,38.595625
อ่างทอง,วิเศษชัยชาญ,2026-04-21,14.593259259574467,100.3636008787234,44.70319148936171
อ่างทอง,วิเศษชัยชาญ,2026-04-22,14.593247439999999,100.36434366,43.58177777777778
อ่างทอง,วิเศษชัยชาญ,2026-04-23,14.5932648,100.36325270000002,39.04020833333333
อ่างทอง,วิเศษชัยชาญ,2026-04-24,14.5932648,100.36325270000002,37.52354166666667
อ่างทอง,วิเศษชัยชาญ,2026-04-25,14.5932648,100.36325270000002,33.435625
อ่างทอง,วิเศษชัยชาญ,2026-04-26,14.593264800000002,100.36325269999999,46.8125
อ่างทอง,วิเศษชัยชาญ,2026-04-27,14.59336152,100.35717449428572,42.835142857142856
อ่างทอง,วิเศษชัยชาญ,2026-04-28,14.59334664,100.35810960285714,38.23057142857143
อ่างทอง,วิเศษชัยชาญ,2026-04-29,14.5932648,100.36325270000002,38.47208333333334
อ่างทอง,วิเศษชัยชาญ,2026-04-30,14.5932648,100.36325270000002,30.566041666666667
อ่างทอง,สามโก้,2026-04-02,14.60421287,100.26167029999999,30.031739130434783
อ่างทอง,สามโก้,2026-04-03,14.60421287,100.2616703,29.71
อ่างทอง,สามโก้,2026-04-06,14.604212870000001,100.2616703,44.739999999999995
อ่างทอง,สามโก้,2026-04-07,14.60421287,100.2616703,38.82416666666666
อ่างทอง,สามโก้,2026-04-08,14.60421287,100.2616703,46.52333333333333
อ่างทอง,สามโก้,2026-04-09,14.60421287,100.2616703,42.34
อ่างทอง,สามโก้,2026-04-10,14.60421287,100.2616703,32.22
อ่างทอง,สามโก้,2026-04-16,14.60421287,100.2616703,27.22857142857143
อ่างทอง,สามโก้,2026-04-18,14.60421287,100.2616703,55.33083333333334
อ่างทอง,สามโก้,2026-04-19,14.60421287,100.2616703,47.224583333333335
อ่างทอง,สามโก้,2026-04-20,14.60421287,100.2616703,36.8425
อ่างทอง,สามโก้,2026-04-21,14.604212870000001,100.2616703,37.922000000000004
อ่างทอง,สามโก้,2026-04-23,14.60421287,100.2616703,48.36000000000001
อ่างทอง,สามโก้,2026-04-24,14.60421287,100.2616703,38.96791666666667
อ่างทอง,สามโก้,2026-04-25,14.60421287,100.2616703,34.285833333333336
อ่างทอง,สามโก้,2026-04-26,14.60421287,100.2616703,56.53181818181818
อ่างทอง,สามโก้,2026-04-27,14.60421287,100.2616703,37.20333333333333
อ่างทอง,สามโก้,2026-04-28,14.60421287,100.26167029999999,26.50521739130435
อ่างทอง,สามโก้,2026-04-29,14.60421287,100.2616703,32.67166666666667
อ่างทอง,สามโก้,2026-04-30,14.60421287,100.2616703,27.96375
อ่างทอง,เมือง,2026-04-01,14.575619975485155,100.45134537032536,33.262121212121215
อ่างทอง,เมือง,2026-04-02,14.575619975485155,100.45134537032536,30.026363636363637
อ่างทอง,เมือง,2026-04-03,14.575619975485155,100.45134537032536,28.77090909090909
อ่างทอง,เมือง,2026-04-04,14.575619975485155,100.45134537032536,33.78818181818182
อ่างทอง,เมือง,2026-04-05,14.575619975485155,100.45134537032536,42.68333333333333
อ่างทอง,เมือง,2026-04-06,14.575619975485155,100.45134537032536,41.79272727272728
อ่างทอง,เมือง,2026-04-07,14.575619975485155,100.45134537032536,40.64909090909091
อ่างทอง,เมือง,2026-04-08,14.574897490912063,100.4512829623746,45.44
อ่างทอง,เมือง,2026-04-09,14.574897490912063,100.4512829623746,42.489411764705885
อ่างทอง,เมือง,2026-04-10,14.584831653792088,100.45214107169735,31.378181818181815
อ่างทอง,เมือง,2026-04-16,14.5510555,100.4492235,33.230000000000004
อ่างทอง,เมือง,2026-04-17,14.573139908248674,100.45113114303288,43.76653846153847
อ่างทอง,เมือง,2026-04-18,14.576387615344066,100.45141167877301,46.99875
อ่างทอง,เมือง,2026-04-19,14.582233488115774,100.45191664310525,43.86346153846154
อ่างทอง,เมือง,2026-04-20,14.575619975485155,100.45134537032536,34.32272727272728
อ่างทอง,เมือง,2026-04-21,14.575597150911335,100.45733298268303,43.05577777777778
อ่างทอง,เมือง,2026-04-22,14.577490602796486,100.46198872630994,40.39944444444445
อ่างทอง,เมือง,2026-04-23,14.579372789513078,100.4585805954035,33.954358974358975
อ่างทอง,เมือง,2026-04-24,14.575619975485155,100.45134537032536,31.87787878787879
อ่างทอง,เมือง,2026-04-25,14.579008179000349,100.45163804209436,27.62206896551724
อ่างทอง,เมือง,2026-04-26,14.580778515337038,100.45179096309369,32.532
อ่างทอง,เมือง,2026-04-27,14.584831653792088,100.45214107169734,34.455416666666665
อ่างทอง,เมือง,2026-04-28,14.575619975485155,100.45134537032536,30.645151515151515
อ่างทอง,เมือง,2026-04-29,14.584831653792088,100.45214107169734,30.245833333333334
อ่างทอง,เมือง,2026-04-30,14.584831653792088,100.45214107169734,25.939166666666665
อ่างทอง,เมืองอ่างทอง,2026-04-01,14.55144161,100.4751692,28.997083333333336
อ่างทอง,เมืองอ่างทอง,2026-04-02,14.55144161,100.4751692,26.022916666666664
อ่างทอง,เมืองอ่างทอง,2026-04-03,14.55144161,100.4751692,24.959166666666665
อ่างทอง,เมืองอ่างทอง,2026-04-04,14.55144161,100.4751692,31.826666666666668
อ่างทอง,เมืองอ่างทอง,2026-04-05,14.55144161,100.4751692,37.845416666666665
อ่างทอง,เมืองอ่างทอง,2026-04-06,14.55144161,100.4751692,39.73791666666667
อ่างทอง,เมืองอ่างทอง,2026-04-07,14.55144161,100.4751692,37.860416666666666
อ่างทอง,เมืองอ่างทอง,2026-04-08,14.55144161,100.4751692,40.533750000000005
อ่างทอง,เมืองอ่างทอง,2026-04-09,14.55144161,100.4751692,38.233333333333334
อ่างทอง,เมืองอ่างทอง,2026-04-10,14.55144161,100.4751692,32.73875
อ่างทอง,เมืองอ่างทอง,2026-04-11,14.55144161,100.4751692,36.370416666666664
อ่างทอง,เมืองอ่างทอง,2026-04-12,14.55144161,100.4751692,36.402499999999996
อ่างทอง,เมืองอ่างทอง,2026-04-13,14.55144161,100.4751692,31.243750000000002
อ่างทอง,เมืองอ่างทอง,2026-04-14,14.55144161,100.4751692,37.96083333333333
อ่างทอง,เมืองอ่างทอง,2026-04-15,14.55144161,100.4751692,39.305416666666666
อ่างทอง,เมืองอ่างทอง,2026-04-16,14.55144161,100.4751692,37.00958333333333
อ่างทอง,เมืองอ่างทอง,2026-04-17,14.55144161,100.4751692,35.06666666666667
อ่างทอง,เมืองอ่างทอง,2026-04-18,14.55144161,100.4751692,43.59791666666666
อ่างทอง,เมืองอ่างทอง,2026-04-19,14.55144161,100.4751692,35.56666666666667
อ่างทอง,เมืองอ่างทอง,2026-04-20,14.55144161,100.4751692,28.68625
อ่างทอง,เมืองอ่างทอง,2026-04-21,14.55144161,100.4751692,41.37625
อ่างทอง,เมืองอ่างทอง,2026-04-22,14.55144161,100.4751692,39.40708333333333
อ่างทอง,เมืองอ่างทอง,2026-04-23,14.55144161,100.4751692,33.906666666666666
อ่างทอง,เมืองอ่างทอง,2026-04-24,14.55144161,100.4751692,25.241249999999997
อ่างทอง,เมืองอ่างทอง,2026-04-25,14.55144161,100.4751692,25.807083333333335
อ่างทอง,เมืองอ่างทอง,2026-04-26,14.55144161,100.4751692,33.199999999999996
อ่างทอง,เมืองอ่างทอง,2026-04-27,14.55144161,100.4751692,35.01083333333333
อ่างทอง,เมืองอ่างทอง,2026-04-28,14.55144161,100.4751692,25.14125
อ่างทอง,เมืองอ่างทอง,2026-04-29,14.55144161,100.4751692,26.674166666666665
อ่างทอง,เมืองอ่างทอง,2026-04-30,14.55144161,100.4751692,23.52125
อ่างทอง,แสวงหา,2026-04-01,14.745639250000002,100.3245807,40.77333333333333
อ่างทอง,แสวงหา,2026-04-02,14.74563925,100.32458070000001,31.73909090909091
อ่างทอง,แสวงหา,2026-04-03,14.74563925,100.3245807,29.34190476190476
อ่างทอง,แสวงหา,2026-04-04,14.745639250000002,100.3245807,38.237500000000004
อ่างทอง,แสวงหา,2026-04-05,14.74563925,100.3245807,35.10625
อ่างทอง,แสวงหา,2026-04-06,14.74563925,100.3245807,50.17
อ่างทอง,แสวงหา,2026-04-07,14.745639249999998,100.3245807,41.16368421052632
อ่างทอง,แสวงหา,2026-04-08,14.745639250000002,100.3245807,44.970416666666665
อ่างทอง,แสวงหา,2026-04-09,14.745639250000002,100.3245807,46.99
อ่างทอง,แสวงหา,2026-04-10,14.745639250000002,100.3245807,33.12
อ่างทอง,แสวงหา,2026-04-11,14.745639250000002,100.3245807,45.54
อ่างทอง,แสวงหา,2026-04-12,14.74563925,100.3245807,42.80695652173913
อ่างทอง,แสวงหา,2026-04-13,14.745639250000002,100.3245807,41.53333333333333
อ่างทอง,แสวงหา,2026-04-14,14.74563925,100.3245807,46.45
อ่างทอง,แสวงหา,2026-04-15,14.74563925,100.3245807,42.810434782608695
อ่างทอง,แสวงหา,2026-04-16,14.745639250000002,100.3245807,42.60708333333333
อ่างทอง,แสวงหา,2026-04-17,14.74563925,100.32458070000001,47.65409090909091
อ่างทอง,แสวงหา,2026-04-18,14.745639250000002,100.3245807,51.96875
อ่างทอง,แสวงหา,2026-04-19,14.745639250000002,100.3245807,50.15958333333333
อ่างทอง,แสวงหา,2026-04-20,14.745639250000002,100.3245807,37.12166666666666
อ่างทอง,แสวงหา,2026-04-21,14.74563925,100.3245807,55.03739130434782
อ่างทอง,แสวงหา,2026-04-22,14.74563925,100.3245807,53.99761904761905
อ่างทอง,แสวงหา,2026-04-23,14.745639250000002,100.3245807,36.27125
อ่างทอง,แสวงหา,2026-04-24,14.745639250000002,100.3245807,36.00666666666667
อ่างทอง,แสวงหา,2026-04-25,14.745639250000002,100.3245807,27.567916666666665
อ่างทอง,แสวงหา,2026-04-26,14.74563925,100.32458070000001,42.20363636363636
อ่างทอง,แสวงหา,2026-04-27,14.745639250000002,100.3245807,40.215833333333336
อ่างทอง,แสวงหา,2026-04-28,14.745639250000002,100.3245807,12.133333333333333
อ่างทอง,แสวงหา,2026-04-30,14.74563925,100.3245807,22.398000000000003
อ่างทอง,ไชโย,2026-04-01,14.67600619638505,100.46194396110079,35.434347826086956
อ่างทอง,ไชโย,2026-04-02,14.676006196385051,100.46194396110077,33.17375
อ่างทอง,ไชโย,2026-04-03,14.674230616810721,100.4630965585075,32.257777777777775
อ่างทอง,ไชโย,2026-04-04,14.676006196385051,100.46194396110077,36.303125
อ่างทอง,ไชโย,2026-04-05,14.662689349577576,100.47058844165117,52.265625
อ่างทอง,ไชโย,2026-04-06,14.658556535051119,100.47327121147715,62.8051724137931
อ่างทอง,ไชโย,2026-04-07,14.676006196385051,100.46194396110077,54.174791666666664
อ่างทอง,ไชโย,2026-04-08,14.663899972014619,100.46980257978295,59.28969696969697
อ่างทอง,ไชโย,2026-04-09,14.6493725027701,100.47923292220156,59.61208333333334
อ่างทอง,ไชโย,2026-04-10,14.6493725027701,100.47923292220156,51.76083333333333
อ่างทอง,ไชโย,2026-04-11,14.6493725027701,100.47923292220156,62.09833333333333
อ่างทอง,ไชโย,2026-04-12,14.6493725027701,100.47923292220156,57.66083333333333
อ่างทอง,ไชโย,2026-04-13,14.6493725027701,100.47923292220156,47.06916666666667
อ่างทอง,ไชโย,2026-04-14,14.6493725027701,100.47923292220156,61.26958333333334
อ่างทอง,ไชโย,2026-04-15,14.6493725027701,100.47923292220156,67.19875
อ่างทอง,ไชโย,2026-04-16,14.6493725027701,100.47923292220156,62.19625
อ่างทอง,ไชโย,2026-04-17,14.6493725027701,100.47923292220156,59.0747619047619
อ่างทอง,ไชโย,2026-04-18,14.6493725027701,100.47923292220156,69.155
อ่างทอง,ไชโย,2026-04-19,14.6493725027701,100.47923292220156,63.53791666666667
อ่างทอง,ไชโย,2026-04-20,14.6493725027701,100.47923292220156,49.53916666666667
อ่างทอง,ไชโย,2026-04-21,14.6493725027701,100.47923292220156,65.34708333333333
อ่างทอง,ไชโย,2026-04-22,14.6493725027701,100.47923292220156,68.45708333333333
อ่างทอง,ไชโย,2026-04-23,14.6493725027701,100.47923292220156,56.098333333333336
อ่างทอง,ไชโย,2026-04-24,14.6493725027701,100.47923292220156,45.19208333333333
อ่างทอง,ไชโย,2026-04-25,14.6493725027701,100.47923292220156,40.280833333333334
อ่างทอง,ไชโย,2026-04-26,14.649372502770102,100.47923292220156,48.00772727272727
อ่างทอง,ไชโย,2026-04-27,14.6493725027701,100.47923292220156,54.892500000000005
อ่างทอง,ไชโย,2026-04-28,14.6493725027701,100.47923292220156,47.5725
อ่างทอง,ไชโย,2026-04-29,14.6493725027701,100.47923292220156,43.70291666666666
อ่างทอง,ไชโย,2026-04-30,14.6493725027701,100.47923292220156,42.151666666666664
เชียงราย,ขุนตาล,2026-04-01,19.911817925597,100.29802263,108.47478260869566
เชียงราย,ขุนตาล,2026-04-02,19.911817925597,100.29802263,117.08833333333332
เชียงราย,ขุนตาล,2026-04-03,19.911817925597,100.29802263,96.55166666666666
เชียงราย,ขุนตาล,2026-04-04,19.911817925597,100.29802263,107.68624999999999
เชียงราย,ขุนตาล,2026-04-05,19.911817925597,100.29802263,104.14
เชียงราย,ขุนตาล,2026-04-06,19.911817925597,100.29802263,80.68083333333333
เชียงราย,ขุนตาล,2026-04-07,19.911817925597,100.29802263,54.85208333333333
เชียงราย,ขุนตาล,2026-04-08,19.911817925597,100.29802263,47.10541666666666
เชียงราย,ขุนตาล,2026-04-09,19.911817925597,100.29802263,62.82208333333333
เชียงราย,ขุนตาล,2026-04-10,19.911817925597,100.29802263,71.28291666666667
เชียงราย,ขุนตาล,2026-04-11,19.911817925597,100.29802263,91.625
เชียงราย,ขุนตาล,2026-04-12,19.911817925597,100.29802263,74.69041666666666
เชียงราย,ขุนตาล,2026-04-13,19.911817925597,100.29802263,106.27958333333333
เชียงราย,ขุนตาล,2026-04-14,19.911817925597,100.29802263,119.06916666666666
เชียงราย,ขุนตาล,2026-04-15,19.911817925597,100.29802263,90.45083333333334
เชียงราย,ขุนตาล,2026-04-16,19.911817925597,100.29802263,82.78375
เชียงราย,ขุนตาล,2026-04-17,19.911817925597,100.29802263,76.50541666666666
เชียงราย,ขุนตาล,2026-04-18,19.911817925597,100.29802263,100.16791666666667
เชียงราย,ขุนตาล,2026-04-19,19.911817925597,100.29802263,80.63458333333334
เชียงราย,ขุนตาล,2026-04-20,19.911817925597,100.29802263,55.02
เชียงราย,ขุนตาล,2026-04-21,19.911817925597,100.29802263,53.67958333333333
เชียงราย,ขุนตาล,2026-04-22,19.911817925597,100.29802263,47.7875
เชียงราย,ขุนตาล,2026-04-23,19.911817925597,100.29802263,34.08416666666667
เชียงราย,ขุนตาล,2026-04-24,19.911817925597,100.29802263,33.473333333333336
เชียงราย,ขุนตาล,2026-04-25,19.911817925597,100.29802263,31.05541666666667
เชียงราย,ขุนตาล,2026-04-26,19.911817925597,100.29802263,25.71409090909091
เชียงราย,ขุนตาล,2026-04-27,19.911817925597,100.29802263,21.727083333333336
เชียงราย,ขุนตาล,2026-04-28,19.911817925597,100.29802263,10.411666666666667
เชียงราย,ขุนตาล,2026-04-29,19.911817925597,100.29802263,10.462916666666667
เชียงราย,ขุนตาล,2026-04-30,19.911817925597,100.29802263,21.335416666666664
เชียงราย,ดอยหลวง,2026-04-01,20.11713,100.10946000000001,194.04217391304348
เชียงราย,ดอยหลวง,2026-04-02,20.11713,100.10946,211.8225
เชียงราย,ดอยหลวง,2026-04-03,20.11713,100.10946,192.80999999999997
เชียงราย,ดอยหลวง,2026-04-04,20.11713,100.10946,198.2891666666667
เชียงราย,ดอยหลวง,2026-04-05,20.11713,100.10946,197.48666666666668
เชียงราย,ดอยหลวง,2026-04-06,20.11713,100.10946,114.02916666666665
เชียงราย,ดอยหลวง,2026-04-07,20.11713,100.10946,83.71291666666666
เชียงราย,ดอยหลวง,2026-04-08,20.11713,100.10946,66.87166666666667
เชียงราย,ดอยหลวง,2026-04-09,20.11713,100.10946,67.71166666666666
เชียงราย,ดอยหลวง,2026-04-10,20.11713,100.10946,85.93541666666665
เชียงราย,ดอยหลวง,2026-04-11,20.11713,100.10946,94.28166666666668
เชียงราย,ดอยหลวง,2026-04-12,20.11713,100.10946,82.465
เชียงราย,ดอยหลวง,2026-04-13,20.11713,100.10946,104.97958333333332
เชียงราย,ดอยหลวง,2026-04-14,20.11713,100.10946,148.73875
เชียงราย,ดอยหลวง,2026-04-15,20.11713,100.10946,128.08333333333334
เชียงราย,ดอยหลวง,2026-04-16,20.11713,100.10946,133.27458333333334
เชียงราย,ดอยหลวง,2026-04-17,20.11713,100.10946,111.94375000000001
เชียงราย,ดอยหลวง,2026-04-18,20.11713,100.10946,142.46333333333334
เชียงราย,ดอยหลวง,2026-04-19,20.11713,100.10946,109.51791666666666
เชียงราย,ดอยหลวง,2026-04-20,20.11713,100.10946,58.20375000000001
เชียงราย,ดอยหลวง,2026-04-21,20.11713,100.10946,83.99208333333333
เชียงราย,ดอยหลวง,2026-04-22,20.11713,100.10946,84.50541666666668
เชียงราย,ดอยหลวง,2026-04-23,20.11713,100.10946,53.96
เชียงราย,ดอยหลวง,2026-04-24,20.11713,100.10946,49.27791666666667
เชียงราย,ดอยหลวง,2026-04-25,20.11713,100.10946,49.02791666666667
เชียงราย,ดอยหลวง,2026-04-26,20.11713,100.10946,39.74318181818182
เชียงราย,ดอยหลวง,2026-04-27,20.11713,100.10946,35.48458333333333
เชียงราย,ดอยหลวง,2026-04-28,20.11713,100.10946,23.569166666666664
เชียงราย,ดอยหลวง,2026-04-29,20.11713,100.10946,31.06125
เชียงราย,ดอยหลวง,2026-04-30,20.11713,100.10946,37.8525
เชียงราย,ป่าแดด,2026-04-01,19.508281732459174,99.99097574602813,166.1036842105263
เชียงราย,ป่าแดด,2026-04-02,19.508281732459174,99.99097574602813,195.8814285714286
เชียงราย,ป่าแดด,2026-04-03,19.508281732459174,99.99097574602811,152.19304347826088
เชียงราย,ป่าแดด,2026-04-04,19.508281732459174,99.99097574602813,186.65125
เชียงราย,ป่าแดด,2026-04-05,19.508281732459174,99.99097574602813,175.83095238095237
เชียงราย,ป่าแดด,2026-04-06,19.508281732459174,99.99097574602813,147.85999999999999
เชียงราย,ป่าแดด,2026-04-07,19.508281732459174,99.99097574602813,120.16588235294117
เชียงราย,ป่าแดด,2026-04-08,19.508281732459174,99.99097574602813,83.78333333333333
เชียงราย,ป่าแดด,2026-04-09,19.508281732459174,99.99097574602813,91.73949999999999
เชียงราย,ป่าแดด,2026-04-10,19.508281732459174,99.99097574602813,88.64315789473685
เชียงราย,ป่าแดด,2026-04-11,19.508281732459174,99.99097574602813,89.61357142857142
เชียงราย,ป่าแดด,2026-04-12,19.508281732459174,99.99097574602813,84.08444444444444
เชียงราย,ป่าแดด,2026-04-13,19.508281732459174,99.99097574602813,151.47066666666666
เชียงราย,ป่าแดด,2026-04-14,19.508281732459174,99.99097574602813,133.841
เชียงราย,ป่าแดด,2026-04-15,19.508281732459174,99.99097574602813,107.54199999999999
เชียงราย,ป่าแดด,2026-04-16,19.508281732459174,99.99097574602813,133.41736842105263
เชียงราย,ป่าแดด,2026-04-17,19.508281732459174,99.99097574602813,121.74529411764706
เชียงราย,ป่าแดด,2026-04-18,19.508281732459174,99.99097574602813,141.94444444444446
เชียงราย,ป่าแดด,2026-04-19,19.508281732459174,99.99097574602813,110.68071428571429
เชียงราย,ป่าแดด,2026-04-20,19.508281732459174,99.99097574602813,84.78285714285714
เชียงราย,ป่าแดด,2026-04-21,19.508281732459174,99.99097574602813,90.57761904761905
เชียงราย,ป่าแดด,2026-04-22,19.508281732459174,99.99097574602813,81.8157142857143
เชียงราย,ป่าแดด,2026-04-28,19.508281732459174,99.99097574602813,29.084285714285716
เชียงราย,ป่าแดด,2026-04-29,19.508281732459174,99.99097574602811,33.746521739130436
เชียงราย,ป่าแดด,2026-04-30,19.508281732459174,99.99097574602814,40.29318181818182
เชียงราย,พญาเม็งราย,2026-04-01,19.850303790282243,100.14595757300928,207.1833333333333
เชียงราย,พญาเม็งราย,2026-04-02,19.850303790282243,100.14595757300928,257.83958333333334
เชียงราย,พญาเม็งราย,2026-04-03,19.850303790282243,100.14595757300928,219.1875
เชียงราย,พญาเม็งราย,2026-04-04,19.850303790282243,100.14595757300928,232.96375
เชียงราย,พญาเม็งราย,2026-04-05,19.850303790282243,100.14595757300928,224.72625000000002
เชียงราย,พญาเม็งราย,2026-04-06,19.850303790282243,100.14595757300928,169.09166666666667
เชียงราย,พญาเม็งราย,2026-04-07,19.850303790282243,100.14595757300928,112.25458333333334
เชียงราย,พญาเม็งราย,2026-04-08,19.850303790282243,100.14595757300928,94.97791666666666
เชียงราย,พญาเม็งราย,2026-04-09,19.850303790282243,100.14595757300928,115.87875000000001
เชียงราย,พญาเม็งราย,2026-04-10,19.850303790282243,100.14595757300928,130.83583333333334
เชียงราย,พญาเม็งราย,2026-04-11,19.850303790282243,100.14595757300928,118.53125
เชียงราย,พญาเม็งราย,2026-04-12,19.850303790282243,100.14595757300928,99.02499999999999
เชียงราย,พญาเม็งราย,2026-04-13,19.850303790282243,100.14595757300928,142.71708333333333
เชียงราย,พญาเม็งราย,2026-04-14,19.850303790282243,100.14595757300928,163.02208333333334
เชียงราย,พญาเม็งราย,2026-04-15,19.850303790282243,100.14595757300928,138.64166666666668
เชียงราย,พญาเม็งราย,2026-04-16,19.850303790282243,100.14595757300928,147.10083333333333
เชียงราย,พญาเม็งราย,2026-04-17,19.850303790282243,100.14595757300928,142.20458333333332
เชียงราย,พญาเม็งราย,2026-04-18,19.850303790282243,100.14595757300928,178.795
เชียงราย,พญาเม็งราย,2026-04-19,19.850303790282243,100.14595757300928,152.34333333333333
เชียงราย,พญาเม็งราย,2026-04-20,19.850303790282243,100.14595757300928,107.39833333333333
เชียงราย,พญาเม็งราย,2026-04-21,19.850303790282243,100.14595757300928,116.56958333333334
เชียงราย,พญาเม็งราย,2026-04-22,19.850303790282243,100.14595757300928,118.85428571428572
เชียงราย,พญาเม็งราย,2026-04-28,19.850303790282243,100.14595757300928,35.003571428571426
เชียงราย,พญาเม็งราย,2026-04-29,19.850303790282243,100.14595757300928,39.94608695652174
เชียงราย,พญาเม็งราย,2026-04-30,19.850303790282243,100.14595757300928,45.048750000000005
เชียงราย,พาน,2026-04-01,19.546645245545918,99.75495811895573,178.92064676616917
เชียงราย,พาน,2026-04-02,19.54570120843946,99.75751501992612,185.1752153110048
เชียงราย,พาน,2026-04-03,19.54581259886465,99.75757826521422,144.39125
เชียงราย,พาน,2026-04-04,19.544950354462255,99.7570886998359,182.19814814814816
เชียงราย,พาน,2026-04-05,19.544950354462255,99.7570886998359,171.2960648148148
เชียงราย,พาน,2026-04-06,19.552363442030877,99.76605143534098,141.45323383084576
เชียงราย,พาน,2026-04-07,19.544950354462255,99.7570886998359,115.88185185185185
เชียงราย,พาน,2026-04-08,19.545412379454902,99.75764730753716,77.17911627906976
เชียงราย,พาน,2026-04-09,19.544950354462255,99.7570886998359,91.74106481481482
เชียงราย,พาน,2026-04-10,19.544950354462255,99.7570886998359,83.42662037037037
เชียงราย,พาน,2026-04-11,19.544950354462255,99.7570886998359,86.79893518518519
เชียงราย,พาน,2026-04-12,19.544950354462255,99.7570886998359,102.48796296296297
เชียงราย,พาน,2026-04-13,19.544950354462255,99.7570886998359,171.83055555555555
เชียงราย,พาน,2026-04-14,19.544950354462255,99.7570886998359,133.1173611111111
เชียงราย,พาน,2026-04-15,19.544950354462255,99.7570886998359,95.94222222222223
เชียงราย,พาน,2026-04-16,19.544950354462255,99.7570886998359,128.89569444444444
เชียงราย,พาน,2026-04-17,19.544385506766183,99.75698788004698,127.05595348837208
เชียงราย,พาน,2026-04-18,19.545835837315312,99.75919349080843,165.9879411764706
เชียงราย,พาน,2026-04-19,19.547752648770036,99.75867978731539,98.39979166666666
เชียงราย,พาน,2026-04-20,19.54581259886465,99.75757826521422,72.40485576923076
เชียงราย,พาน,2026-04-21,19.54259397917299,99.75796916039698,79.83732394366197
เชียงราย,พาน,2026-04-22,19.54508506924273,99.75558326924642,79.8059067357513
เชียงราย,พาน,2026-04-23,19.54914723805381,99.75940069488828,59.064590163934426
เชียงราย,พาน,2026-04-24,19.55350285008495,99.75972347953716,52.12865030674846
เชียงราย,พาน,2026-04-25,19.545153616142525,99.76441191950305,42.3194375
เชียงราย,พาน,2026-04-26,19.544819825763973,99.76347974136037,33.489999999999995
เชียงราย,พาน,2026-04-27,19.54900259002091,99.75931895198129,33.57516304347826
เชียงราย,พาน,2026-04-28,19.546925765167558,99.7574869463592,23.42430693069307
เชียงราย,พาน,2026-04-29,19.544950354462255,99.7570886998359,24.75958333333333
เชียงราย,พาน,2026-04-30,19.544950354462255,99.7570886998359,33.98148148148148
เชียงราย,เชียงของ,2026-04-01,20.157540666666666,100.35939533333332,179.73130434782607
เชียงราย,เชียงของ,2026-04-02,20.157540666666666,100.35939533333334,214.21236111111114
เชียงราย,เชียงของ,2026-04-03,20.157540666666666,100.35939533333334,198.71944444444443
เชียงราย,เชียงของ,2026-04-04,20.157540666666666,100.35939533333334,201.19527777777776
เชียงราย,เชียงของ,2026-04-05,20.157540666666666,100.35939533333334,195.48708333333332
เชียงราย,เชียงของ,2026-04-06,20.157540666666666,100.35939533333334,129.8361111111111
เชียงราย,เชียงของ,2026-04-07,20.157540666666666,100.35939533333334,91.18805555555555
เชียงราย,เชียงของ,2026-04-08,20.157540666666666,100.35939533333334,70.96305555555556
เชียงราย,เชียงของ,2026-04-09,20.157540666666666,100.35939533333334,85.91291666666666
เชียงราย,เชียงของ,2026-04-10,20.157540666666666,100.35939533333334,107.45305555555555
เชียงราย,เชียงของ,2026-04-11,20.157540666666666,100.35939533333334,108.67986111111111
เชียงราย,เชียงของ,2026-04-12,20.167641636363637,100.36524763636363,107.47348484848484
เชียงราย,เชียงของ,2026-04-13,20.157540666666666,100.35939533333334,178.48611111111111
เชียงราย,เชียงของ,2026-04-14,20.157540666666666,100.35939533333334,185.3722222222222
เชียงราย,เชียงของ,2026-04-15,20.157540666666666,100.35939533333334,163.11861111111114
เชียงราย,เชียงของ,2026-04-16,20.157540666666666,100.35939533333334,153.40944444444443
เชียงราย,เชียงของ,2026-04-17,20.157540666666666,100.35939533333334,133.11708333333334
เชียงราย,เชียงของ,2026-04-18,20.157540666666666,100.35939533333334,185.2286111111111
เชียงราย,เชียงของ,2026-04-19,20.157540666666666,100.35939533333334,146.63694444444445
เชียงราย,เชียงของ,2026-04-20,20.157540666666666,100.35939533333334,83.88430555555556
เชียงราย,เชียงของ,2026-04-21,20.157540666666666,100.35939533333334,100.25958333333332
เชียงราย,เชียงของ,2026-04-22,20.157540666666666,100.35939533333334,91.00180555555556
เชียงราย,เชียงของ,2026-04-23,20.157540666666666,100.35939533333334,54.080555555555556
เชียงราย,เชียงของ,2026-04-24,20.157540666666666,100.35939533333334,47.845416666666665
เชียงราย,เชียงของ,2026-04-25,20.157540666666666,100.35939533333334,48.083749999999995
เชียงราย,เชียงของ,2026-04-26,20.157540666666666,100.35939533333332,41.04174603174604
เชียงราย,เชียงของ,2026-04-27,20.157540666666666,100.35939533333334,39.18152777777778
เชียงราย,เชียงของ,2026-04-28,20.157540666666666,100.35939533333334,23.563333333333333
เชียงราย,เชียงของ,2026-04-29,20.157540666666666,100.35939533333334,27.09222222222222
เชียงราย,เชียงของ,2026-04-30,20.157540666666666,100.35939533333334,35.35138888888889
เชียงราย,เชียงแสน,2026-04-01,20.272101,100.07760600000002,216.8404347826087
เชียงราย,เชียงแสน,2026-04-02,20.272101,100.077606,213.32625
เชียงราย,เชียงแสน,2026-04-03,20.272101,100.077606,205.46291666666664
เชียงราย,เชียงแสน,2026-04-04,20.272101,100.077606,212.88375
เชียงราย,เชียงแสน,2026-04-05,20.272101,100.077606,201.04208333333335
เชียงราย,เชียงแสน,2026-04-06,20.272101,100.077606,114.8675
เชียงราย,เชียงแสน,2026-04-07,20.272101,100.077606,80.97875
เชียงราย,เชียงแสน,2026-04-08,20.272101,100.077606,67.87375
เชียงราย,เชียงแสน,2026-04-09,20.272101,100.077606,62.909166666666664
เชียงราย,เชียงแสน,2026-04-10,20.272101,100.077606,87.43374999999999
เชียงราย,เชียงแสน,2026-04-11,20.272101,100.077606,90.60958333333333
เชียงราย,เชียงแสน,2026-04-12,20.272101,100.077606,86.47041666666667
เชียงราย,เชียงแสน,2026-04-13,20.272101,100.077606,127.41416666666667
เชียงราย,เชียงแสน,2026-04-14,20.272101,100.077606,185.95583333333335
เชียงราย,เชียงแสน,2026-04-15,20.272101,100.077606,166.04625000000001
เชียงราย,เชียงแสน,2026-04-16,20.272101,100.077606,122.2
เชียงราย,เชียงแสน,2026-04-17,20.272101,100.077606,117.36916666666667
เชียงราย,เชียงแสน,2026-04-18,20.272101,100.077606,144.90041666666667
เชียงราย,เชียงแสน,2026-04-19,20.272101,100.077606,102.92458333333333
เชียงราย,เชียงแสน,2026-04-20,20.272101,100.077606,58.91458333333333
เชียงราย,เชียงแสน,2026-04-21,20.272101,100.077606,83.67625
เชียงราย,เชียงแสน,2026-04-22,20.272101,100.077606,84.19375
เชียงราย,เชียงแสน,2026-04-23,20.272101,100.077606,58.65375
เชียงราย,เชียงแสน,2026-04-24,20.272101,100.077606,54.48875
เชียงราย,เชียงแสน,2026-04-25,20.272101,100.077606,56.528333333333336
เชียงราย,เชียงแสน,2026-04-26,20.272101,100.077606,44.57954545454545
เชียงราย,เชียงแสน,2026-04-27,20.272101,100.077606,41.15
เชียงราย,เชียงแสน,2026-04-28,20.272101,100.077606,25.370833333333334
เชียงราย,เชียงแสน,2026-04-29,20.272101,100.077606,35.4425
เชียงราย,เชียงแสน,2026-04-30,20.272101,100.077606,39.56666666666667
เชียงราย,เทิง,2026-04-01,19.69047601914004,100.1762888823731,76.37041666666667
เชียงราย,เทิง,2026-04-02,19.69047601914004,100.1762888823731,85.62166666666667
เชียงราย,เทิง,2026-04-03,19.69047601914004,100.1762888823731,70.12208333333334
เชียงราย,เทิง,2026-04-04,19.69047601914004,100.1762888823731,79.4475
เชียงราย,เทิง,2026-04-05,19.69047601914004,100.1762888823731,72.04416666666667
เชียงราย,เทิง,2026-04-06,19.69047601914004,100.1762888823731,63.7875
เชียงราย,เทิง,2026-04-07,19.719745308929813,100.23318510504963,72.67857142857143
เชียงราย,เทิง,2026-04-08,19.733160400083463,100.25926254044303,56.83171875
เชียงราย,เทิง,2026-04-09,19.73600602547969,100.2647941176477,65.98111111111112
เชียงราย,เทิง,2026-04-10,19.73600602547969,100.2647941176477,56.730555555555554
เชียงราย,เทิง,2026-04-11,19.73600602547969,100.2647941176477,59.35888888888889
เชียงราย,เทิง,2026-04-12,19.73600602547969,100.2647941176477,54.93763888888889
เชียงราย,เทิง,2026-04-13,19.73600602547969,100.2647941176477,93.74208333333334
เชียงราย,เทิง,2026-04-14,19.73600602547969,100.2647941176477,78.82569444444444
เชียงราย,เทิง,2026-04-15,19.73600602547969,100.2647941176477,69.69472222222223
เชียงราย,เทิง,2026-04-16,19.73600602547969,100.2647941176477,102.28458333333333
เชียงราย,เทิง,2026-04-17,19.73600602547969,100.2647941176477,119.93277777777777
เชียงราย,เทิง,2026-04-18,19.73600602547969,100.2647941176477,129.13722222222222
เชียงราย,เทิง,2026-04-19,19.73600602547969,100.2647941176477,102.10777777777778
เชียงราย,เทิง,2026-04-20,19.73600602547969,100.2647941176477,89.04097222222222
เชียงราย,เทิง,2026-04-21,19.73600602547969,100.2647941176477,83.37625
เชียงราย,เทิง,2026-04-22,19.73600602547969,100.2647941176477,65.6925
เชียงราย,เทิง,2026-04-23,19.73600602547969,100.2647941176477,45.84513888888889
เชียงราย,เทิง,2026-04-24,19.73600602547969,100.2647941176477,42.279583333333335
เชียงราย,เทิง,2026-04-25,19.73600602547969,100.2647941176477,33.048472222222216
เชียงราย,เทิง,2026-04-26,19.735294619130634,100.26341122334654,28.5540625
เชียงราย,เทิง,2026-04-27,19.73600602547969,100.2647941176477,27.059583333333332
เชียงราย,เทิง,2026-04-28,19.735355596817698,100.26352975714379,17.487857142857145
เชียงราย,เทิง,2026-04-29,19.73600602547969,100.2647941176477,15.379305555555554
เชียงราย,เทิง,2026-04-30,19.73600602547969,100.2647941176477,24.137777777777778
เชียงราย,เมือง,2026-04-01,19.93726222792324,99.77084456114589,914.6999009900991
เชียงราย,เมือง,2026-04-02,19.93745194280991,99.77061362050421,935.2646666666667
เชียงราย,เมือง,2026-04-03,19.93745194280991,99.77061362050421,913.3373333333333
เชียงราย,เมือง,2026-04-04,19.94004826869834,99.76536839430149,998.78125
เชียงราย,เมือง,2026-04-05,19.94004826869834,99.76536839430149,999.705
เชียงราย,เมือง,2026-04-06,19.94004826869834,99.76536839430149,943.2673958333334
เชียงราย,เมือง,2026-04-07,19.94377101971021,99.76418423515884,672.1332653061224
เชียงราย,เมือง,2026-04-08,19.952196455577273,99.75561172136499,412.8755555555556
เชียงราย,เมือง,2026-04-09,19.951465920022994,99.7509850849747,442.04094117647065
เชียงราย,เมือง,2026-04-10,19.951521200757334,99.75599019153542,476.8926666666667
เชียงราย,เมือง,2026-04-11,19.97040273619587,99.73361618728879,95.32083333333334
เชียงราย,เมือง,2026-04-12,19.97040273619587,99.73361618728879,95.08680555555556
เชียงราย,เมือง,2026-04-13,19.97040273619587,99.73361618728879,165.97
เชียงราย,เมือง,2026-04-14,19.97040273619587,99.73361618728879,187.41819444444445
เชียงราย,เมือง,2026-04-15,19.97040273619587,99.73361618728879,152.73402777777778
เชียงราย,เมือง,2026-04-16,19.964338242576282,99.74291083855992,169.975125
เชียงราย,เมือง,2026-04-17,19.966464753326004,99.73965167512719,121.90623376623377
เชียงราย,เมือง,2026-04-18,19.97040273619587,99.73361618728879,155.8413888888889
เชียงราย,เมือง,2026-04-19,19.97040273619587,99.73361618728879,86.45319444444445
เชียงราย,เมือง,2026-04-20,19.952196455577273,99.75561172136499,406.0007777777778
เชียงราย,เมือง,2026-04-21,19.95061636290681,99.76206017002221,400.0201162790698
เชียงราย,เมือง,2026-04-22,19.953356136356728,99.7544317967136,385.49595505617975
เชียงราย,เมือง,2026-04-23,19.949448184783808,99.76319309927874,411.6159770114943
เชียงราย,เมือง,2026-04-24,19.952196455577273,99.75561172136499,395.23333333333335
เชียงราย,เมือง,2026-04-25,19.97040273619587,99.73361618728879,50.37833333333334
เชียงราย,เมือง,2026-04-26,19.97040273619587,99.7336161872888,39.677424242424244
เชียงราย,เมือง,2026-04-27,19.95038509528158,99.76060853862631,382.5593181818182
เชียงราย,เมือง,2026-04-28,19.956911861752523,99.74772827929444,400.081975308642
เชียงราย,เมือง,2026-04-29,19.953356136356728,99.7544317967136,337.26876404494385
เชียงราย,เมือง,2026-04-30,19.960901047451976,99.74675517849968,126.44927710843372
เชียงราย,เวียงชัย,2026-04-01,19.895949852394367,100.01350414084507,150.99845070422535
เชียงราย,เวียงชัย,2026-04-02,19.895256486478875,100.01137626056338,184.6707042253521
เชียงราย,เวียงชัย,2026-04-03,19.895483326666668,100.0120095,156.86652777777778
เชียงราย,เวียงชัย,2026-04-04,19.895483326666668,100.0120095,176.38430555555556
เชียงราย,เวียงชัย,2026-04-05,19.895483326666668,100.0120095,165.51194444444445
เชียงราย,เวียงชัย,2026-04-06,19.895483326666668,100.0120095,113.28500000000001
เชียงราย,เวียงชัย,2026-04-07,19.895483326666668,100.0120095,84.71111111111111
เชียงราย,เวียงชัย,2026-04-08,19.895483326666668,100.0120095,69.20472222222222
เชียงราย,เวียงชัย,2026-04-09,19.895483326666668,100.0120095,83.59166666666667
เชียงราย,เวียงชัย,2026-04-10,19.895483326666668,100.0120095,108.87
เชียงราย,เวียงชัย,2026-04-11,19.895483326666668,100.0120095,104.20708333333333
เชียงราย,เวียงชัย,2026-04-12,19.895483326666668,100.0120095,88.31013888888889
เชียงราย,เวียงชัย,2026-04-13,19.895483326666668,100.0120095,120.65958333333333
เชียงราย,เวียงชัย,2026-04-14,19.895483326666668,100.0120095,145.15319444444447
เชียงราย,เวียงชัย,2026-04-15,19.895483326666668,100.0120095,122.64680555555555
เชียงราย,เวียงชัย,2026-04-16,19.895483326666668,100.0120095,120.25777777777778
เชียงราย,เวียงชัย,2026-04-17,19.895483326666668,100.0120095,117.42930555555556
เชียงราย,เวียงชัย,2026-04-18,19.895483326666668,100.0120095,146.74069444444444
เชียงราย,เวียงชัย,2026-04-19,19.895483326666668,100.0120095,110.17305555555555
เชียงราย,เวียงชัย,2026-04-20,19.895483326666668,100.0120095,68.06333333333333
เชียงราย,เวียงชัย,2026-04-21,19.895483326666668,100.0120095,90.60263888888889
เชียงราย,เวียงชัย,2026-04-22,19.895483326666668,100.0120095,92.77777777777777
เชียงราย,เวียงชัย,2026-04-23,19.89524364112676,100.01114809859155,60.60521126760564
เชียงราย,เวียงชัย,2026-04-24,19.895483326666668,100.0120095,59.143750000000004
เชียงราย,เวียงชัย,2026-04-25,19.895483326666668,100.0120095,56.952222222222225
เชียงราย,เวียงชัย,2026-04-26,19.8949657746875,100.0103513828125,40.34703125
เชียงราย,เวียงชัย,2026-04-27,19.895483326666668,100.0120095,35.28652777777778
เชียงราย,เวียงชัย,2026-04-28,19.894240575522385,100.00792892537312,24.57313432835821
เชียงราย,เวียงชัย,2026-04-29,19.895483326666668,100.0120095,29.244305555555556
เชียงราย,เวียงชัย,2026-04-30,19.895483326666668,100.0120095,36.785
เชียงราย,เวียงป่าเป้า,2026-04-01,19.3527379,99.5099052,166.92458333333335
เชียงราย,เวียงป่าเป้า,2026-04-02,19.3527379,99.5099052,145.67375
เชียงราย,เวียงป่าเป้า,2026-04-03,19.3527379,99.5099052,132.46916666666667
เชียงราย,เวียงป่าเป้า,2026-04-04,19.3527379,99.5099052,148.53041666666667
เชียงราย,เวียงป่าเป้า,2026-04-05,19.3527379,99.5099052,146.88625
เชียงราย,เวียงป่าเป้า,2026-04-06,19.3527379,99.5099052,115.42791666666666
เชียงราย,เวียงป่าเป้า,2026-04-07,19.3527379,99.5099052,101.68357142857143
เชียงราย,เวียงป่าเป้า,2026-04-08,19.3527379,99.5099052,59.77583333333334
เชียงราย,เวียงป่าเป้า,2026-04-09,19.3527379,99.5099052,84.25833333333334
เชียงราย,เวียงป่าเป้า,2026-04-10,19.3527379,99.5099052,69.69875
เชียงราย,เวียงป่าเป้า,2026-04-11,19.3527379,99.5099052,75.48166666666667
เชียงราย,เวียงป่าเป้า,2026-04-12,19.3527379,99.5099052,102.29958333333333
เชียงราย,เวียงป่าเป้า,2026-04-13,19.3527379,99.5099052,138.78708333333333
เชียงราย,เวียงป่าเป้า,2026-04-14,19.3527379,99.5099052,109.9775
เชียงราย,เวียงป่าเป้า,2026-04-15,19.3527379,99.5099052,68.78375
เชียงราย,เวียงป่าเป้า,2026-04-16,19.3527379,99.5099052,131.92208333333335
เชียงราย,เวียงป่าเป้า,2026-04-17,19.3527379,99.5099052,114.61708333333333
เชียงราย,เวียงป่าเป้า,2026-04-18,19.3527379,99.5099052,113.56333333333333
เชียงราย,เวียงป่าเป้า,2026-04-19,19.3527379,99.5099052,71.37833333333333
เชียงราย,เวียงป่าเป้า,2026-04-20,19.3527379,99.5099052,72.65166666666666
เชียงราย,เวียงป่าเป้า,2026-04-21,19.3527379,99.5099052,80.05041666666666
เชียงราย,เวียงป่าเป้า,2026-04-22,19.3527379,99.5099052,76.37285714285714
เชียงราย,เวียงป่าเป้า,2026-04-28,19.3527379,99.5099052,31.002857142857145
เชียงราย,เวียงเชียงรุ้ง,2026-04-01,20.002690475156584,100.02447988907801,172.18696629213483
เชียงราย,เวียงเชียงรุ้ง,2026-04-02,20.00789758743178,100.02982159265015,205.016320754717
เชียงราย,เวียงเชียงรุ้ง,2026-04-03,20.00388026551586,100.02419401291421,175.64271739130433
เชียงราย,เวียงเชียงรุ้ง,2026-04-04,20.00559847138786,100.03030779316414,184.60180327868852
เชียงราย,เวียงเชียงรุ้ง,2026-04-05,20.00608079072314,100.04319375281267,187.32430555555555
เชียงราย,เวียงเชียงรุ้ง,2026-04-06,20.004534831667677,100.0408445821887,112.73293103448276
เชียงราย,เวียงเชียงรุ้ง,2026-04-07,20.007919579272887,100.04643642892924,79.50648351648351
เชียงราย,เวียงเชียงรุ้ง,2026-04-08,19.993966862403422,100.03432112334491,69.00747474747475
เชียงราย,เวียงเชียงรุ้ง,2026-04-09,20.001103038191562,100.0411721700943,71.31663157894737
เชียงราย,เวียงเชียงรุ้ง,2026-04-10,19.996891014673885,100.04006747649639,85.22036144578313
เชียงราย,เวียงเชียงรุ้ง,2026-04-11,19.993381044019433,100.04720145747945,89.8892857142857
เชียงราย,เวียงเชียงรุ้ง,2026-04-12,20.006106070635287,100.03590139499586,75.35408
เชียงราย,เวียงเชียงรุ้ง,2026-04-13,20.006818589581254,100.03462961075998,95.15922480620156
เชียงราย,เวียงเชียงรุ้ง,2026-04-14,20.00664892277053,100.03228164266577,115.39533898305085
เชียงราย,เวียงเชียงรุ้ง,2026-04-15,19.994485218227783,100.03849168358643,98.0522448979592
เชียงราย,เวียงเชียงรุ้ง,2026-04-16,19.997776782350137,100.04541996273177,97.07534246575342
เชียงราย,เวียงเชียงรุ้ง,2026-04-17,20.013084113391155,100.04144352948244,113.87210526315789
เชียงราย,เวียงเชียงรุ้ง,2026-04-18,20.01039427346292,100.03527719273362,116.06956140350877
เชียงราย,เวียงเชียงรุ้ง,2026-04-19,20.00889850030026,100.03092288214249,85.38120567375887
เชียงราย,เวียงเชียงรุ้ง,2026-04-20,20.016707353853015,100.04202918210838,49.39972222222222
เชียงราย,เวียงเชียงรุ้ง,2026-04-21,20.016543190331195,100.0339211386947,75.7242156862745
เชียงราย,เวียงเชียงรุ้ง,2026-04-22,20.013383580387078,100.05065401634944,80.86046875
เชียงราย,เวียงเชียงรุ้ง,2026-04-23,20.00809709617621,100.05163054645676,50.838
เชียงราย,เวียงเชียงรุ้ง,2026-04-24,20.012320553370234,100.05139280821683,47.735079365079365
เชียงราย,เวียงเชียงรุ้ง,2026-04-25,20.016074540784327,100.0598883108531,42.78602564102564
เชียงราย,เวียงเชียงรุ้ง,2026-04-26,20.02507326855894,100.04226769279458,33.35547368421052
เชียงราย,เวียงเชียงรุ้ง,2026-04-27,20.02470274183862,100.04453976198526,30.47148936170213
เชียงราย,เวียงเชียงรุ้ง,2026-04-28,20.01957356656458,100.04574081327941,20.448387096774194
เชียงราย,เวียงเชียงรุ้ง,2026-04-29,19.988644253304,100.04340052102161,25.856206896551722
เชียงราย,เวียงเชียงรุ้ง,2026-04-30,19.9945834674165,100.03639884360413,35.60277777777778
เชียงราย,เวียงแก่น,2026-04-01,20.044417991567855,100.5031230571343,159.34714285714287
เชียงราย,เวียงแก่น,2026-04-04,20.044417991567855,100.5031230571343,187.705
เชียงราย,เวียงแก่น,2026-04-05,20.044417991567855,100.5031230571343,194.235
เชียงราย,เวียงแก่น,2026-04-07,20.044417991567855,100.50312305713429,91.26454545454546
เชียงราย,เวียงแก่น,2026-04-08,20.044417991567855,100.5031230571343,75.64428571428572
เชียงราย,เวียงแก่น,2026-04-09,20.044417991567855,100.5031230571343,92.525
เชียงราย,เวียงแก่น,2026-04-10,20.044417991567855,100.5031230571343,123.63399999999999
เชียงราย,เวียงแก่น,2026-04-11,20.044417991567855,100.5031230571343,70.27
เชียงราย,เวียงแก่น,2026-04-12,20.044417991567855,100.5031230571343,100.76571428571428
เชียงราย,เวียงแก่น,2026-04-13,20.044417991567855,100.5031230571343,163.165
เชียงราย,เวียงแก่น,2026-04-15,20.044417991567855,100.5031230571343,165.324
เชียงราย,เวียงแก่น,2026-04-16,20.044417991567855,100.5031230571343,169.55333333333334
เชียงราย,เวียงแก่น,2026-04-17,20.044417991567855,100.5031230571343,208.7733333333333
เชียงราย,เวียงแก่น,2026-04-18,20.044417991567855,100.5031230571343,247.88299999999998
เชียงราย,เวียงแก่น,2026-04-19,20.044417991567855,100.5031230571343,156.0
เชียงราย,เวียงแก่น,2026-04-26,20.044417991567855,100.5031230571343,47.94
เชียงราย,เวียงแก่น,2026-04-27,20.044417991567855,100.5031230571343,41.15
เชียงราย,เวียงแก่น,2026-04-28,20.044417991567855,100.5031230571343,40.415
เชียงราย,แม่จัน,2026-04-01,20.15878395,99.96240195,191.35195652173914
เชียงราย,แม่จัน,2026-04-02,20.15878395,99.96240195,215.76166666666666
เชียงราย,แม่จัน,2026-04-03,20.15878395,99.96240195,186.40333333333334
เชียงราย,แม่จัน,2026-04-04,20.15878395,99.96240195,203.79770833333336
เชียงราย,แม่จัน,2026-04-05,20.15878395,99.96240195,192.45125
เชียงราย,แม่จัน,2026-04-06,20.15878395,99.96240195,117.49125
เชียงราย,แม่จัน,2026-04-07,20.15878395,99.96240195,77.74791666666667
เชียงราย,แม่จัน,2026-04-08,20.15878395,99.96240195,58.96979166666667
เชียงราย,แม่จัน,2026-04-09,20.15878395,99.96240195,62.615833333333335
เชียงราย,แม่จัน,2026-04-10,20.151105966666666,99.9293213,83.15166666666667
เชียงราย,แม่จัน,2026-04-11,20.13575,99.86316,80.04291666666667
เชียงราย,แม่จัน,2026-04-12,20.13575,99.86316,70.635
เชียงราย,แม่จัน,2026-04-13,20.13575,99.86316,153.6275
เชียงราย,แม่จัน,2026-04-14,20.13575,99.86316,174.08291666666665
เชียงราย,แม่จัน,2026-04-15,20.13575,99.86316,133.27416666666667
เชียงราย,แม่จัน,2026-04-16,20.13575,99.86316,118.08791666666667
เชียงราย,แม่จัน,2026-04-17,20.149299382352943,99.92153761764705,77.74058823529411
เชียงราย,แม่จัน,2026-04-18,20.15878395,99.96240195,123.346875
เชียงราย,แม่จัน,2026-04-19,20.15878395,99.96240195,81.04187499999999
เชียงราย,แม่จัน,2026-04-20,20.15878395,99.96240195,52.403124999999996
เชียงราย,แม่จัน,2026-04-21,20.15878395,99.96240195,71.42916666666666
เชียงราย,แม่จัน,2026-04-22,20.15878395,99.96240195,77.296875
เชียงราย,แม่จัน,2026-04-23,20.15878395,99.96240195,54.386875
เชียงราย,แม่จัน,2026-04-24,20.15878395,99.96240195,47.07375
เชียงราย,แม่จัน,2026-04-25,20.15878395,99.96240195,44.394375
เชียงราย,แม่จัน,2026-04-26,20.15878395,99.96240194999999,34.73571428571429
เชียงราย,แม่จัน,2026-04-27,20.15878395,99.96240195,32.75270833333334
เชียงราย,แม่จัน,2026-04-28,20.15878395,99.96240195,21.112083333333334
เชียงราย,แม่จัน,2026-04-29,20.15878395,99.96240195,26.835416666666664
เชียงราย,แม่จัน,2026-04-30,20.15878395,99.96240195,32.18833333333333
เชียงราย,แม่ฟ้าหลวง,2026-04-01,20.25078269970505,99.65105508465886,232.20391304347825
เชียงราย,แม่ฟ้าหลวง,2026-04-02,20.25078269970505,99.65105508465886,202.95208333333335
เชียงราย,แม่ฟ้าหลวง,2026-04-03,20.25078269970505,99.65105508465886,198.91708333333335
เชียงราย,แม่ฟ้าหลวง,2026-04-04,20.25078269970505,99.65105508465886,215.11333333333334
เชียงราย,แม่ฟ้าหลวง,2026-04-05,20.25078269970505,99.65105508465886,179.65374999999997
เชียงราย,แม่ฟ้าหลวง,2026-04-06,20.25078269970505,99.65105508465886,119.35708333333334
เชียงราย,แม่ฟ้าหลวง,2026-04-07,20.25078269970505,99.65105508465886,95.09833333333334
เชียงราย,แม่ฟ้าหลวง,2026-04-08,20.25078269970505,99.65105508465886,64.24625
เชียงราย,แม่ฟ้าหลวง,2026-04-09,20.25078269970505,99.65105508465886,61.55125
เชียงราย,แม่ฟ้าหลวง,2026-04-10,20.25078269970505,99.65105508465886,84.93416666666667
เชียงราย,แม่ฟ้าหลวง,2026-04-11,20.25078269970505,99.65105508465886,80.74958333333333
เชียงราย,แม่ฟ้าหลวง,2026-04-12,20.25078269970505,99.65105508465886,90.23583333333333
เชียงราย,แม่ฟ้าหลวง,2026-04-13,20.25078269970505,99.65105508465886,165.05833333333334
เชียงราย,แม่ฟ้าหลวง,2026-04-14,20.25078269970505,99.65105508465886,194.02764705882353
เชียงราย,แม่ฟ้าหลวง,2026-04-16,20.25078269970505,99.65105508465886,118.36875
เชียงราย,แม่ฟ้าหลวง,2026-04-17,20.25078269970505,99.65105508465886,85.31916666666667
เชียงราย,แม่ฟ้าหลวง,2026-04-18,20.25078269970505,99.65105508465886,135.00083333333333
เชียงราย,แม่ฟ้าหลวง,2026-04-19,20.25078269970505,99.65105508465886,68.16388888888889
เชียงราย,แม่ฟ้าหลวง,2026-04-20,20.25078269970505,99.65105508465886,66.00083333333333
เชียงราย,แม่ฟ้าหลวง,2026-04-21,20.25078269970505,99.65105508465886,71.40458333333333
เชียงราย,แม่ฟ้าหลวง,2026-04-22,20.25078269970505,99.65105508465886,77.15291666666667
เชียงราย,แม่ฟ้าหลวง,2026-04-23,20.25078269970505,99.65105508465886,60.62041666666667
เชียงราย,แม่ฟ้าหลวง,2026-04-24,20.25078269970505,99.65105508465886,57.224583333333335
เชียงราย,แม่ฟ้าหลวง,2026-04-25,20.28525767043816,99.59774359656026,48.65941176470589
เชียงราย,แม่ฟ้าหลวง,2026-04-26,20.308027185992124,99.56253321837423,38.25953488372093
เชียงราย,แม่ฟ้าหลวง,2026-04-27,20.304062199928946,99.56866460305196,38.730000000000004
เชียงราย,แม่ฟ้าหลวง,2026-04-28,20.25078269970505,99.65105508465886,30.194999999999997
เชียงราย,แม่ฟ้าหลวง,2026-04-29,20.274225679803564,99.61480327275181,30.033333333333335
เชียงราย,แม่ฟ้าหลวง,2026-04-30,20.309390149951337,99.56042555489125,33.73520833333333
เชียงราย,แม่ลาว,2026-04-01,19.76583,99.73855,150.14
เชียงราย,แม่ลาว,2026-04-02,19.76583,99.73855,167.927
เชียงราย,แม่ลาว,2026-04-03,19.76583,99.73854999999999,147.1470833333333
เชียงราย,แม่ลาว,2026-04-04,19.76583,99.73854999999999,193.53166666666667
เชียงราย,แม่ลาว,2026-04-05,19.76583,99.73854999999999,173.79333333333332
เชียงราย,แม่ลาว,2026-04-06,19.76583,99.73854999999999,123.6725
เชียงราย,แม่ลาว,2026-04-07,19.76583,99.73854999999999,86.67166666666667
เชียงราย,แม่ลาว,2026-04-08,19.76583,99.73854999999999,67.37958333333334
เชียงราย,แม่ลาว,2026-04-09,19.76583,99.73854999999999,79.72875
เชียงราย,แม่ลาว,2026-04-10,19.76583,99.73854999999999,83.73583333333333
เชียงราย,แม่ลาว,2026-04-11,19.76583,99.73854999999999,90.59583333333335
เชียงราย,แม่ลาว,2026-04-12,19.76583,99.73854999999999,99.68166666666667
เชียงราย,แม่ลาว,2026-04-13,19.76583,99.73855000000002,137.35
เชียงราย,แม่ลาว,2026-04-14,19.76583,99.73854999999999,139.97083333333333
เชียงราย,แม่ลาว,2026-04-15,19.76583,99.73854999999999,111.29833333333333
เชียงราย,แม่ลาว,2026-04-16,19.76583,99.73854999999999,139.76666666666668
เชียงราย,แม่ลาว,2026-04-17,19.76583,99.73854999999999,105.43333333333334
เชียงราย,แม่ลาว,2026-04-18,19.76583,99.73854999999999,141.00166666666667
เชียงราย,แม่ลาว,2026-04-19,19.76583,99.73854999999999,79.33666666666666
เชียงราย,แม่ลาว,2026-04-20,19.76583,99.73854999999999,51.90083333333333
เชียงราย,แม่ลาว,2026-04-21,19.76583,99.73854999999999,69.35375
เชียงราย,แม่ลาว,2026-04-22,19.76583,99.73854999999999,69.65875
เชียงราย,แม่ลาว,2026-04-23,19.76583,99.73854999999999,47.1875
เชียงราย,แม่ลาว,2026-04-24,19.76583,99.73854999999999,46.025
เชียงราย,แม่ลาว,2026-04-25,19.76583,99.73854999999999,41.927083333333336
เชียงราย,แม่ลาว,2026-04-26,19.76583,99.73855000000002,32.87681818181818
เชียงราย,แม่ลาว,2026-04-27,19.76583,99.73854999999999,31.162499999999998
เชียงราย,แม่ลาว,2026-04-28,19.76583,99.73854999999999,18.83625
เชียงราย,แม่ลาว,2026-04-29,19.76583,99.73855,25.360000000000003
เชียงราย,แม่ลาว,2026-04-30,19.76583,99.73855,34.730555555555554
เชียงราย,แม่สรวย,2026-04-01,19.628159999999998,99.5017545,196.79645833333333
เชียงราย,แม่สรวย,2026-04-02,19.626154857142858,99.49839285714286,191.82261904761904
เชียงราย,แม่สรวย,2026-04-03,19.628159999999998,99.5017545,167.41291666666666
เชียงราย,แม่สรวย,2026-04-04,19.628159999999998,99.5017545,205.35187499999998
เชียงราย,แม่สรวย,2026-04-05,19.628159999999998,99.5017545,189.73979166666666
เชียงราย,แม่สรวย,2026-04-06,19.626527906976744,99.49901827906977,168.15651162790698
เชียงราย,แม่สรวย,2026-04-07,19.628159999999998,99.5017545,110.09208333333333
เชียงราย,แม่สรวย,2026-04-08,19.62294662857143,99.49301422857143,80.11428571428571
เชียงราย,แม่สรวย,2026-04-09,19.628159999999998,99.5017545,120.51458333333333
เชียงราย,แม่สรวย,2026-04-10,19.632170285714285,99.50847778571428,114.05964285714286
เชียงราย,แม่สรวย,2026-04-11,19.642196,99.525286,104.19208333333334
เชียงราย,แม่สรวย,2026-04-12,19.642196,99.525286,118.78041666666667
เชียงราย,แม่สรวย,2026-04-13,19.642196,99.525286,184.15875000000003
เชียงราย,แม่สรวย,2026-04-14,19.642196,99.525286,157.39304347826086
เชียงราย,แม่สรวย,2026-04-15,19.642196,99.525286,93.45944444444444
เชียงราย,แม่สรวย,2026-04-16,19.642196,99.525286,162.048125
เชียงราย,แม่สรวย,2026-04-17,19.642196,99.525286,189.99166666666667
เชียงราย,แม่สรวย,2026-04-18,19.642196,99.525286,176.2261111111111
เชียงราย,แม่สรวย,2026-04-19,19.642196,99.525286,59.56058823529412
เชียงราย,แม่สรวย,2026-04-20,19.637355999999997,99.51717168965516,94.82379310344827
เชียงราย,แม่สรวย,2026-04-21,19.628159999999998,99.5017545,90.101875
เชียงราย,แม่สรวย,2026-04-22,19.620462838709678,99.48885012903226,83.37870967741937
เชียงราย,แม่สรวย,2026-04-23,19.614124,99.478223,70.06166666666667
เชียงราย,แม่สรวย,2026-04-24,19.614124,99.478223,57.793749999999996
เชียงราย,แม่สรวย,2026-04-25,19.614124,99.478223,61.525
เชียงราย,แม่สรวย,2026-04-26,19.614124,99.478223,40.686190476190475
เชียงราย,แม่สรวย,2026-04-27,19.614124,99.478223,38.85916666666667
เชียงราย,แม่สรวย,2026-04-28,19.62568305882353,99.49760188235294,32.013823529411766
เชียงราย,แม่สรวย,2026-04-29,19.626154857142858,99.49839285714286,32.45904761904762
เชียงราย,แม่สรวย,2026-04-30,19.627224266666666,99.50018573333334,37.34733333333334
เชียงราย,แม่สาย,2026-04-01,20.37382684586448,99.9193629227081,181.0216489361702
เชียงราย,แม่สาย,2026-04-02,20.377827902415017,99.91654497600558,179.84449074074075
เชียงราย,แม่สาย,2026-04-03,20.3798618072128,99.91169698027417,164.18627906976747
เชียงราย,แม่สาย,2026-04-04,20.37946413285678,99.91184825162499,175.27231481481482
เชียงราย,แม่สาย,2026-04-05,20.37946413285678,99.91184825162499,152.95282407407407
เชียงราย,แม่สาย,2026-04-06,20.37946413285678,99.91184825162499,84.89407407407407
เชียงราย,แม่สาย,2026-04-07,20.380947531661388,99.91418196904891,62.36954545454545
เชียงราย,แม่สาย,2026-04-08,20.379444343276912,99.91439711371726,52.04941704035875
เชียงราย,แม่สาย,2026-04-09,20.381416438148197,99.91396921200317,49.18090476190476
เชียงราย,แม่สาย,2026-04-10,20.3794123396178,99.9121944034608,60.29571428571428
เชียงราย,แม่สาย,2026-04-11,20.37946413285678,99.91184825162499,66.46282407407408
เชียงราย,แม่สาย,2026-04-12,20.37946413285678,99.91184825162499,66.47907407407408
เชียงราย,แม่สาย,2026-04-13,20.37946413285678,99.91184825162499,132.1002314814815
เชียงราย,แม่สาย,2026-04-14,20.38026319815159,99.91154429517243,158.94855140186914
เชียงราย,แม่สาย,2026-04-15,20.38026319815159,99.91154429517243,463.41836448598133
เชียงราย,แม่สาย,2026-04-16,20.379062735254745,99.91453092835266,515.0333482142858
เชียงราย,แม่สาย,2026-04-17,20.3789668260932,99.91517192190706,487.89464601769913
เชียงราย,แม่สาย,2026-04-18,20.37925978498665,99.91321397795907,534.4970454545455
เชียงราย,แม่สาย,2026-04-19,20.37867888301795,99.90965947731554,515.447990430622
เชียงราย,แม่สาย,2026-04-20,20.37742186558286,99.91269492821559,517.842752293578
เชียงราย,แม่สาย,2026-04-21,20.3789668260932,99.91517192190706,474.34367256637165
เชียงราย,แม่สาย,2026-04-22,20.370759691130537,99.91241109036976,543.64671875
เชียงราย,แม่สาย,2026-04-23,20.366468981444175,99.910967721073,555.0173595505618
เชียงราย,แม่สาย,2026-04-24,20.366438878268934,99.90966494143424,563.0441714285714
เชียงราย,แม่สาย,2026-04-25,20.368130317754982,99.90551912184638,644.4695731707317
เชียงราย,แม่สาย,2026-04-26,20.368493523904633,99.90428802673007,666.1482876712329
เชียงราย,แม่สาย,2026-04-27,20.36600216605191,99.90850203352849,587.6248837209303
เชียงราย,แม่สาย,2026-04-28,20.380976607191535,99.91008592594001,587.534010989011
เชียงราย,แม่สาย,2026-04-29,20.38311118675364,99.9169050884378,530.3160368663595
เชียงราย,แม่สาย,2026-04-30,20.378794361174794,99.91511597867371,490.56928251121076
เชียงใหม่,กัลยาณิวัฒนา,2026-04-01,18.96398249644513,98.41647016605216,99.31428571428572
เชียงใหม่,กัลยาณิวัฒนา,2026-04-02,18.963982496445126,98.41647016605218,127.32708333333333
เชียงใหม่,กัลยาณิวัฒนา,2026-04-03,18.963982496445126,98.41647016605216,83.68055555555556
เชียงใหม่,กัลยาณิวัฒนา,2026-04-04,18.963982496445126,98.41647016605216,118.47875
เชียงใหม่,กัลยาณิวัฒนา,2026-04-05,18.963982496445126,98.41647016605218,128.10333333333332
เชียงใหม่,กัลยาณิวัฒนา,2026-04-06,18.963982496445126,98.41647016605218,103.59333333333335
เชียงใหม่,กัลยาณิวัฒนา,2026-04-07,18.963982496445126,98.41647016605216,140.14157894736843
เชียงใหม่,กัลยาณิวัฒนา,2026-04-08,18.963982496445126,98.41647016605218,112.47333333333334
เชียงใหม่,กัลยาณิวัฒนา,2026-04-09,18.963982496445126,98.41647016605216,82.23944444444444
เชียงใหม่,กัลยาณิวัฒนา,2026-04-10,18.963982496445126,98.41647016605216,74.43375
เชียงใหม่,กัลยาณิวัฒนา,2026-04-11,18.963982496445126,98.41647016605218,98.66708333333334
เชียงใหม่,กัลยาณิวัฒนา,2026-04-12,18.963982496445126,98.41647016605218,143.75416666666666
เชียงใหม่,กัลยาณิวัฒนา,2026-04-13,18.963982496445126,98.41647016605218,106.16416666666667
เชียงใหม่,กัลยาณิวัฒนา,2026-04-14,18.963982496445126,98.41647016605216,74.4011111111111
เชียงใหม่,กัลยาณิวัฒนา,2026-04-15,18.963982496445126,98.41647016605216,71.93875
เชียงใหม่,กัลยาณิวัฒนา,2026-04-16,18.963982496445126,98.41647016605218,87.825
เชียงใหม่,กัลยาณิวัฒนา,2026-04-17,18.963982496445126,98.41647016605218,87.80375
เชียงใหม่,กัลยาณิวัฒนา,2026-04-18,18.963982496445126,98.41647016605218,81.50541666666668
เชียงใหม่,กัลยาณิวัฒนา,2026-04-19,18.963982496445126,98.41647016605218,75.67125
เชียงใหม่,กัลยาณิวัฒนา,2026-04-20,18.963982496445126,98.41647016605216,58.07941176470588
เชียงใหม่,กัลยาณิวัฒนา,2026-04-21,18.963982496445126,98.41647016605216,63.54117647058824
เชียงใหม่,กัลยาณิวัฒนา,2026-04-22,18.963982496445126,98.41647016605218,61.18833333333333
เชียงใหม่,กัลยาณิวัฒนา,2026-04-23,18.963982496445126,98.41647016605218,66.01291666666667
เชียงใหม่,กัลยาณิวัฒนา,2026-04-24,18.963982496445126,98.41647016605218,53.12375
เชียงใหม่,กัลยาณิวัฒนา,2026-04-25,18.963982496445126,98.41647016605218,44.27041666666667
เชียงใหม่,กัลยาณิวัฒนา,2026-04-26,18.963982496445126,98.41647016605218,36.285714285714285
เชียงใหม่,กัลยาณิวัฒนา,2026-04-27,18.963982496445126,98.41647016605218,36.48375
เชียงใหม่,กัลยาณิวัฒนา,2026-04-28,18.963982496445126,98.41647016605218,40.49666666666666
เชียงใหม่,กัลยาณิวัฒนา,2026-04-29,18.963982496445126,98.41647016605218,43.15416666666667
เชียงใหม่,กัลยาณิวัฒนา,2026-04-30,18.963982496445126,98.41647016605218,30.063333333333333
เชียงใหม่,จอมทอง,2026-04-01,18.41788057876232,98.6768951613708,110.535
เชียงใหม่,จอมทอง,2026-04-02,18.41788057876232,98.6768951613708,131.5208695652174
เชียงใหม่,จอมทอง,2026-04-03,18.41788057876232,98.6768951613708,141.78083333333333
เชียงใหม่,จอมทอง,2026-04-04,18.41788057876232,98.6768951613708,141.6025
เชียงใหม่,จอมทอง,2026-04-05,18.41788057876232,98.6768951613708,100.80624999999999
เชียงใหม่,จอมทอง,2026-04-06,18.41788057876232,98.6768951613708,95.9225
เชียงใหม่,จอมทอง,2026-04-07,18.41788057876232,98.6768951613708,95.06124999999999
เชียงใหม่,จอมทอง,2026-04-08,18.41788057876232,98.6768951613708,72.7775
เชียงใหม่,จอมทอง,2026-04-09,18.41788057876232,98.6768951613708,54.31166666666667
เชียงใหม่,จอมทอง,2026-04-10,18.41788057876232,98.6768951613708,50.887499999999996
เชียงใหม่,จอมทอง,2026-04-11,18.41788057876232,98.6768951613708,62.50333333333333
เชียงใหม่,จอมทอง,2026-04-12,18.41788057876232,98.6768951613708,77.46541666666667
เชียงใหม่,จอมทอง,2026-04-13,18.41788057876232,98.6768951613708,63.51625000000001
เชียงใหม่,จอมทอง,2026-04-14,18.41788057876232,98.6768951613708,56.4125
เชียงใหม่,จอมทอง,2026-04-15,18.41788057876232,98.6768951613708,43.06375
เชียงใหม่,จอมทอง,2026-04-16,18.41788057876232,98.6768951613708,60.130833333333335
เชียงใหม่,จอมทอง,2026-04-17,18.41788057876232,98.6768951613708,73.49958333333333
เชียงใหม่,จอมทอง,2026-04-18,18.41788057876232,98.6768951613708,64.97583333333334
เชียงใหม่,จอมทอง,2026-04-19,18.41788057876232,98.6768951613708,60.29916666666667
เชียงใหม่,จอมทอง,2026-04-20,18.41788057876232,98.6768951613708,48.34791666666666
เชียงใหม่,จอมทอง,2026-04-21,18.41788057876232,98.6768951613708,76.31958333333334
เชียงใหม่,จอมทอง,2026-04-22,18.41788057876232,98.6768951613708,56.8975
เชียงใหม่,จอมทอง,2026-04-23,18.41788057876232,98.6768951613708,66.59333333333333
เชียงใหม่,จอมทอง,2026-04-24,18.41788057876232,98.6768951613708,56.415
เชียงใหม่,จอมทอง,2026-04-25,18.41788057876232,98.6768951613708,39.94916666666666
เชียงใหม่,จอมทอง,2026-04-26,18.41788057876232,98.6768951613708,26.727272727272727
เชียงใหม่,จอมทอง,2026-04-27,18.41788057876232,98.6768951613708,25.897499999999997
เชียงใหม่,จอมทอง,2026-04-28,18.41788057876232,98.6768951613708,25.80541666666667
เชียงใหม่,จอมทอง,2026-04-29,18.41788057876232,98.6768951613708,21.330000000000002
เชียงใหม่,จอมทอง,2026-04-30,18.41788057876232,98.6768951613708,28.083333333333332
เชียงใหม่,ดอยสะเก็ด,2026-04-01,18.80418135,99.0951813,189.45979166666666
เชียงใหม่,ดอยสะเก็ด,2026-04-02,18.80418135,99.0951813,193.75083333333336
เชียงใหม่,ดอยสะเก็ด,2026-04-03,18.80418135,99.0951813,174.50812499999998
เชียงใหม่,ดอยสะเก็ด,2026-04-04,18.80418135,99.0951813,172.67333333333332
เชียงใหม่,ดอยสะเก็ด,2026-04-05,18.80418135,99.0951813,139.03166666666667
เชียงใหม่,ดอยสะเก็ด,2026-04-06,18.80418135,99.0951813,104.89645833333333
เชียงใหม่,ดอยสะเก็ด,2026-04-07,18.80418135,99.0951813,128.860625
เชียงใหม่,ดอยสะเก็ด,2026-04-08,18.80418135,99.0951813,88.19791666666667
เชียงใหม่,ดอยสะเก็ด,2026-04-09,18.80418135,99.0951813,87.46645833333334
เชียงใหม่,ดอยสะเก็ด,2026-04-10,18.80418135,99.0951813,86.76104166666666
เชียงใหม่,ดอยสะเก็ด,2026-04-11,18.80418135,99.0951813,87.82083333333333
เชียงใหม่,ดอยสะเก็ด,2026-04-12,18.80418135,99.0951813,120.42895833333334
เชียงใหม่,ดอยสะเก็ด,2026-04-13,18.80418135,99.0951813,101.22208333333333
เชียงใหม่,ดอยสะเก็ด,2026-04-14,18.80418135,99.0951813,87.60770833333333
เชียงใหม่,ดอยสะเก็ด,2026-04-15,18.80418135,99.0951813,76.63583333333334
เชียงใหม่,ดอยสะเก็ด,2026-04-16,18.80418135,99.0951813,108.95604166666668
เชียงใหม่,ดอยสะเก็ด,2026-04-17,18.80418135,99.0951813,135.918125
เชียงใหม่,ดอยสะเก็ด,2026-04-18,18.80418135,99.0951813,106.049375
เชียงใหม่,ดอยสะเก็ด,2026-04-19,18.80418135,99.0951813,86.20854166666668
เชียงใหม่,ดอยสะเก็ด,2026-04-20,18.80418135,99.0951813,67.84229166666667
เชียงใหม่,ดอยสะเก็ด,2026-04-21,18.80418135,99.0951813,72.368125
เชียงใหม่,ดอยสะเก็ด,2026-04-22,18.80418135,99.0951813,68.82708333333333
เชียงใหม่,ดอยสะเก็ด,2026-04-23,18.80418135,99.0951813,67.899375
เชียงใหม่,ดอยสะเก็ด,2026-04-24,18.80418135,99.0951813,66.06145833333333
เชียงใหม่,ดอยสะเก็ด,2026-04-25,18.80418135,99.0951813,38.58708333333333
เชียงใหม่,ดอยสะเก็ด,2026-04-26,18.804333876744185,99.09579469069767,37.31790697674419
เชียงใหม่,ดอยสะเก็ด,2026-04-27,18.80418135,99.0951813,34.15625
เชียงใหม่,ดอยสะเก็ด,2026-04-28,18.80418135,99.0951813,35.626666666666665
เชียงใหม่,ดอยสะเก็ด,2026-04-29,18.80418135,99.0951813,32.97958333333333
เชียงใหม่,ดอยสะเก็ด,2026-04-30,18.80477759090909,99.09757909999999,42.12795454545454
เชียงใหม่,ดอยหล่อ,2026-04-01,18.47771243893752,98.78072604442652,119.53125
เชียงใหม่,ดอยหล่อ,2026-04-02,18.47771243893752,98.78072604442652,130.774
เชียงใหม่,ดอยหล่อ,2026-04-03,18.47771243893752,98.78072604442652,127.89750000000001
เชียงใหม่,ดอยหล่อ,2026-04-07,18.47771243893752,98.78072604442652,87.6
เชียงใหม่,ดอยหล่อ,2026-04-08,18.47771243893752,98.78072604442652,65.99222222222221
เชียงใหม่,ดอยหล่อ,2026-04-09,18.47771243893752,98.78072604442652,43.513333333333335
เชียงใหม่,ดอยหล่อ,2026-04-10,18.47771243893752,98.78072604442652,42.805
เชียงใหม่,ดอยหล่อ,2026-04-16,18.47771243893752,98.78072604442652,69.382
เชียงใหม่,ดอยหล่อ,2026-04-17,18.47771243893752,98.78072604442652,99.71333333333332
เชียงใหม่,ดอยหล่อ,2026-04-20,18.47771243893752,98.78072604442652,106.96200000000002
เชียงใหม่,ดอยหล่อ,2026-04-21,18.47771243893752,98.78072604442652,94.951
เชียงใหม่,ดอยหล่อ,2026-04-22,18.47771243893752,98.78072604442652,63.289
เชียงใหม่,ดอยหล่อ,2026-04-23,18.47771243893752,98.78072604442652,70.721
เชียงใหม่,ดอยหล่อ,2026-04-24,18.47771243893752,98.78072604442652,62.689
เชียงใหม่,ดอยหล่อ,2026-04-27,18.47771243893752,98.78072604442652,37.165
เชียงใหม่,ดอยหล่อ,2026-04-28,18.47771243893752,98.78072604442652,39.48777777777778
เชียงใหม่,ดอยหล่อ,2026-04-29,18.47771243893752,98.78072604442652,34.257999999999996
เชียงใหม่,ดอยหล่อ,2026-04-30,18.47771243893752,98.78072604442652,46.028
เชียงใหม่,ดอยเต่า,2026-04-01,17.954082621913535,98.68502870160678,77.65739130434783
เชียงใหม่,ดอยเต่า,2026-04-02,17.954082621913535,98.68502870160678,92.3275
เชียงใหม่,ดอยเต่า,2026-04-03,17.954082621913535,98.68502870160678,91.29761904761905
เชียงใหม่,ดอยเต่า,2026-04-04,17.954082621913535,98.68502870160678,72.2075
เชียงใหม่,ดอยเต่า,2026-04-05,17.954082621913535,98.68502870160678,90.25125
เชียงใหม่,ดอยเต่า,2026-04-06,17.954082621913535,98.68502870160678,171.79000000000002
เชียงใหม่,ดอยเต่า,2026-04-07,17.958120885036994,98.6767970535425,57.1716
เชียงใหม่,ดอยเต่า,2026-04-08,17.954082621913535,98.68502870160678,40.094166666666666
เชียงใหม่,ดอยเต่า,2026-04-09,17.954082621913535,98.68502870160678,36.643125
เชียงใหม่,ดอยเต่า,2026-04-10,17.954082621913535,98.68502870160678,37.174705882352946
เชียงใหม่,ดอยเต่า,2026-04-11,17.954082621913535,98.68502870160678,40.66833333333333
เชียงใหม่,ดอยเต่า,2026-04-12,17.954082621913535,98.68502870160678,54.40416666666667
เชียงใหม่,ดอยเต่า,2026-04-13,17.954082621913535,98.68502870160678,42.03541666666667
เชียงใหม่,ดอยเต่า,2026-04-14,17.954082621913535,98.68502870160678,43.263
เชียงใหม่,ดอยเต่า,2026-04-15,17.954082621913535,98.68502870160678,38.10260869565217
เชียงใหม่,ดอยเต่า,2026-04-16,17.954082621913535,98.68502870160678,58.53666666666667
เชียงใหม่,ดอยเต่า,2026-04-17,17.954082621913535,98.68502870160678,66.39227272727273
เชียงใหม่,ดอยเต่า,2026-04-18,17.954082621913535,98.68502870160678,53.959583333333335
เชียงใหม่,ดอยเต่า,2026-04-19,17.954082621913535,98.68502870160678,64.93583333333333
เชียงใหม่,ดอยเต่า,2026-04-20,17.954082621913535,98.68502870160678,48.05041666666667
เชียงใหม่,ดอยเต่า,2026-04-21,17.954082621913535,98.68502870160678,46.54545454545455
เชียงใหม่,ดอยเต่า,2026-04-22,17.954082621913535,98.68502870160678,44.703809523809525
เชียงใหม่,ดอยเต่า,2026-04-23,17.954082621913535,98.68502870160678,41.23708333333334
เชียงใหม่,ดอยเต่า,2026-04-24,17.954082621913535,98.68502870160678,38.1625
เชียงใหม่,ดอยเต่า,2026-04-25,17.954082621913535,98.68502870160678,35.985
เชียงใหม่,ดอยเต่า,2026-04-26,17.954082621913535,98.68502870160678,25.56952380952381
เชียงใหม่,ดอยเต่า,2026-04-27,17.954082621913535,98.68502870160678,23.83
เชียงใหม่,ดอยเต่า,2026-04-28,17.954082621913535,98.68502870160678,21.24478260869565
เชียงใหม่,ดอยเต่า,2026-04-29,17.98955634169038,98.6361850086811,19.925384615384615
เชียงใหม่,ดอยเต่า,2026-04-30,18.01538316233697,98.59874286392342,24.25380281690141
เชียงใหม่,ฝาง,2026-04-01,19.913293,99.20682700000002,238.79625
เชียงใหม่,ฝาง,2026-04-02,19.913293,99.20682700000002,229.19875
เชียงใหม่,ฝาง,2026-04-03,19.913293,99.20682700000002,186.37333333333333
เชียงใหม่,ฝาง,2026-04-04,19.913293,99.20682700000002,238.96708333333333
เชียงใหม่,ฝาง,2026-04-05,19.913293,99.20682700000002,228.01958333333334
เชียงใหม่,ฝาง,2026-04-06,19.913293,99.20682700000002,156.045
เชียงใหม่,ฝาง,2026-04-07,19.913293,99.20682700000002,104.925
เชียงใหม่,ฝาง,2026-04-08,19.913293,99.20682700000002,89.54541666666667
เชียงใหม่,ฝาง,2026-04-09,19.913293,99.20682700000002,112.22583333333334
เชียงใหม่,ฝาง,2026-04-10,19.913293,99.20682700000002,114.59875
เชียงใหม่,ฝาง,2026-04-11,19.913293,99.20682700000002,113.32083333333333
เชียงใหม่,ฝาง,2026-04-12,19.913293,99.20682700000002,103.57791666666667
เชียงใหม่,ฝาง,2026-04-13,19.913293,99.20682700000002,179.35416666666666
เชียงใหม่,ฝาง,2026-04-14,19.913293,99.20682700000002,165.79875
เชียงใหม่,ฝาง,2026-04-15,19.913293,99.20682700000002,139.15375
เชียงใหม่,ฝาง,2026-04-16,19.913293,99.20682700000002,131.02458333333334
เชียงใหม่,ฝาง,2026-04-17,19.913293,99.20682700000002,103.24374999999999
เชียงใหม่,ฝาง,2026-04-18,19.913293,99.20682700000002,129.32750000000001
เชียงใหม่,ฝาง,2026-04-19,19.913293,99.20682700000002,88.75291666666668
เชียงใหม่,ฝาง,2026-04-20,19.913293,99.20682700000002,86.51458333333333
เชียงใหม่,ฝาง,2026-04-21,19.913293,99.20682700000002,91.08458333333334
เชียงใหม่,ฝาง,2026-04-22,19.913293,99.206827,110.25142857142858
เชียงใหม่,ฝาง,2026-04-28,19.913293,99.206827,39.915
เชียงใหม่,ฝาง,2026-04-29,19.913293,99.20682700000002,41.11875
เชียงใหม่,ฝาง,2026-04-30,19.913293,99.20682700000002,45.26
เชียงใหม่,พร้าว,2026-04-01,19.266915892957748,99.17932661408452,265.02985915492957
เชียงใหม่,พร้าว,2026-04-02,19.287290215384616,99.18318720769231,236.98307692307694
เชียงใหม่,พร้าว,2026-04-03,19.275051754545455,99.1786127,217.6701515151515
เชียงใหม่,พร้าว,2026-04-04,19.29338262962963,99.17025155555557,272.7227160493827
เชียงใหม่,พร้าว,2026-04-05,19.284867666666667,99.16618766666666,277.84499999999997
เชียงใหม่,พร้าว,2026-04-06,19.30540645,99.17421455000002,129.034
เชียงใหม่,พร้าว,2026-04-07,19.30540645,99.17421455,118.69927083333333
เชียงใหม่,พร้าว,2026-04-08,19.312293622222224,99.17708671111112,102.9212037037037
เชียงใหม่,พร้าว,2026-04-09,19.322311327272725,99.1812644,106.82761363636364
เชียงใหม่,พร้าว,2026-04-10,19.324965871910113,99.18175001573034,94.65786516853932
เชียงใหม่,พร้าว,2026-04-11,19.317803360000003,99.17938443999999,117.72325000000001
เชียงใหม่,พร้าว,2026-04-12,19.317803360000003,99.17938443999999,134.463
เชียงใหม่,พร้าว,2026-04-13,19.317803360000003,99.17938443999999,142.09775
เชียงใหม่,พร้าว,2026-04-14,19.316829495049504,99.180836,117.98653465346534
เชียงใหม่,พร้าว,2026-04-15,19.318230839655172,99.17956271206897,105.50905172413792
เชียงใหม่,พร้าว,2026-04-16,19.317803360000003,99.17938443999999,133.907
เชียงใหม่,พร้าว,2026-04-17,19.318688853571427,99.17975371785714,174.69883928571429
เชียงใหม่,พร้าว,2026-04-18,19.309679763106796,99.17626324660195,161.9787378640777
เชียงใหม่,พร้าว,2026-04-19,19.317389751260503,99.17922552605042,91.86378151260504
เชียงใหม่,พร้าว,2026-04-20,19.3054985,99.17465675,98.47281249999999
เชียงใหม่,พร้าว,2026-04-21,19.28664147368421,99.17837750000001,119.85986842105264
เชียงใหม่,พร้าว,2026-04-22,19.278687591044775,99.17729094626867,92.02432835820896
เชียงใหม่,พร้าว,2026-04-23,19.268306266666666,99.17959006666666,80.25694444444444
เชียงใหม่,พร้าว,2026-04-24,19.268306266666666,99.17959006666666,68.89569444444444
เชียงใหม่,พร้าว,2026-04-25,19.28847554814815,99.17422263703705,51.10604938271605
เชียงใหม่,พร้าว,2026-04-26,19.240921222222223,99.16888755555556,44.05129629629629
เชียงใหม่,พร้าว,2026-04-27,19.23760450943396,99.16909132075472,33.410000000000004
เชียงใหม่,พร้าว,2026-04-28,19.265436441791046,99.17940130447762,34.62164179104478
เชียงใหม่,พร้าว,2026-04-29,19.28808030120482,99.17725185542169,30.473493975903615
เชียงใหม่,พร้าว,2026-04-30,19.3054985,99.17465675,35.72770833333333
เชียงใหม่,สันกำแพง,2026-04-01,18.758985975969896,99.12278279484242,167.55977911646588
เชียงใหม่,สันกำแพง,2026-04-02,18.758828029919947,99.12216956095659,179.58264822134387
เชียงใหม่,สันกำแพง,2026-04-03,18.758906967014077,99.12207497365277,158.06125244618397
เชียงใหม่,สันกำแพง,2026-04-04,18.75915234064324,99.12275319467574,161.5309126984127
เชียงใหม่,สันกำแพง,2026-04-05,18.75941645672132,99.12357142273956,138.75497907949793
เชียงใหม่,สันกำแพง,2026-04-06,18.759476165571414,99.1221293443965,107.92808943089432
เชียงใหม่,สันกำแพง,2026-04-07,18.759672974512906,99.120663713433,117.66576374745418
เชียงใหม่,สันกำแพง,2026-04-08,18.759112134070588,99.12173666385101,91.53027667984189
เชียงใหม่,สันกำแพง,2026-04-09,18.755051649397316,99.12043849125298,82.14020992366413
เชียงใหม่,สันกำแพง,2026-04-10,18.751422208298397,99.11967228815384,81.13277777777778
เชียงใหม่,สันกำแพง,2026-04-11,18.751308524435927,99.11949746217162,81.74729582577133
เชียงใหม่,สันกำแพง,2026-04-12,18.749877730858096,99.11883923228586,111.10026415094339
เชียงใหม่,สันกำแพง,2026-04-13,18.751084198335388,99.1182845535563,95.20269927536232
เชียงใหม่,สันกำแพง,2026-04-14,18.75220397651805,99.11739078081472,83.94369337979094
เชียงใหม่,สันกำแพง,2026-04-15,18.75156548602515,99.11740396603616,72.52961471103328
เชียงใหม่,สันกำแพง,2026-04-16,18.752020248647273,99.11849097891535,86.66096054888507
เชียงใหม่,สันกำแพง,2026-04-17,18.752063272946874,99.11828282222564,123.03122807017544
เชียงใหม่,สันกำแพง,2026-04-18,18.751536040007437,99.11950880832725,101.30152482269503
เชียงใหม่,สันกำแพง,2026-04-19,18.750742983108946,99.12141837747582,90.3918817204301
เชียงใหม่,สันกำแพง,2026-04-20,18.751434763258295,99.11977051133668,73.75279151943464
เชียงใหม่,สันกำแพง,2026-04-21,18.75139002453177,99.11971497956296,72.59294434470377
เชียงใหม่,สันกำแพง,2026-04-22,18.75167304129784,99.11929259780747,69.99616487455197
เชียงใหม่,สันกำแพง,2026-04-23,18.75195808708774,99.1185208857317,64.40693661971831
เชียงใหม่,สันกำแพง,2026-04-24,18.751412413275673,99.11996162701305,58.7166037735849
เชียงใหม่,สันกำแพง,2026-04-25,18.751607997024298,99.11925971045407,39.92578268876611
เชียงใหม่,สันกำแพง,2026-04-26,18.750525671136742,99.12013197876844,37.81186582809224
เชียงใหม่,สันกำแพง,2026-04-27,18.75136573758059,99.1190168629768,34.4035447761194
เชียงใหม่,สันกำแพง,2026-04-28,18.751563626323783,99.11962201980403,34.941542750929365
เชียงใหม่,สันกำแพง,2026-04-29,18.750934551106834,99.1185788553889,32.473174904942965
เชียงใหม่,สันกำแพง,2026-04-30,18.752681547152953,99.12188500929366,39.82583482944345
เชียงใหม่,สันทราย,2026-04-01,18.853115136013184,99.03501332086458,170.23386554621848
เชียงใหม่,สันทราย,2026-04-02,18.85298487052814,99.03519294833346,168.23333333333332
เชียงใหม่,สันทราย,2026-04-03,18.853382347264546,99.03464485426176,158.0865811965812
เชียงใหม่,สันทราย,2026-04-04,18.85364741399463,99.03535168275876,161.48077586206898
เชียงใหม่,สันทราย,2026-04-05,18.855369730946563,99.03190438390311,134.49721153846156
เชียงใหม่,สันทราย,2026-04-06,18.855901011732843,99.03117178291615,97.36970297029703
เชียงใหม่,สันทราย,2026-04-07,18.85298487052814,99.03519294833346,103.46641666666666
เชียงใหม่,สันทราย,2026-04-08,18.85298487052814,99.03519294833346,73.30491666666667
เชียงใหม่,สันทราย,2026-04-09,18.85608438373441,99.03396772904873,79.35
เชียงใหม่,สันทราย,2026-04-10,18.857272822254824,99.03440968123816,75.14041237113402
เชียงใหม่,สันทราย,2026-04-11,18.85298487052814,99.03519294833346,84.49991666666666
เชียงใหม่,สันทราย,2026-04-12,18.85298487052814,99.03519294833346,119.15283333333333
เชียงใหม่,สันทราย,2026-04-13,18.85298487052814,99.03519294833346,102.99166666666666
เชียงใหม่,สันทราย,2026-04-14,18.853519408208133,99.03445585630597,85.43163793103449
เชียงใหม่,สันทราย,2026-04-15,18.853115136013184,99.03501332086458,69.59420168067227
เชียงใหม่,สันทราย,2026-04-16,18.85298487052814,99.03519294833346,75.98341666666667
เชียงใหม่,สันทราย,2026-04-17,18.853247609387797,99.03483064886234,114.89915254237289
เชียงใหม่,สันทราย,2026-04-18,18.85298487052814,99.03519294833346,90.35908333333333
เชียงใหม่,สันทราย,2026-04-19,18.85298487052814,99.03519294833346,87.01050000000001
เชียงใหม่,สันทราย,2026-04-20,18.85298487052814,99.03519294833346,65.41991666666667
เชียงใหม่,สันทราย,2026-04-21,18.853247609387797,99.03483064886234,70.0271186440678
เชียงใหม่,สันทราย,2026-04-22,18.853382347264546,99.03464485426176,63.91760683760683
เชียงใหม่,สันทราย,2026-04-23,18.853945146183346,99.03386879185929,67.66495575221239
เชียงใหม่,สันทราย,2026-04-24,18.853800743829183,99.03406791313361,59.05271929824561
เชียงใหม่,สันทราย,2026-04-25,18.856860268708076,99.02984903113412,37.046875
เชียงใหม่,สันทราย,2026-04-26,18.8560647722009,99.03026211971572,38.138275862068966
เชียงใหม่,สันทราย,2026-04-27,18.853800743829183,99.03406791313361,30.653421052631582
เชียงใหม่,สันทราย,2026-04-28,18.853115136013184,99.03501332086458,32.842773109243694
เชียงใหม่,สันทราย,2026-04-29,18.85298487052814,99.03519294833346,28.739083333333333
เชียงใหม่,สันทราย,2026-04-30,18.848457568226113,99.03775027901116,34.68955752212389
เชียงใหม่,สันป่าตอง,2026-04-01,18.633219274015982,98.88322909921676,173.49297872340426
เชียงใหม่,สันป่าตอง,2026-04-02,18.63484369360638,98.88313580582017,148.14340425531915
เชียงใหม่,สันป่าตอง,2026-04-03,18.632504529396204,98.88327014831125,151.19979999999998
เชียงใหม่,สันป่าตอง,2026-04-04,18.62130686368639,98.88391325079172,141.24361111111114
เชียงใหม่,สันป่าตอง,2026-04-05,18.62130686368639,98.88391325079172,109.18347222222222
เชียงใหม่,สันป่าตอง,2026-04-06,18.62130686368639,98.88391325079172,84.22319444444445
เชียงใหม่,สันป่าตอง,2026-04-07,18.627449783746634,98.88356045162531,98.34224137931035
เชียงใหม่,สันป่าตอง,2026-04-08,18.621665303689902,98.88389266492486,89.59830985915492
เชียงใหม่,สันป่าตอง,2026-04-09,18.62130686368639,98.88391325079172,88.61736111111111
เชียงใหม่,สันป่าตอง,2026-04-10,18.622033984836378,98.88387149089039,75.59757142857143
เชียงใหม่,สันป่าตอง,2026-04-11,18.62241335239289,98.88384970311579,85.10304347826086
เชียงใหม่,สันป่าตอง,2026-04-12,18.621665303689902,98.88389266492486,113.60408450704226
เชียงใหม่,สันป่าตอง,2026-04-13,18.62130686368639,98.88391325079172,98.56402777777777
เชียงใหม่,สันป่าตอง,2026-04-14,18.62130686368639,98.88391325079172,90.14986111111111
เชียงใหม่,สันป่าตอง,2026-04-15,18.623206060719937,98.88380417642257,88.13492537313432
เชียงใหม่,สันป่าตอง,2026-04-16,18.622803877818715,98.88382727452428,80.18661764705882
เชียงใหม่,สันป่าตอง,2026-04-17,18.62130686368639,98.88391325079172,101.22055555555556
เชียงใหม่,สันป่าตอง,2026-04-18,18.621665303689902,98.88389266492486,75.43577464788731
เชียงใหม่,สันป่าตอง,2026-04-19,18.62130686368639,98.88391325079172,61.786944444444444
เชียงใหม่,สันป่าตอง,2026-04-20,18.61667972909555,98.88417899561836,62.78469696969697
เชียงใหม่,สันป่าตอง,2026-04-21,18.62130686368639,98.88391325079172,66.51249999999999
เชียงใหม่,สันป่าตอง,2026-04-22,18.629172992490805,98.88346148458643,55.28945454545455
เชียงใหม่,สันป่าตอง,2026-04-23,18.63657640783614,98.88303629286384,64.56111111111112
เชียงใหม่,สันป่าตอง,2026-04-24,18.63403148381118,98.88318245251848,48.85541666666666
เชียงใหม่,สันป่าตอง,2026-04-25,18.63403148381118,98.88318245251848,33.62
เชียงใหม่,สันป่าตอง,2026-04-26,18.634919248005936,98.88313146659243,29.435581395348837
เชียงใหม่,สันป่าตอง,2026-04-27,18.63403148381118,98.88318245251848,28.04104166666667
เชียงใหม่,สันป่าตอง,2026-04-28,18.628004032173124,98.8835286201216,33.50105263157894
เชียงใหม่,สันป่าตอง,2026-04-29,18.63403148381118,98.88318245251848,29.598958333333332
เชียงใหม่,สันป่าตอง,2026-04-30,18.63403148381118,98.88318245251848,30.89979166666667
เชียงใหม่,สารภี,2026-04-01,18.680982,99.043118,120.30291666666666
เชียงใหม่,สารภี,2026-04-02,18.691620368184363,99.05080336456437,120.22848484848485
เชียงใหม่,สารภี,2026-04-03,18.699118979652077,99.0508618722026,110.2974
เชียงใหม่,สารภี,2026-04-04,18.702234161091933,99.05160092999978,142.63569444444445
เชียงใหม่,สารภี,2026-04-05,18.702234161091933,99.05160092999978,108.6675
เชียงใหม่,สารภี,2026-04-06,18.702234161091933,99.05160092999978,94.65722222222222
เชียงใหม่,สารภี,2026-04-07,18.702234161091933,99.05160092999978,107.24583333333334
เชียงใหม่,สารภี,2026-04-08,18.702234161091933,99.05160092999978,82.07666666666667
เชียงใหม่,สารภี,2026-04-09,18.702234161091933,99.05160092999978,75.88749999999999
เชียงใหม่,สารภี,2026-04-10,18.702234161091933,99.05160092999978,69.39708333333334
เชียงใหม่,สารภี,2026-04-11,18.702234161091933,99.05160092999978,76.02555555555556
เชียงใหม่,สารภี,2026-04-12,18.702234161091933,99.05160092999978,104.7351388888889
เชียงใหม่,สารภี,2026-04-13,18.702234161091933,99.05160092999978,88.20347222222222
เชียงใหม่,สารภี,2026-04-14,18.702234161091933,99.05160092999978,73.39888888888889
เชียงใหม่,สารภี,2026-04-15,18.702234161091933,99.05160092999978,71.03958333333334
เชียงใหม่,สารภี,2026-04-16,18.702234161091933,99.05160092999978,73.85611111111112
เชียงใหม่,สารภี,2026-04-17,18.702234161091933,99.05160092999978,101.74638888888889
เชียงใหม่,สารภี,2026-04-18,18.702234161091933,99.05160092999978,81.80055555555556
เชียงใหม่,สารภี,2026-04-19,18.702234161091933,99.05160092999978,73.26805555555556
เชียงใหม่,สารภี,2026-04-20,18.702234161091933,99.05160092999978,64.18458333333334
เชียงใหม่,สารภี,2026-04-21,18.702533487304493,99.0517204078871,62.39732394366197
เชียงใหม่,สารภี,2026-04-22,18.708803010883983,99.05422292654515,61.37854545454546
เชียงใหม่,สารภี,2026-04-23,18.712860241637895,99.05584239499966,53.505208333333336
เชียงใหม่,สารภี,2026-04-24,18.712860241637895,99.05584239499966,48.79916666666667
เชียงใหม่,สารภี,2026-04-25,18.712860241637895,99.05584239499966,33.71604166666666
เชียงใหม่,สารภี,2026-04-26,18.712694448419956,99.05548296999804,34.397441860465115
เชียงใหม่,สารภี,2026-04-27,18.712860241637895,99.05584239499966,31.086250000000003
เชียงใหม่,สารภี,2026-04-28,18.705661929009985,99.05296914451587,32.47758064516129
เชียงใหม่,สารภี,2026-04-29,18.702234161091933,99.05160092999978,30.85986111111111
เชียงใหม่,สารภี,2026-04-30,18.702234161091933,99.05160092999978,38.58708333333333
เชียงใหม่,หางดง,2026-04-01,18.70169273564992,98.93461174147173,182.7887878787879
เชียงใหม่,หางดง,2026-04-02,18.701760734672277,98.93451310958282,156.6223214285714
เชียงใหม่,หางดง,2026-04-03,18.701760734672277,98.93451310958282,169.89357142857142
เชียงใหม่,หางดง,2026-04-04,18.701760734672277,98.93451310958282,208.0410119047619
เชียงใหม่,หางดง,2026-04-05,18.701985550752667,98.93470962897538,156.5381325301205
เชียงใหม่,หางดง,2026-04-06,18.701985550752667,98.93470962897538,112.7628313253012
เชียงใหม่,หางดง,2026-04-07,18.701760734672277,98.93451310958282,121.10827380952381
เชียงใหม่,หางดง,2026-04-08,18.701760734672277,98.93451310958282,113.3157142857143
เชียงใหม่,หางดง,2026-04-09,18.701760734672277,98.93451310958282,104.33732142857141
เชียงใหม่,หางดง,2026-04-10,18.701760734672277,98.93451310958282,94.93922619047619
เชียงใหม่,หางดง,2026-04-11,18.701760734672277,98.93451310958282,105.57869047619049
เชียงใหม่,หางดง,2026-04-12,18.701760734672277,98.93451310958282,146.87416666666667
เชียงใหม่,หางดง,2026-04-13,18.701760734672277,98.93451310958282,134.02166666666668
เชียงใหม่,หางดง,2026-04-14,18.701760734672277,98.93451310958282,102.30023809523809
เชียงใหม่,หางดง,2026-04-15,18.701760734672277,98.93451310958282,103.34279761904762
เชียงใหม่,หางดง,2026-04-16,18.701872469610436,98.9346107808977,358.29898203592813
เชียงใหม่,หางดง,2026-04-17,18.701760734672277,98.93451310958282,473.18130952380955
เชียงใหม่,หางดง,2026-04-18,18.701760734672277,98.93451310958282,106.97464285714287
เชียงใหม่,หางดง,2026-04-19,18.701760734672277,98.93451310958282,102.41827380952381
เชียงใหม่,หางดง,2026-04-20,18.701760734672277,98.93451310958282,88.90785714285714
เชียงใหม่,หางดง,2026-04-21,18.701872469610436,98.9346107808977,95.05011976047903
เชียงใหม่,หางดง,2026-04-22,18.70386149950293,98.9363494596683,80.85807947019867
เชียงใหม่,หางดง,2026-04-23,18.70487069045099,98.93723162784663,83.94972222222222
เชียงใหม่,หางดง,2026-04-24,18.70487069045099,98.93723162784663,65.41993055555555
เชียงใหม่,หางดง,2026-04-25,18.70487069045099,98.93723162784663,43.132361111111116
เชียงใหม่,หางดง,2026-04-26,18.704726890716355,98.93725667599871,40.353692307692306
เชียงใหม่,หางดง,2026-04-27,18.70487069045099,98.93723162784663,36.005833333333335
เชียงใหม่,หางดง,2026-04-28,18.702941730537614,98.93554545829059,39.24221518987341
เชียงใหม่,หางดง,2026-04-29,18.703599470081798,98.93568855401412,34.4941116751269
เชียงใหม่,หางดง,2026-04-30,18.704305706087116,98.936107564719,40.323750000000004
เชียงใหม่,อมก๋อย,2026-04-01,17.729415973625947,98.37680723904556,108.9266
เชียงใหม่,อมก๋อย,2026-04-02,17.610543199625948,98.40661864104555,109.91
เชียงใหม่,อมก๋อย,2026-04-03,17.602671062110364,98.40869453442247,102.09395833333333
เชียงใหม่,อมก๋อย,2026-04-04,17.602671062110364,98.40869453442247,128.72187499999998
เชียงใหม่,อมก๋อย,2026-04-05,17.602671062110364,98.40869453442247,124.768125
เชียงใหม่,อมก๋อย,2026-04-06,17.602671062110364,98.40869453442247,83.569375
เชียงใหม่,อมก๋อย,2026-04-07,17.64952902351266,98.39633802622663,73.98253968253968
เชียงใหม่,อมก๋อย,2026-04-08,17.666424288468974,98.39188272186307,66.51140845070424
เชียงใหม่,อมก๋อย,2026-04-09,17.602671062110364,98.40869453442247,54.274166666666666
เชียงใหม่,อมก๋อย,2026-04-10,17.602671062110364,98.40869453442247,76.88375
เชียงใหม่,อมก๋อย,2026-04-11,17.802110204220725,98.36122052884492,58.149166666666666
เชียงใหม่,อมก๋อย,2026-04-12,17.602671062110364,98.40869453442247,84.774375
เชียงใหม่,อมก๋อย,2026-04-13,17.602671062110364,98.40869453442247,62.07583333333333
เชียงใหม่,อมก๋อย,2026-04-14,17.602671062110364,98.40869453442247,62.58166666666667
เชียงใหม่,อมก๋อย,2026-04-15,17.602671062110364,98.40869453442247,66.32625
เชียงใหม่,อมก๋อย,2026-04-16,17.757790394862866,98.37177030786215,93.06592592592594
เชียงใหม่,อมก๋อย,2026-04-17,17.64465824992307,98.39870000693246,109.90289473684211
เชียงใหม่,อมก๋อย,2026-04-18,17.602671062110364,98.40869453442247,121.65770833333333
เชียงใหม่,อมก๋อย,2026-04-19,17.62586166003017,98.40317430121577,120.03139534883722
เชียงใหม่,อมก๋อย,2026-04-20,17.771427259280667,98.36852422201069,69.47884615384615
เชียงใหม่,อมก๋อย,2026-04-21,17.733338086251635,98.3775908755958,77.37206896551724
เชียงใหม่,อมก๋อย,2026-04-22,17.602671062110364,98.40869453442247,68.91479166666666
เชียงใหม่,อมก๋อย,2026-04-23,17.602671062110364,98.40869453442247,65.73791666666666
เชียงใหม่,อมก๋อย,2026-04-24,17.593999795062086,98.41075862162148,54.97826086956522
เชียงใหม่,อมก๋อย,2026-04-25,17.602671062110364,98.40869453442247,52.77
เชียงใหม่,อมก๋อย,2026-04-26,17.60267106211036,98.40869453442247,35.1925
เชียงใหม่,อมก๋อย,2026-04-27,17.602671062110364,98.40869453442247,39.97895833333333
เชียงใหม่,อมก๋อย,2026-04-28,17.602671062110364,98.40869453442247,36.729375
เชียงใหม่,อมก๋อย,2026-04-29,17.602671062110364,98.40869453442247,39.025625
เชียงใหม่,อมก๋อย,2026-04-30,17.630785838951738,98.40128062950497,44.25785714285714
เชียงใหม่,ฮอด,2026-04-01,18.185444615531914,98.6115937238298,145.29744680851064
เชียงใหม่,ฮอด,2026-04-02,18.185575105,98.61158552,179.65958333333333
เชียงใหม่,ฮอด,2026-04-03,18.185166238,98.61161122533333,196.33755555555555
เชียงใหม่,ฮอด,2026-04-04,18.185575105,98.61158552,124.32916666666667
เชียงใหม่,ฮอด,2026-04-05,18.1825086025,98.61177831,113.533125
เชียงใหม่,ฮอด,2026-04-06,18.181556929310347,98.61183814137931,111.54586206896552
เชียงใหม่,ฮอด,2026-04-07,18.185575105,98.61158552,83.378125
เชียงใหม่,ฮอด,2026-04-08,18.185575105,98.61158552,77.79125
เชียงใหม่,ฮอด,2026-04-09,18.184348504,98.611662636,99.24475
เชียงใหม่,ฮอด,2026-04-10,18.184528006585367,98.61165135073172,95.24268292682926
เชียงใหม่,ฮอด,2026-04-11,18.185575105,98.61158552,94.62416666666667
เชียงใหม่,ฮอด,2026-04-12,18.185575105,98.61158552,95.24583333333334
เชียงใหม่,ฮอด,2026-04-13,18.185575105,98.61158552,89.86125
เชียงใหม่,ฮอด,2026-04-14,18.18501755909091,98.61162057272728,101.7
เชียงใหม่,ฮอด,2026-04-15,18.185444615531914,98.6115937238298,102.49085106382978
เชียงใหม่,ฮอด,2026-04-16,18.185575105,98.61158552,109.35354166666667
เชียงใหม่,ฮอด,2026-04-17,18.183530769999997,98.61171404666668,111.68083333333334
เชียงใหม่,ฮอด,2026-04-18,18.182787375454545,98.61176078363637,90.9430303030303
เชียงใหม่,ฮอด,2026-04-19,18.185575105,98.61158552,104.87416666666667
เชียงใหม่,ฮอด,2026-04-20,18.185575105,98.61158552,77.52229166666667
เชียงใหม่,ฮอด,2026-04-21,18.185444615531914,98.6115937238298,66.41170212765957
เชียงใหม่,ฮอด,2026-04-22,18.185166238,98.61161122533333,57.54866666666667
เชียงใหม่,ฮอด,2026-04-23,18.185575105,98.61158552,57.315625000000004
เชียงใหม่,ฮอด,2026-04-24,18.185575105,98.61158552,48.18979166666667
เชียงใหม่,ฮอด,2026-04-25,18.185575105,98.61158552,50.37562499999999
เชียงใหม่,ฮอด,2026-04-26,18.185575105,98.61158552,37.127500000000005
เชียงใหม่,ฮอด,2026-04-27,18.185575105,98.61158552,35.458333333333336
เชียงใหม่,ฮอด,2026-04-28,18.185444615531914,98.6115937238298,33.92404255319149
เชียงใหม่,ฮอด,2026-04-29,18.185575105,98.61158552,30.027708333333333
เชียงใหม่,ฮอด,2026-04-30,18.185575105,98.61158552,37.567083333333336
เชียงใหม่,เชียงดาว,2026-04-01,19.4954884160667,98.98258185819654,285.62642045454544
เชียงใหม่,เชียงดาว,2026-04-02,19.516171825331693,98.9904039134754,282.46050314465407
เชียงใหม่,เชียงดาว,2026-04-03,19.512607361144752,98.98705673928409,254.69896341463414
เชียงใหม่,เชียงดาว,2026-04-04,19.501797431439883,98.98227749856196,275.91592178770946
เชียงใหม่,เชียงดาว,2026-04-05,19.51645731355248,98.99432606523942,226.0845222929936
เชียงใหม่,เชียงดาว,2026-04-06,19.518555137842462,98.99673551456226,175.29409090909093
เชียงใหม่,เชียงดาว,2026-04-07,19.524713014539365,98.96928524433598,129.714009009009
เชียงใหม่,เชียงดาว,2026-04-08,19.541577912721593,98.96361099261593,106.92214285714286
เชียงใหม่,เชียงดาว,2026-04-09,19.55101675548098,98.96690207251156,154.5686607142857
เชียงใหม่,เชียงดาว,2026-04-10,19.54782039833812,98.96648403858299,152.665625
เชียงใหม่,เชียงดาว,2026-04-11,19.536635750964994,98.96360531797707,162.9692372881356
เชียงใหม่,เชียงดาว,2026-04-12,19.540117038448912,98.96362010101079,183.48720833333334
เชียงใหม่,เชียงดาว,2026-04-13,19.540117038448912,98.96362010101079,236.48208333333332
เชียงใหม่,เชียงดาว,2026-04-14,19.54537897080922,98.96520450104563,170.32431034482758
เชียงใหม่,เชียงดาว,2026-04-15,19.541399358099742,98.964006215305,151.95894957983194
เชียงใหม่,เชียงดาว,2026-04-16,19.540117038448912,98.96362010101079,158.25395833333332
เชียงใหม่,เชียงดาว,2026-04-17,19.541101731742476,98.96500271043841,136.20867521367524
เชียงใหม่,เชียงดาว,2026-04-18,19.537430463557882,98.9624568410956,165.31438679245284
เชียงใหม่,เชียงดาว,2026-04-19,19.553727817959103,98.95586115961677,100.05257425742573
เชียงใหม่,เชียงดาว,2026-04-20,19.54191325943957,98.96173669085843,90.72860169491526
เชียงใหม่,เชียงดาว,2026-04-21,19.539061693556306,98.96479519361716,96.34438524590163
เชียงใหม่,เชียงดาว,2026-04-22,19.551090772422338,98.96572573464132,95.36304347826088
เชียงใหม่,เชียงดาว,2026-04-23,19.553312033684207,98.96446069473684,90.14284210526316
เชียงใหม่,เชียงดาว,2026-04-24,19.553149791578946,98.96371603894737,84.11642105263158
เชียงใหม่,เชียงดาว,2026-04-25,19.548281145744678,98.96580188138299,74.19015957446808
เชียงใหม่,เชียงดาว,2026-04-26,19.527171099363056,98.97226506751592,47.99643312101911
เชียงใหม่,เชียงดาว,2026-04-27,19.536614670526316,98.9697136,40.915789473684214
เชียงใหม่,เชียงดาว,2026-04-28,19.54703499716903,98.96407981257573,35.275045871559634
เชียงใหม่,เชียงดาว,2026-04-29,19.522845860126086,98.96997192837541,31.12509090909091
เชียงใหม่,เชียงดาว,2026-04-30,19.49262129806114,98.98108762626349,36.9696875
เชียงใหม่,เมือง,2026-04-01,18.788281219310452,98.97264238990415,126.9192857142857
เชียงใหม่,เมือง,2026-04-02,18.787847618781438,98.97252889405394,132.28125260960334
เชียงใหม่,เมือง,2026-04-03,18.787153317153976,98.97310219508083,130.87701431492843
เชียงใหม่,เมือง,2026-04-04,18.787281002860027,98.974173310807,159.67469979296067
เชียงใหม่,เมือง,2026-04-05,18.78902383953248,98.9712633471428,142.7342270531401
เชียงใหม่,เมือง,2026-04-06,18.7874494450981,98.97117734268458,100.08414965986395
เชียงใหม่,เมือง,2026-04-07,18.78659968039801,98.97404558126439,100.16191699604744
เชียงใหม่,เมือง,2026-04-08,18.78686166645845,98.97412244026472,86.9943172690763
เชียงใหม่,เมือง,2026-04-09,18.786935079851425,98.97431166363295,82.15631163708086
เชียงใหม่,เมือง,2026-04-10,18.786884648220877,98.97543629151805,90.81557407407408
เชียงใหม่,เมือง,2026-04-11,18.78894496316567,98.97473129267091,97.04142284569139
เชียงใหม่,เมือง,2026-04-12,18.789042599749347,98.97454960370067,119.23308617234468
เชียงใหม่,เมือง,2026-04-13,18.789327994453142,98.97423401663005,103.022578125
เชียงใหม่,เมือง,2026-04-14,18.78929943743078,98.97395145520971,84.22047524752476
เชียงใหม่,เมือง,2026-04-15,18.789150253823227,98.97360420687943,77.18584158415841
เชียงใหม่,เมือง,2026-04-16,18.78778929090843,98.97575949574777,76.21987155963303
เชียงใหม่,เมือง,2026-04-17,18.787152576425875,98.97642768029854,106.72327927927928
เชียงใหม่,เมือง,2026-04-18,18.786443529673626,98.97741264877126,82.60490706319703
เชียงใหม่,เมือง,2026-04-19,18.786833415898382,98.97698043287583,89.06333938294011
เชียงใหม่,เมือง,2026-04-20,18.786354858820097,98.97639920346597,75.34120629370629
เชียงใหม่,เมือง,2026-04-21,18.786244311709478,98.97615636383294,75.68585409252668
เชียงใหม่,เมือง,2026-04-22,18.787873669751534,98.97622481094726,66.27199535962878
เชียงใหม่,เมือง,2026-04-23,18.788879730955106,98.97590159445728,69.03096685082873
เชียงใหม่,เมือง,2026-04-24,18.78900680372008,98.97507867035196,60.32982905982906
เชียงใหม่,เมือง,2026-04-25,18.789194139489307,98.97421324174867,37.32333333333333
เชียงใหม่,เมือง,2026-04-26,18.7902415590837,98.97491547492575,34.187839721254356
เชียงใหม่,เมือง,2026-04-27,18.788840845687286,98.97506996054491,31.689500000000002
เชียงใหม่,เมือง,2026-04-28,18.786945252417944,98.97567099650556,32.31427272727273
เชียงใหม่,เมือง,2026-04-29,18.78579141523672,98.97385679262676,29.793991769547322
เชียงใหม่,เมือง,2026-04-30,18.786037260703047,98.97516489118878,34.5451953125
เชียงใหม่,เมืองเชียงใหม่,2026-04-02,18.772478,98.99555099999999,93.49000000000001
เชียงใหม่,เมืองเชียงใหม่,2026-04-03,18.772478,98.99555100000002,149.14083333333335
เชียงใหม่,เมืองเชียงใหม่,2026-04-04,18.772478,98.99555100000002,166.27041666666665
เชียงใหม่,เมืองเชียงใหม่,2026-04-05,18.772478,98.99555100000002,125.51291666666667
เชียงใหม่,เมืองเชียงใหม่,2026-04-06,18.772478,98.99555100000002,89.37708333333335
เชียงใหม่,เมืองเชียงใหม่,2026-04-07,18.772478,98.99555100000002,105.30833333333334
เชียงใหม่,เมืองเชียงใหม่,2026-04-08,18.772478,98.99555100000002,76.60875
เชียงใหม่,เมืองเชียงใหม่,2026-04-09,18.772478,98.99555100000002,83.70541666666666
เชียงใหม่,เมืองเชียงใหม่,2026-04-10,18.772478,98.99555099999999,88.28181818181818
เชียงใหม่,เมืองเชียงใหม่,2026-04-13,18.779594178639204,98.99119560238886,91.21727272727273
เชียงใหม่,เมืองเชียงใหม่,2026-04-14,18.77560911860125,98.9936346250511,84.38166666666666
เชียงใหม่,เมืองเชียงใหม่,2026-04-15,18.780305796503125,98.99076006262776,83.00479166666666
เชียงใหม่,เมืองเชียงใหม่,2026-04-16,18.78639408267222,98.98703377800487,97.68148148148148
เชียงใหม่,เมืองเชียงใหม่,2026-04-17,18.78813359300625,98.9859691252555,148.87
เชียงใหม่,เมืองเชียงใหม่,2026-04-18,18.78813359300625,98.9859691252555,117.85374999999999
เชียงใหม่,เมืองเชียงใหม่,2026-04-19,18.78813359300625,98.9859691252555,120.56958333333334
เชียงใหม่,เมืองเชียงใหม่,2026-04-20,18.78352900682794,98.98878732370974,85.67470588235294
เชียงใหม่,เมืองเชียงใหม่,2026-04-21,18.780305796503125,98.99076006262776,84.28145833333333
เชียงใหม่,เมืองเชียงใหม่,2026-04-22,18.781284271066017,98.99016119545621,87.545
เชียงใหม่,เมืองเชียงใหม่,2026-04-28,18.772478,98.99555100000002,34.623333333333335
เชียงใหม่,เมืองเชียงใหม่,2026-04-29,18.772478,98.99555100000002,36.316250000000004
เชียงใหม่,เมืองเชียงใหม่,2026-04-30,18.772478,98.99555100000002,39.973333333333336
เชียงใหม่,เวียงแหง,2026-04-01,19.560701870696757,98.63519183068556,179.73521739130433
เชียงใหม่,เวียงแหง,2026-04-02,19.560701870696757,98.63519183068554,160.46875
เชียงใหม่,เวียงแหง,2026-04-03,19.560701870696757,98.63519183068554,170.74708333333334
เชียงใหม่,เวียงแหง,2026-04-04,19.560701870696757,98.63519183068554,204.835
เชียงใหม่,เวียงแหง,2026-04-05,19.560701870696757,98.63519183068554,199.20791666666665
เชียงใหม่,เวียงแหง,2026-04-06,19.560701870696757,98.63519183068554,170.22458333333333
เชียงใหม่,เวียงแหง,2026-04-07,19.560701870696757,98.63519183068554,124.83791666666667
เชียงใหม่,เวียงแหง,2026-04-08,19.560701870696757,98.63519183068554,113.47708333333333
เชียงใหม่,เวียงแหง,2026-04-09,19.560701870696757,98.63519183068554,174.48083333333332
เชียงใหม่,เวียงแหง,2026-04-10,19.560701870696757,98.63519183068554,157.21041666666667
เชียงใหม่,เวียงแหง,2026-04-11,19.560701870696757,98.63519183068554,175.21916666666667
เชียงใหม่,เวียงแหง,2026-04-12,19.560701870696757,98.63519183068554,210.98333333333335
เชียงใหม่,เวียงแหง,2026-04-13,19.560701870696757,98.63519183068554,244.37458333333333
เชียงใหม่,เวียงแหง,2026-04-14,19.560701870696757,98.63519183068554,205.82041666666666
เชียงใหม่,เวียงแหง,2026-04-15,19.560701870696757,98.63519183068554,181.5895833333333
เชียงใหม่,เวียงแหง,2026-04-16,19.560701870696757,98.63519183068554,181.70333333333335
เชียงใหม่,เวียงแหง,2026-04-17,19.560701870696757,98.63519183068554,161.25333333333333
เชียงใหม่,เวียงแหง,2026-04-18,19.560701870696757,98.63519183068554,179.6783333333333
เชียงใหม่,เวียงแหง,2026-04-19,19.560701870696757,98.63519183068554,94.09249999999999
เชียงใหม่,เวียงแหง,2026-04-20,19.560701870696757,98.63519183068554,95.165
เชียงใหม่,เวียงแหง,2026-04-21,19.560701870696757,98.63519183068554,114.47000000000001
เชียงใหม่,เวียงแหง,2026-04-22,19.560701870696757,98.63519183068554,108.87083333333334
เชียงใหม่,เวียงแหง,2026-04-23,19.560701870696757,98.63519183068554,87.07041666666667
เชียงใหม่,เวียงแหง,2026-04-24,19.560701870696757,98.63519183068554,92.20958333333334
เชียงใหม่,เวียงแหง,2026-04-25,19.560701870696757,98.63519183068554,83.33791666666666
เชียงใหม่,เวียงแหง,2026-04-26,19.560701870696757,98.63519183068554,46.489999999999995
เชียงใหม่,เวียงแหง,2026-04-27,19.560701870696757,98.63519183068554,44.61083333333334
เชียงใหม่,เวียงแหง,2026-04-28,19.560701870696757,98.63519183068554,40.65625
เชียงใหม่,เวียงแหง,2026-04-29,19.560701870696757,98.63519183068554,30.72
เชียงใหม่,เวียงแหง,2026-04-30,19.560701870696757,98.63519183068554,36.87708333333333
เชียงใหม่,แม่ริม,2026-04-01,18.868554613126758,98.9583762887324,200.71971830985916
เชียงใหม่,แม่ริม,2026-04-02,18.868308539333334,98.95848173333333,211.75430555555556
เชียงใหม่,แม่ริม,2026-04-03,18.8688077176,98.95826783142857,198.61714285714288
เชียงใหม่,แม่ริม,2026-04-04,18.869336259294116,98.95804134705882,249.15397058823532
เชียงใหม่,แม่ริม,2026-04-05,18.8688077176,98.95826783142857,195.98842857142859
เชียงใหม่,แม่ริม,2026-04-06,18.8688077176,98.95826783142857,151.16714285714286
เชียงใหม่,แม่ริม,2026-04-07,18.8688077176,98.95826783142857,137.65028571428573
เชียงใหม่,แม่ริม,2026-04-08,18.868308539333334,98.95848173333333,118.72319444444445
เชียงใหม่,แม่ริม,2026-04-09,18.868308539333334,98.95848173333333,112.60888888888888
เชียงใหม่,แม่ริม,2026-04-10,18.868554613126758,98.9583762887324,134.0625352112676
เชียงใหม่,แม่ริม,2026-04-11,18.870190057415385,98.9576754876923,127.644
เชียงใหม่,แม่ริม,2026-04-12,18.869068158434782,98.95815623043478,177.42913043478262
เชียงใหม่,แม่ริม,2026-04-13,18.870492444249997,98.9575459125,158.9090625
เชียงใหม่,แม่ริม,2026-04-14,18.86989683381818,98.95780113636363,130.23969696969698
เชียงใหม่,แม่ริม,2026-04-15,18.870190057415385,98.9576754876923,105.2503076923077
เชียงใหม่,แม่ริม,2026-04-16,18.869336259294116,98.95804134705882,109.66426470588236
เชียงใหม่,แม่ริม,2026-04-17,18.868308539333334,98.95848173333333,155.7184722222222
เชียงใหม่,แม่ริม,2026-04-18,18.868308539333334,98.95848173333333,139.96416666666667
เชียงใหม่,แม่ริม,2026-04-19,18.869336259294116,98.95804134705882,141.63367647058823
เชียงใหม่,แม่ริม,2026-04-20,18.8688077176,98.95826783142857,102.92314285714285
เชียงใหม่,แม่ริม,2026-04-21,18.8688077176,98.95826783142857,107.31342857142856
เชียงใหม่,แม่ริม,2026-04-22,18.869336259294116,98.95804134705882,98.40617647058824
เชียงใหม่,แม่ริม,2026-04-23,18.868308539333334,98.95848173333333,101.27166666666668
เชียงใหม่,แม่ริม,2026-04-24,18.868554613126758,98.9583762887324,97.77352112676057
เชียงใหม่,แม่ริม,2026-04-25,18.868308539333334,98.95848173333333,65.25583333333333
เชียงใหม่,แม่ริม,2026-04-26,18.868723070707688,98.95839874461538,55.78261538461538
เชียงใหม่,แม่ริม,2026-04-27,18.868554613126758,98.9583762887324,50.15732394366197
เชียงใหม่,แม่ริม,2026-04-28,18.869336259294116,98.95804134705882,52.391029411764706
เชียงใหม่,แม่ริม,2026-04-29,18.868554613126758,98.9583762887324,46.96788732394366
เชียงใหม่,แม่ริม,2026-04-30,18.868308539333334,98.95848173333333,56.78041666666667
เชียงใหม่,แม่วาง,2026-04-01,18.61577,98.77391,265.1326086956522
เชียงใหม่,แม่วาง,2026-04-02,18.61577,98.77391,197.57916666666665
เชียงใหม่,แม่วาง,2026-04-03,18.61577,98.77391,198.255
เชียงใหม่,แม่วาง,2026-04-04,18.61577,98.77391,202.76625
เชียงใหม่,แม่วาง,2026-04-05,18.61577,98.77391,166.41625
เชียงใหม่,แม่วาง,2026-04-06,18.61577,98.77391,116.02625
เชียงใหม่,แม่วาง,2026-04-07,18.61577,98.77391,144.26833333333335
เชียงใหม่,แม่วาง,2026-04-08,18.61577,98.77391,115.86125
เชียงใหม่,แม่วาง,2026-04-09,18.61577,98.77391,114.75583333333333
เชียงใหม่,แม่วาง,2026-04-10,18.61577,98.77391,91.43124999999999
เชียงใหม่,แม่วาง,2026-04-11,18.61577,98.77391,121.31416666666667
เชียงใหม่,แม่วาง,2026-04-12,18.61577,98.77391,139.7825
เชียงใหม่,แม่วาง,2026-04-13,18.61577,98.77391,117.3125
เชียงใหม่,แม่วาง,2026-04-14,18.61577,98.77391,95.91041666666666
เชียงใหม่,แม่วาง,2026-04-15,18.61577,98.77391,97.99916666666667
เชียงใหม่,แม่วาง,2026-04-16,18.61577,98.77391,98.5775
เชียงใหม่,แม่วาง,2026-04-17,18.61577,98.77391,127.24833333333333
เชียงใหม่,แม่วาง,2026-04-18,18.61577,98.77391,114.91416666666667
เชียงใหม่,แม่วาง,2026-04-19,18.61577,98.77391,135.23208333333335
เชียงใหม่,แม่วาง,2026-04-20,18.61577,98.77391,142.58708333333334
เชียงใหม่,แม่วาง,2026-04-21,18.61577,98.77391,154.27125
เชียงใหม่,แม่วาง,2026-04-22,18.61577,98.77391,95.73333333333333
เชียงใหม่,แม่วาง,2026-04-23,18.61577,98.77391,91.13666666666666
เชียงใหม่,แม่วาง,2026-04-24,18.61577,98.77391,75.50333333333333
เชียงใหม่,แม่วาง,2026-04-25,18.61577,98.77391,55.739583333333336
เชียงใหม่,แม่วาง,2026-04-26,18.61577,98.77391000000001,44.75863636363636
เชียงใหม่,แม่วาง,2026-04-27,18.61577,98.77391,43.39333333333334
เชียงใหม่,แม่วาง,2026-04-28,18.61577,98.77391,44.52625
เชียงใหม่,แม่วาง,2026-04-29,18.61577,98.77391,37.02333333333333
เชียงใหม่,แม่วาง,2026-04-30,18.61577,98.77391,48.53666666666666
เชียงใหม่,แม่ออน,2026-04-01,18.744605,99.221795,227.3670833333333
เชียงใหม่,แม่ออน,2026-04-02,18.744605,99.221795,232.34916666666666
เชียงใหม่,แม่ออน,2026-04-03,18.744605,99.221795,193.70875
เชียงใหม่,แม่ออน,2026-04-04,18.744605,99.221795,183.0583333333333
เชียงใหม่,แม่ออน,2026-04-05,18.744605,99.221795,170.53125
เชียงใหม่,แม่ออน,2026-04-06,18.744605,99.221795,136.28875
เชียงใหม่,แม่ออน,2026-04-07,18.744605,99.221795,137.4625
เชียงใหม่,แม่ออน,2026-04-08,18.744605,99.221795,106.53916666666667
เชียงใหม่,แม่ออน,2026-04-09,18.744605,99.221795,93.36458333333333
เชียงใหม่,แม่ออน,2026-04-10,18.744605,99.221795,90.11125
เชียงใหม่,แม่ออน,2026-04-11,18.744605,99.221795,86.04833333333333
เชียงใหม่,แม่ออน,2026-04-12,18.744605,99.221795,128.02083333333334
เชียงใหม่,แม่ออน,2026-04-13,18.744605,99.221795,126.0625
เชียงใหม่,แม่ออน,2026-04-14,18.744605,99.221795,109.61125
เชียงใหม่,แม่ออน,2026-04-15,18.744605,99.221795,94.97500000000001
เชียงใหม่,แม่ออน,2026-04-16,18.744605,99.221795,129.92541666666668
เชียงใหม่,แม่ออน,2026-04-17,18.744605,99.221795,193.60083333333333
เชียงใหม่,แม่ออน,2026-04-18,18.744605,99.221795,136.9325
เชียงใหม่,แม่ออน,2026-04-19,18.744605,99.221795,115.10458333333334
เชียงใหม่,แม่ออน,2026-04-20,18.744605,99.221795,77.96041666666666
เชียงใหม่,แม่ออน,2026-04-21,18.744605,99.221795,96.795
เชียงใหม่,แม่ออน,2026-04-22,18.744605,99.221795,91.55958333333332
เชียงใหม่,แม่ออน,2026-04-23,18.744605,99.221795,75.19583333333334
เชียงใหม่,แม่ออน,2026-04-24,18.744605,99.221795,65.17583333333333
เชียงใหม่,แม่ออน,2026-04-25,18.744605,99.221795,38.50416666666667
เชียงใหม่,แม่ออน,2026-04-26,18.744605,99.22179499999999,34.837272727272726
เชียงใหม่,แม่ออน,2026-04-27,18.744605,99.221795,27.76125
เชียงใหม่,แม่ออน,2026-04-28,18.744605,99.221795,28.925416666666667
เชียงใหม่,แม่ออน,2026-04-29,18.744605,99.221795,22.807083333333335
เชียงใหม่,แม่ออน,2026-04-30,18.744605,99.221795,35.76083333333333
เชียงใหม่,แม่อาย,2026-04-01,20.04,99.30239999999999,275.71583333333336
เชียงใหม่,แม่อาย,2026-04-02,20.04,99.30239999999999,270.88
เชียงใหม่,แม่อาย,2026-04-03,20.04,99.30239999999999,229.79791666666665
เชียงใหม่,แม่อาย,2026-04-04,20.04,99.30239999999999,277.0370833333333
เชียงใหม่,แม่อาย,2026-04-05,20.04,99.30239999999999,248.66
เชียงใหม่,แม่อาย,2026-04-06,20.04,99.30239999999999,173.68499999999997
เชียงใหม่,แม่อาย,2026-04-07,20.04,99.30239999999999,128.59208333333333
เชียงใหม่,แม่อาย,2026-04-08,20.04,99.30239999999999,96.84708333333333
เชียงใหม่,แม่อาย,2026-04-09,20.04,99.30239999999999,120.02083333333333
เชียงใหม่,แม่อาย,2026-04-10,20.04,99.30240000000002,128.83260869565217
เชียงใหม่,แม่อาย,2026-04-16,20.04,99.3024,136.73875
เชียงใหม่,แม่อาย,2026-04-17,20.04,99.30239999999999,117.11125
เชียงใหม่,แม่อาย,2026-04-18,20.04,99.30239999999999,139.66125
เชียงใหม่,แม่อาย,2026-04-19,20.04,99.30239999999999,93.38916666666667
เชียงใหม่,แม่อาย,2026-04-20,20.04,99.30239999999999,91.7425
เชียงใหม่,แม่อาย,2026-04-21,20.04,99.30239999999999,96.67375
เชียงใหม่,แม่อาย,2026-04-22,20.04,99.30239999999999,99.36041666666667
เชียงใหม่,แม่อาย,2026-04-23,20.04,99.3024,89.616
เชียงใหม่,แม่อาย,2026-04-24,20.04,99.30239999999999,77.05666666666666
เชียงใหม่,แม่อาย,2026-04-25,20.04,99.30239999999999,80.43208333333334
เชียงใหม่,แม่อาย,2026-04-26,20.04,99.30240000000002,48.7109090909091
เชียงใหม่,แม่อาย,2026-04-27,20.04,99.30239999999999,48.043749999999996
เชียงใหม่,แม่อาย,2026-04-28,20.04,99.30239999999999,36.50208333333333
เชียงใหม่,แม่อาย,2026-04-29,20.04,99.30239999999999,40.67583333333334
เชียงใหม่,แม่อาย,2026-04-30,20.04,99.30239999999999,40.27458333333333
เชียงใหม่,แม่แจ่ม,2026-04-01,18.50548918181818,98.38962936363636,182.19954545454544
เชียงใหม่,แม่แจ่ม,2026-04-02,18.5062175,98.390641,235.57562499999997
เชียงใหม่,แม่แจ่ม,2026-04-03,18.5062175,98.390641,257.62916666666666
เชียงใหม่,แม่แจ่ม,2026-04-04,18.5062175,98.390641,233.88041666666666
เชียงใหม่,แม่แจ่ม,2026-04-05,18.5062175,98.390641,151.54625000000001
เชียงใหม่,แม่แจ่ม,2026-04-06,18.5062175,98.390641,137.29770833333333
เชียงใหม่,แม่แจ่ม,2026-04-07,18.5062175,98.390641,161.4425
เชียงใหม่,แม่แจ่ม,2026-04-08,18.5062175,98.390641,137.42833333333334
เชียงใหม่,แม่แจ่ม,2026-04-09,18.5062175,98.390641,128.90854166666665
เชียงใหม่,แม่แจ่ม,2026-04-10,18.5062175,98.390641,110.58375000000001
เชียงใหม่,แม่แจ่ม,2026-04-11,18.5062175,98.390641,108.64437500000001
เชียงใหม่,แม่แจ่ม,2026-04-12,18.5062175,98.390641,154.098125
เชียงใหม่,แม่แจ่ม,2026-04-13,18.5046152,98.38841540000001,132.30374999999998
เชียงใหม่,แม่แจ่ม,2026-04-14,18.5062175,98.390641,119.60645833333332
เชียงใหม่,แม่แจ่ม,2026-04-15,18.5062175,98.390641,115.13229166666667
เชียงใหม่,แม่แจ่ม,2026-04-16,18.5062175,98.390641,125.24854166666667
เชียงใหม่,แม่แจ่ม,2026-04-17,18.5062175,98.390641,139.79916666666665
เชียงใหม่,แม่แจ่ม,2026-04-18,18.5062175,98.390641,121.28687500000001
เชียงใหม่,แม่แจ่ม,2026-04-19,18.5062175,98.390641,148.51520833333333
เชียงใหม่,แม่แจ่ม,2026-04-20,18.5062175,98.390641,144.30854166666668
เชียงใหม่,แม่แจ่ม,2026-04-21,18.50604704255319,98.39040423404255,110.7836170212766
เชียงใหม่,แม่แจ่ม,2026-04-22,18.51022325,98.39620500000001,104.403125
เชียงใหม่,แม่แจ่ม,2026-04-23,18.514229,98.401769,142.3216666666667
เชียงใหม่,แม่แจ่ม,2026-04-24,18.514229,98.401769,118.04875
เชียงใหม่,แม่แจ่ม,2026-04-25,18.514229,98.401769,86.71695652173914
เชียงใหม่,แม่แจ่ม,2026-04-26,18.514229,98.401769,56.61
เชียงใหม่,แม่แจ่ม,2026-04-27,18.514229,98.401769,58.612500000000004
เชียงใหม่,แม่แจ่ม,2026-04-28,18.511466413793105,98.3979317586207,51.69103448275862
เชียงใหม่,แม่แจ่ม,2026-04-29,18.508066307692307,98.393209,47.06948717948718
เชียงใหม่,แม่แจ่ม,2026-04-30,18.5062175,98.390641,53.64041666666666
เชียงใหม่,แม่แตง,2026-04-01,19.165179,98.98226614999999,308.7675
เชียงใหม่,แม่แตง,2026-04-02,19.165179,98.98226614999999,284.37916666666666
เชียงใหม่,แม่แตง,2026-04-03,19.16458808510638,98.98178916808509,209.7087234042553
เชียงใหม่,แม่แตง,2026-04-04,19.165179,98.98226614999999,212.41645833333334
เชียงใหม่,แม่แตง,2026-04-05,19.165179,98.98226614999999,160.50895833333334
เชียงใหม่,แม่แตง,2026-04-06,19.165179,98.98226614999999,120.77791666666667
เชียงใหม่,แม่แตง,2026-04-07,19.15275620961486,98.99504628543409,99.91333333333333
เชียงใหม่,แม่แตง,2026-04-08,19.14313856544572,99.00494058383468,85.66430107526881
เชียงใหม่,แม่แตง,2026-04-09,19.14240388429391,99.00569639829583,106.74322916666667
เชียงใหม่,แม่แตง,2026-04-10,19.14240388429391,99.00569639829583,100.2134375
เชียงใหม่,แม่แตง,2026-04-11,19.14240388429391,99.00569639829583,95.505
เชียงใหม่,แม่แตง,2026-04-12,19.14240388429391,99.00569639829583,121.63729166666667
เชียงใหม่,แม่แตง,2026-04-13,19.14240388429391,99.00569639829583,124.465625
เชียงใหม่,แม่แตง,2026-04-14,19.14240388429391,99.00569639829583,112.91239583333333
เชียงใหม่,แม่แตง,2026-04-15,19.14240388429391,99.00569639829583,76.1784375
เชียงใหม่,แม่แตง,2026-04-16,19.14240388429391,99.00569639829583,89.12354166666667
เชียงใหม่,แม่แตง,2026-04-17,19.14240388429391,99.00569639829583,135.76375
เชียงใหม่,แม่แตง,2026-04-18,19.14240388429391,99.00569639829583,116.13583333333332
เชียงใหม่,แม่แตง,2026-04-19,19.14240388429391,99.00569639829583,101.28135416666667
เชียงใหม่,แม่แตง,2026-04-20,19.14240388429391,99.00569639829583,87.36885416666667
เชียงใหม่,แม่แตง,2026-04-21,19.14240388429391,99.00569639829583,84.82729166666667
เชียงใหม่,แม่แตง,2026-04-22,19.12991430471315,99.0185452441355,75.64290322580645
เชียงใหม่,แม่แตง,2026-04-23,19.119628768587823,99.02912664659168,78.28104166666667
เชียงใหม่,แม่แตง,2026-04-24,19.119628768587823,99.02912664659168,71.010625
เชียงใหม่,แม่แตง,2026-04-25,19.119628768587823,99.02912664659168,50.072291666666665
เชียงใหม่,แม่แตง,2026-04-26,19.119628768587823,99.02912664659168,37.29571428571429
เชียงใหม่,แม่แตง,2026-04-27,19.119628768587823,99.02912664659168,34.34041666666666
เชียงใหม่,แม่แตง,2026-04-28,19.13565654522954,99.011957959152,36.5424
เชียงใหม่,แม่แตง,2026-04-29,19.14240388429391,99.00569639829583,32.32802083333333
เชียงใหม่,แม่แตง,2026-04-30,19.14240388429391,99.00569639829583,38.336979166666666
เชียงใหม่,ไชยปราการ,2026-04-01,19.726105999999998,99.14017849999999,289.056875
เชียงใหม่,ไชยปราการ,2026-04-02,19.726105999999998,99.14017849999999,277.89708333333334
เชียงใหม่,ไชยปราการ,2026-04-03,19.726105999999998,99.14017849999999,255.755
เชียงใหม่,ไชยปราการ,2026-04-04,19.726105999999998,99.14017849999999,277.4529166666667
เชียงใหม่,ไชยปราการ,2026-04-05,19.726105999999998,99.14017849999999,228.079375
เชียงใหม่,ไชยปราการ,2026-04-06,19.726105999999998,99.14017849999999,178.88354166666667
เชียงใหม่,ไชยปราการ,2026-04-07,19.726105999999998,99.14017849999999,114.45458333333333
เชียงใหม่,ไชยปราการ,2026-04-08,19.726105999999998,99.14017849999999,121.89625
เชียงใหม่,ไชยปราการ,2026-04-09,19.726105999999998,99.14017849999999,159.51791666666665
เชียงใหม่,ไชยปราการ,2026-04-10,19.726105999999998,99.14017849999999,180.28833333333333
เชียงใหม่,ไชยปราการ,2026-04-11,19.726105999999998,99.14017849999999,199.618125
เชียงใหม่,ไชยปราการ,2026-04-12,19.726105999999998,99.14017849999999,172.82229166666664
เชียงใหม่,ไชยปราการ,2026-04-13,19.726105999999998,99.14017849999999,213.31770833333334
เชียงใหม่,ไชยปราการ,2026-04-14,19.726105999999998,99.14017849999999,171.73479166666667
เชียงใหม่,ไชยปราการ,2026-04-15,19.726105999999998,99.14017849999999,146.03666666666666
เชียงใหม่,ไชยปราการ,2026-04-16,19.726105999999998,99.14017849999999,164.04583333333332
เชียงใหม่,ไชยปราการ,2026-04-17,19.726105999999998,99.14017849999999,140.675625
เชียงใหม่,ไชยปราการ,2026-04-18,19.726105999999998,99.14017849999999,165.54854166666667
เชียงใหม่,ไชยปราการ,2026-04-19,19.726105999999998,99.14017849999999,110.12333333333333
เชียงใหม่,ไชยปราการ,2026-04-20,19.726105999999998,99.14017849999999,108.32187499999999
เชียงใหม่,ไชยปราการ,2026-04-21,19.726105999999998,99.14017849999999,106.49916666666667
เชียงใหม่,ไชยปราการ,2026-04-22,19.737602387096775,99.14199174193547,104.10290322580646
เชียงใหม่,ไชยปราการ,2026-04-23,19.74707,99.143485,86.78833333333334
เชียงใหม่,ไชยปราการ,2026-04-24,19.74707,99.143485,78.51416666666667
เชียงใหม่,ไชยปราการ,2026-04-25,19.74707,99.143485,79.20875
เชียงใหม่,ไชยปราการ,2026-04-26,19.74707,99.143485,46.815909090909095
เชียงใหม่,ไชยปราการ,2026-04-27,19.74707,99.143485,44.412083333333335
เชียงใหม่,ไชยปราการ,2026-04-28,19.731622842105264,99.14104863157895,35.973684210526315
เชียงใหม่,ไชยปราการ,2026-04-29,19.726105999999998,99.14017849999999,43.3475
เชียงใหม่,ไชยปราการ,2026-04-30,19.726105999999998,99.14017849999999,49.17250000000001
เพชรบูรณ์,ชนแดน,2026-04-07,16.187721,100.870595,5.4639999999999995
เพชรบูรณ์,ชนแดน,2026-04-08,16.187721,100.870595,6.138333333333333
เพชรบูรณ์,ชนแดน,2026-04-09,16.187721,100.870595,6.27625
เพชรบูรณ์,ชนแดน,2026-04-10,16.187721,100.870595,4.29125
เพชรบูรณ์,ชนแดน,2026-04-11,16.187721,100.870595,4.41375
เพชรบูรณ์,ชนแดน,2026-04-12,16.187721,100.870595,4.849583333333333
เพชรบูรณ์,ชนแดน,2026-04-13,16.187721,100.870595,5.796666666666667
เพชรบูรณ์,ชนแดน,2026-04-14,16.187721,100.870595,6.845416666666666
เพชรบูรณ์,ชนแดน,2026-04-15,16.187721,100.870595,5.610416666666667
เพชรบูรณ์,ชนแดน,2026-04-16,16.187721,100.870595,6.089583333333334
เพชรบูรณ์,ชนแดน,2026-04-17,16.187721,100.870595,7.048749999999999
เพชรบูรณ์,ชนแดน,2026-04-18,16.187721,100.870595,6.42625
เพชรบูรณ์,ชนแดน,2026-04-19,16.187721,100.870595,5.238333333333333
เพชรบูรณ์,ชนแดน,2026-04-20,16.187721,100.870595,3.4137500000000003
เพชรบูรณ์,ชนแดน,2026-04-21,16.187721,100.870595,3.6820833333333334
เพชรบูรณ์,ชนแดน,2026-04-22,16.187721,100.870595,5.415
เพชรบูรณ์,ชนแดน,2026-04-23,16.187721,100.870595,4.301666666666667
เพชรบูรณ์,ชนแดน,2026-04-24,16.187721,100.870595,2.2220833333333334
เพชรบูรณ์,ชนแดน,2026-04-25,16.187721,100.870595,1.7866666666666668
เพชรบูรณ์,ชนแดน,2026-04-26,16.187721,100.870595,4.044090909090909
เพชรบูรณ์,ชนแดน,2026-04-27,16.187721,100.870595,2.4254166666666666
เพชรบูรณ์,ชนแดน,2026-04-28,16.187721,100.870595,1.7558333333333334
เพชรบูรณ์,ชนแดน,2026-04-29,16.187721,100.870595,1.4520833333333334
เพชรบูรณ์,ชนแดน,2026-04-30,16.187721,100.870595,1.4558823529411764
เพชรบูรณ์,บึงสามพัน,2026-04-01,15.767434,101.009708,69.14833333333333
เพชรบูรณ์,บึงสามพัน,2026-04-02,15.767434,101.009708,57.410000000000004
เพชรบูรณ์,หล่มสัก,2026-04-01,16.7791,101.2368,87.77166666666666
เพชรบูรณ์,หล่มสัก,2026-04-02,16.7791,101.2368,94.34750000000001
เพชรบูรณ์,หล่มสัก,2026-04-03,16.7791,101.2368,77.76625
เพชรบูรณ์,หล่มสัก,2026-04-04,16.7791,101.2368,82.66333333333334
เพชรบูรณ์,หล่มสัก,2026-04-05,16.7791,101.2368,104.87791666666668
เพชรบูรณ์,หล่มสัก,2026-04-06,16.7791,101.2368,104.23708333333333
เพชรบูรณ์,หล่มสัก,2026-04-07,16.781537634146343,101.2403654390244,59.8019512195122
เพชรบูรณ์,หล่มสัก,2026-04-08,16.780703363636363,101.23914518181819,65.48272727272727
เพชรบูรณ์,หล่มสัก,2026-04-09,16.7791,101.2368,81.12416666666667
เพชรบูรณ์,หล่มสัก,2026-04-10,16.7791,101.2368,82.59833333333333
เพชรบูรณ์,หล่มสัก,2026-04-11,16.7791,101.2368,69.69333333333333
เพชรบูรณ์,หล่มสัก,2026-04-12,16.7791,101.2368,85.67041666666667
เพชรบูรณ์,หล่มสัก,2026-04-13,16.7791,101.2368,96.03291666666667
เพชรบูรณ์,หล่มสัก,2026-04-14,16.7791,101.2368,105.81416666666667
เพชรบูรณ์,หล่มสัก,2026-04-15,16.7791,101.2368,86.7575
เพชรบูรณ์,หล่มสัก,2026-04-16,16.7791,101.2368,99.87124999999999
เพชรบูรณ์,หล่มสัก,2026-04-17,16.7791,101.2368,93.49208333333333
เพชรบูรณ์,หล่มสัก,2026-04-18,16.7791,101.2368,84.53708333333334
เพชรบูรณ์,หล่มสัก,2026-04-19,16.7791,101.2368,92.95916666666666
เพชรบูรณ์,หล่มสัก,2026-04-20,16.7791,101.2368,68.95791666666666
เพชรบูรณ์,หล่มสัก,2026-04-21,16.7791,101.2368,59.95333333333334
เพชรบูรณ์,หล่มสัก,2026-04-22,16.7791,101.2368,66.64666666666666
เพชรบูรณ์,หล่มสัก,2026-04-23,16.7791,101.2368,68.13666666666667
เพชรบูรณ์,หล่มสัก,2026-04-24,16.7791,101.2368,43.30625
เพชรบูรณ์,หล่มสัก,2026-04-25,16.7791,101.2368,41.88166666666667
เพชรบูรณ์,หล่มสัก,2026-04-26,16.7791,101.2368,40.82454545454545
เพชรบูรณ์,หล่มสัก,2026-04-27,16.7791,101.2368,42.87125
เพชรบูรณ์,หล่มสัก,2026-04-28,16.7791,101.2368,34.32833333333333
เพชรบูรณ์,หล่มสัก,2026-04-29,16.7791,101.2368,37.08958333333333
เพชรบูรณ์,หล่มสัก,2026-04-30,16.781361153846152,101.24010730769231,17.84102564102564
เพชรบูรณ์,หล่มเก่า,2026-04-17,16.857613,101.248835,118.38000000000001
เพชรบูรณ์,หล่มเก่า,2026-04-18,16.857613,101.248835,114.12625000000001
เพชรบูรณ์,หล่มเก่า,2026-04-19,16.857613,101.248835,154.98166666666665
เพชรบูรณ์,หล่มเก่า,2026-04-20,16.857613,101.248835,163.28708333333333
เพชรบูรณ์,หล่มเก่า,2026-04-21,16.857613,101.248835,161.70374999999999
เพชรบูรณ์,หล่มเก่า,2026-04-22,16.857613,101.248835,170.59458333333333
เพชรบูรณ์,หล่มเก่า,2026-04-23,16.857613,101.248835,177.18416666666667
เพชรบูรณ์,หล่มเก่า,2026-04-24,16.857613,101.248835,184.93500000000003
เพชรบูรณ์,หล่มเก่า,2026-04-25,16.857613,101.248835,194.58416666666668
เพชรบูรณ์,หล่มเก่า,2026-04-26,16.857613,101.248835,96.34454545454545
เพชรบูรณ์,หล่มเก่า,2026-04-27,16.857613,101.248835,91.515
เพชรบูรณ์,หล่มเก่า,2026-04-28,16.857613,101.248835,70.02125
เพชรบูรณ์,หล่มเก่า,2026-04-29,16.857613,101.248835,52.46041666666667
เพชรบูรณ์,หล่มเก่า,2026-04-30,16.857613,101.248835,57.180416666666666
เลย,ท่าลี่,2026-04-02,17.624951,101.421692,64.354
เลย,ท่าลี่,2026-04-03,17.624951,101.421692,53.614285714285714
เลย,ท่าลี่,2026-04-07,17.624951,101.421692,49.985
เลย,ท่าลี่,2026-04-08,17.624951,101.421692,54.010416666666664
เลย,ท่าลี่,2026-04-09,17.624951,101.421692,55.03111111111111
เลย,ท่าลี่,2026-04-16,17.624951,101.421692,63.654444444444444
เลย,ท่าลี่,2026-04-20,17.624951,101.421692,48.00125
เลย,ท่าลี่,2026-04-21,17.624951,101.421692,48.9675
เลย,ท่าลี่,2026-04-22,17.624951,101.421692,50.59291666666667
เลย,ท่าลี่,2026-04-23,17.624951,101.421692,58.11208333333334
เลย,ท่าลี่,2026-04-24,17.624951,101.421692,49.485625
เลย,ท่าลี่,2026-04-27,17.624951,101.421692,32.785624999999996
เลย,ท่าลี่,2026-04-28,17.624951,101.421692,31.191764705882353
เลย,นาด้วง,2026-04-01,17.4824261,101.96904649999999,72.76130434782608
เลย,นาด้วง,2026-04-02,17.4824261,101.9690465,66.43833333333333
เลย,นาด้วง,2026-04-03,17.4824261,101.9690465,72.0225
เลย,นาด้วง,2026-04-04,17.4824261,101.9690465,74.56666666666668
เลย,นาด้วง,2026-04-05,17.4824261,101.9690465,75.7075
เลย,นาด้วง,2026-04-06,17.4824261,101.9690465,78.90791666666667
เลย,นาด้วง,2026-04-07,17.4824261,101.9690465,76.16916666666667
เลย,นาด้วง,2026-04-08,17.4824261,101.9690465,60.296666666666674
เลย,นาด้วง,2026-04-09,17.4824261,101.9690465,56.20291666666666
เลย,นาด้วง,2026-04-10,17.4824261,101.9690465,61.285294117647055
เลย,นาด้วง,2026-04-16,17.4824261,101.9690465,53.209375
เลย,นาด้วง,2026-04-17,17.4824261,101.9690465,77.97291666666666
เลย,นาด้วง,2026-04-18,17.4824261,101.9690465,67.15541666666667
เลย,นาด้วง,2026-04-19,17.4824261,101.9690465,68.24882352941177
เลย,นาด้วง,2026-04-20,17.4824261,101.9690465,47.189166666666665
เลย,นาด้วง,2026-04-21,17.4824261,101.9690465,47.904583333333335
เลย,นาด้วง,2026-04-22,17.4824261,101.9690465,52.32666666666666
เลย,นาด้วง,2026-04-23,17.4824261,101.9690465,62.66583333333333
เลย,นาด้วง,2026-04-24,17.4824261,101.9690465,38.702083333333334
เลย,นาด้วง,2026-04-25,17.4824261,101.9690465,24.63875
เลย,นาด้วง,2026-04-26,17.4824261,101.9690465,34.92227272727273
เลย,นาด้วง,2026-04-27,17.4824261,101.9690465,34.98083333333333
เลย,นาด้วง,2026-04-28,17.4824261,101.9690465,39.62833333333334
เลย,นาด้วง,2026-04-29,17.4824261,101.9690465,27.905833333333334
เลย,นาด้วง,2026-04-30,17.4824261,101.9690465,24.49875
เลย,ปากชม,2026-04-01,18.0241569,101.88229760000002,140.3821739130435
เลย,ปากชม,2026-04-02,18.0241569,101.8822976,111.48791666666666
เลย,ปากชม,2026-04-03,18.0241569,101.8822976,118.21125
เลย,ปากชม,2026-04-04,18.0241569,101.8822976,145.48666666666668
เลย,ปากชม,2026-04-05,18.0241569,101.8822976,155.59416666666667
เลย,ปากชม,2026-04-06,18.0241569,101.8822976,122.57666666666667
เลย,ปากชม,2026-04-07,18.0241569,101.8822976,106.00791666666667
เลย,ปากชม,2026-04-08,18.0241569,101.8822976,89.64958333333334
เลย,ปากชม,2026-04-09,18.0241569,101.8822976,90.02416666666666
เลย,ปากชม,2026-04-10,18.0241569,101.8822976,113.96291666666667
เลย,ปากชม,2026-04-11,18.0241569,101.8822976,108.09125
เลย,ปากชม,2026-04-12,18.0241569,101.8822976,134.37291666666667
เลย,ปากชม,2026-04-13,18.0241569,101.8822976,125.55416666666667
เลย,ปากชม,2026-04-14,18.0241569,101.8822976,98.85125
เลย,ปากชม,2026-04-15,18.0241569,101.8822976,104.56583333333333
เลย,ปากชม,2026-04-16,18.0241569,101.8822976,113.07291666666667
เลย,ปากชม,2026-04-17,18.0241569,101.8822976,134.27
เลย,ปากชม,2026-04-18,18.0241569,101.8822976,155.84625
เลย,ปากชม,2026-04-19,18.0241569,101.8822976,91.03958333333333
เลย,ปากชม,2026-04-20,18.0241569,101.8822976,59.36041666666667
เลย,ปากชม,2026-04-21,18.0241569,101.8822976,58.71
เลย,ปากชม,2026-04-22,18.0241569,101.8822976,64.8925
เลย,ปากชม,2026-04-23,18.0241569,101.8822976,78.80833333333334
เลย,ปากชม,2026-04-24,18.0241569,101.8822976,55.08375
เลย,ปากชม,2026-04-25,18.0241569,101.8822976,29.568749999999998
เลย,ปากชม,2026-04-26,18.0241569,101.8822976,35.627272727272725
เลย,ปากชม,2026-04-27,18.0241569,101.8822976,37.681666666666665
เลย,ปากชม,2026-04-28,18.0241569,101.8822976,37.43333333333333
เลย,ปากชม,2026-04-29,18.0241569,101.8822976,37.09125
เลย,ปากชม,2026-04-30,18.0241569,101.8822976,28.75125
เลย,ภูกระดึง,2026-04-01,16.8844657,101.882937,106.54434782608696
เลย,ภูกระดึง,2026-04-02,16.8844657,101.88293700000001,101.4975
เลย,ภูกระดึง,2026-04-03,16.8844657,101.88293700000001,100.65583333333332
เลย,ภูกระดึง,2026-04-04,16.8844657,101.88293700000001,112.68916666666667
เลย,ภูกระดึง,2026-04-05,16.8844657,101.88293700000001,135.20833333333334
เลย,ภูกระดึง,2026-04-06,16.8844657,101.88293700000001,136.57250000000002
เลย,ภูกระดึง,2026-04-07,16.8844657,101.88293700000001,111.88541666666667
เลย,ภูกระดึง,2026-04-08,16.8844657,101.88293700000001,116.36958333333332
เลย,ภูกระดึง,2026-04-09,16.8844657,101.88293700000001,150.84
เลย,ภูกระดึง,2026-04-10,16.8844657,101.88293700000001,119.1775
เลย,ภูกระดึง,2026-04-11,16.8844657,101.88293700000001,125.89791666666667
เลย,ภูกระดึง,2026-04-12,16.8844657,101.88293700000001,184.77958333333333
เลย,ภูกระดึง,2026-04-13,16.8844657,101.88293700000001,154.87875
เลย,ภูกระดึง,2026-04-14,16.8844657,101.88293700000001,170.02583333333334
เลย,ภูกระดึง,2026-04-15,16.8844657,101.88293700000001,198.1925
เลย,ภูกระดึง,2026-04-16,16.8844657,101.88293700000001,186.48791666666668
เลย,ภูกระดึง,2026-04-17,16.8844657,101.88293700000001,184.44625
เลย,ภูกระดึง,2026-04-18,16.8844657,101.88293700000001,158.88625
เลย,ภูกระดึง,2026-04-19,16.8844657,101.88293700000001,135.89416666666668
เลย,ภูกระดึง,2026-04-20,16.8844657,101.88293700000001,92.60833333333333
เลย,ภูกระดึง,2026-04-21,16.8844657,101.88293700000001,93.84458333333333
เลย,ภูกระดึง,2026-04-22,16.8844657,101.88293700000001,102.17833333333334
เลย,ภูกระดึง,2026-04-23,16.8844657,101.88293700000001,107.01125
เลย,ภูกระดึง,2026-04-24,16.8844657,101.88293700000001,75.21541666666667
เลย,ภูกระดึง,2026-04-25,16.8844657,101.88293700000001,49.447916666666664
เลย,ภูกระดึง,2026-04-26,16.8844657,101.882937,48.29590909090909
เลย,ภูกระดึง,2026-04-27,16.8844657,101.88293700000001,53.9925
เลย,ภูกระดึง,2026-04-28,16.8844657,101.88293700000001,51.53875
เลย,ภูกระดึง,2026-04-29,16.8844657,101.88293700000001,48.31875
เลย,ภูกระดึง,2026-04-30,16.8844657,101.88293700000001,43.38999999999999
เลย,ภูเรือ,2026-04-01,17.449756,101.35495300000001,70.95869565217392
เลย,ภูเรือ,2026-04-02,17.449756,101.35495299999998,72.42166666666667
เลย,ภูเรือ,2026-04-03,17.449756,101.35495299999998,65.93625
เลย,ภูเรือ,2026-04-04,17.449756,101.35495299999998,66.65625
เลย,ภูเรือ,2026-04-05,17.449756,101.35495299999998,74.36791666666666
เลย,ภูเรือ,2026-04-06,17.449756,101.35495299999998,73.0
เลย,ภูเรือ,2026-04-07,17.449756,101.35495299999998,68.46124999999999
เลย,ภูเรือ,2026-04-08,17.449756,101.35495299999998,54.498333333333335
เลย,ภูเรือ,2026-04-09,17.449756,101.354953,50.32
เลย,ภูเรือ,2026-04-10,17.449756,101.35495299999998,58.61291666666667
เลย,ภูเรือ,2026-04-11,17.449756,101.35495299999998,54.25791666666667
เลย,ภูเรือ,2026-04-12,17.449756,101.35495299999998,71.23
เลย,ภูเรือ,2026-04-13,17.449756,101.35495299999998,77.55499999999999
เลย,ภูเรือ,2026-04-14,17.449756,101.35495299999998,63.80458333333333
เลย,ภูเรือ,2026-04-15,17.449756,101.35495299999998,67.67666666666666
เลย,ภูเรือ,2026-04-16,17.449756,101.35495299999998,68.64166666666667
เลย,ภูเรือ,2026-04-17,17.449756,101.35495299999998,101.38541666666667
เลย,ภูเรือ,2026-04-18,17.449756,101.35495299999998,88.33375000000001
เลย,ภูเรือ,2026-04-19,17.449756,101.35495299999998,75.62041666666667
เลย,ภูเรือ,2026-04-20,17.449756,101.354953,56.862307692307695
เลย,ภูเรือ,2026-04-21,17.449756,101.354953,50.326153846153844
เลย,ภูเรือ,2026-04-22,17.449756,101.35495299999998,55.26666666666667
เลย,ภูเรือ,2026-04-23,17.449756,101.35495299999998,58.321666666666665
เลย,ภูเรือ,2026-04-24,17.449756,101.35495299999998,49.24458333333333
เลย,ภูเรือ,2026-04-25,17.449756,101.354953,36.6425
เลย,ภูเรือ,2026-04-26,17.449756,101.35495300000001,36.970454545454544
เลย,ภูเรือ,2026-04-27,17.449756,101.35495299999998,39.024166666666666
เลย,ภูเรือ,2026-04-28,17.449756,101.35495299999998,33.302083333333336
เลย,ภูเรือ,2026-04-29,17.449756,101.35495299999998,33.122499999999995
เลย,ภูเรือ,2026-04-30,17.449756,101.35495299999998,27.18041666666667
เลย,รมน,2026-04-08,17.451019,101.727864,39.88666666666666
เลย,รมน,2026-04-09,17.451019,101.727864,52.22875
เลย,รมน,2026-04-10,17.451019,101.727864,55.08291666666667
เลย,รมน,2026-04-11,17.451019,101.727864,44.931666666666665
เลย,รมน,2026-04-12,17.451019,101.727864,65.39333333333333
เลย,รมน,2026-04-13,17.451019,101.727864,70.74458333333332
เลย,รมน,2026-04-14,17.451019,101.727864,64.29041666666667
เลย,รมน,2026-04-15,17.451019,101.727864,54.78208333333333
เลย,รมน,2026-04-16,17.451019,101.727864,62.46083333333333
เลย,รมน,2026-04-17,17.451019,101.727864,73.95041666666667
เลย,รมน,2026-04-18,17.451019,101.727864,73.02208333333333
เลย,รมน,2026-04-19,17.451019,101.727864,63.7775
เลย,รมน,2026-04-20,17.451019,101.727864,42.372727272727275
เลย,เอราวัณ,2026-04-01,17.3822,101.9961,67.02130434782609
เลย,เอราวัณ,2026-04-02,17.3822,101.9961,67.47708333333334
เลย,เอราวัณ,2026-04-03,17.3822,101.9961,62.08166666666667
เลย,เอราวัณ,2026-04-04,17.3822,101.9961,68.9425
เลย,เอราวัณ,2026-04-05,17.3822,101.9961,78.77458333333333
เลย,เอราวัณ,2026-04-06,17.3822,101.9961,84.78375
เลย,เอราวัณ,2026-04-07,17.3822,101.9961,66.97791666666667
เลย,เอราวัณ,2026-04-08,17.3822,101.9961,59.727916666666665
เลย,เอราวัณ,2026-04-09,17.3822,101.9961,64.58458333333333
เลย,เอราวัณ,2026-04-10,17.3822,101.9961,61.02125
เลย,เอราวัณ,2026-04-11,17.3822,101.9961,54.49125
เลย,เอราวัณ,2026-04-12,17.3822,101.9961,84.03791666666667
เลย,เอราวัณ,2026-04-13,17.3822,101.9961,86.72166666666668
เลย,เอราวัณ,2026-04-14,17.3822,101.9961,72.72333333333333
เลย,เอราวัณ,2026-04-15,17.3822,101.9961,74.23333333333333
เลย,เอราวัณ,2026-04-16,17.3822,101.9961,68.29
เลย,เอราวัณ,2026-04-17,17.3822,101.9961,82.20458333333333
เลย,เอราวัณ,2026-04-18,17.3822,101.9961,76.49249999999999
เลย,เอราวัณ,2026-04-19,17.3822,101.9961,74.17333333333333
เลย,เอราวัณ,2026-04-20,17.3822,101.9961,53.81458333333333
เลย,เอราวัณ,2026-04-21,17.3822,101.9961,52.165
เลย,เอราวัณ,2026-04-22,17.3822,101.9961,54.09791666666666
เลย,เอราวัณ,2026-04-23,17.3822,101.9961,65.14625
เลย,เอราวัณ,2026-04-24,17.3822,101.9961,46.643750000000004
เลย,เอราวัณ,2026-04-25,17.3822,101.9961,26.60875
เลย,เอราวัณ,2026-04-26,17.3822,101.99610000000001,36.88045454545455
เลย,เอราวัณ,2026-04-27,17.3822,101.9961,37.94625
เลย,เอราวัณ,2026-04-28,17.3822,101.9961,34.043749999999996
เลย,เอราวัณ,2026-04-29,17.3822,101.9961,31.085416666666664
เลย,เอราวัณ,2026-04-30,17.3822,101.9961,25.8
แพร่,ร้องกวาง,2026-04-01,18.307634262860542,100.29124223068227,185.79458333333332
แพร่,ร้องกวาง,2026-04-02,18.307634262860542,100.29124223068227,170.1075
แพร่,ร้องกวาง,2026-04-03,18.307634262860542,100.29124223068227,138.30833333333334
แพร่,ร้องกวาง,2026-04-04,18.307634262860542,100.29124223068227,165.01333333333335
แพร่,ร้องกวาง,2026-04-05,18.307634262860542,100.29124223068227,154.47833333333332
แพร่,ร้องกวาง,2026-04-06,18.307634262860542,100.29124223068227,127.23208333333334
แพร่,ร้องกวาง,2026-04-07,18.307634262860542,100.29124223068227,129.60791666666668
แพร่,ร้องกวาง,2026-04-08,18.307634262860542,100.29124223068227,121.36541666666666
แพร่,ร้องกวาง,2026-04-09,18.307634262860542,100.29124223068227,90.71125
แพร่,ร้องกวาง,2026-04-10,18.307634262860542,100.29124223068227,94.28875
แพร่,ร้องกวาง,2026-04-11,18.307634262860542,100.29124223068227,115.65833333333335
แพร่,ร้องกวาง,2026-04-12,18.307634262860542,100.29124223068227,145.6025
แพร่,ร้องกวาง,2026-04-13,18.307634262860542,100.29124223068227,143.69541666666666
แพร่,ร้องกวาง,2026-04-14,18.307634262860542,100.29124223068227,112.91624999999999
แพร่,ร้องกวาง,2026-04-15,18.307634262860542,100.29124223068227,145.82625
แพร่,ร้องกวาง,2026-04-16,18.307634262860542,100.29124223068227,138.1675
แพร่,ร้องกวาง,2026-04-17,18.307634262860542,100.29124223068227,190.09958333333336
แพร่,ร้องกวาง,2026-04-18,18.307634262860542,100.29124223068227,150.95000000000002
แพร่,ร้องกวาง,2026-04-19,18.307634262860542,100.29124223068227,114.12
แพร่,ร้องกวาง,2026-04-20,18.307634262860542,100.29124223068227,92.25333333333333
แพร่,ร้องกวาง,2026-04-21,18.307634262860542,100.29124223068227,80.29875
แพร่,ร้องกวาง,2026-04-22,18.307634262860542,100.29124223068229,95.00857142857141
แพร่,ร้องกวาง,2026-04-28,18.307634262860542,100.29124223068229,30.927142857142858
แพร่,ร้องกวาง,2026-04-29,18.307634262860542,100.29124223068227,35.81125
แพร่,ร้องกวาง,2026-04-30,18.307634262860542,100.29124223068227,48.54916666666667
แพร่,ลอง,2026-04-01,18.0896667,99.8438863,76.31083333333333
แพร่,ลอง,2026-04-02,18.0896667,99.8438863,73.18208333333332
แพร่,ลอง,2026-04-03,18.0896667,99.8438863,64.68666666666667
แพร่,ลอง,2026-04-04,18.0896667,99.8438863,66.81375
แพร่,ลอง,2026-04-05,18.0896667,99.8438863,65.90083333333332
แพร่,ลอง,2026-04-06,18.0896667,99.8438863,52.11625
แพร่,ลอง,2026-04-07,18.0896667,99.8438863,47.35916666666666
แพร่,ลอง,2026-04-08,18.0896667,99.8438863,56.05833333333334
แพร่,ลอง,2026-04-09,18.0896667,99.8438863,51.28916666666667
แพร่,ลอง,2026-04-10,18.0896667,99.8438863,46.935833333333335
แพร่,ลอง,2026-04-11,18.0896667,99.8438863,43.962916666666665
แพร่,ลอง,2026-04-12,18.0896667,99.8438863,60.775
แพร่,ลอง,2026-04-13,18.0896667,99.8438863,62.29333333333333
แพร่,ลอง,2026-04-14,18.0896667,99.8438863,45.69208333333333
แพร่,ลอง,2026-04-15,18.0896667,99.8438863,47.828333333333326
แพร่,ลอง,2026-04-16,18.0896667,99.8438863,49.430416666666666
แพร่,ลอง,2026-04-17,18.0896667,99.8438863,70.51625
แพร่,ลอง,2026-04-18,18.0896667,99.8438863,52.87083333333334
แพร่,ลอง,2026-04-19,18.0896667,99.8438863,52.99666666666667
แพร่,ลอง,2026-04-20,18.0896667,99.8438863,46.33238095238095
แพร่,ลอง,2026-04-21,18.0896667,99.8438863,37.94625
แพร่,ลอง,2026-04-22,18.0896667,99.8438863,45.03857142857142
แพร่,ลอง,2026-04-28,18.0896667,99.8438863,19.132857142857144
แพร่,ลอง,2026-04-29,18.0896667,99.8438863,23.1375
แพร่,ลอง,2026-04-30,18.0896667,99.8438863,28.01625
แพร่,วังชิ้น,2026-04-01,17.8892929,99.5984095,74.21958333333333
แพร่,วังชิ้น,2026-04-02,17.8892929,99.5984095,78.04
แพร่,วังชิ้น,2026-04-03,17.8892929,99.5984095,65.03333333333333
แพร่,วังชิ้น,2026-04-04,17.8892929,99.5984095,73.95916666666666
แพร่,วังชิ้น,2026-04-05,17.8892929,99.5984095,71.84833333333333
แพร่,วังชิ้น,2026-04-06,17.8892929,99.5984095,56.61625
แพร่,วังชิ้น,2026-04-07,17.8892929,99.5984095,51.97666666666667
แพร่,วังชิ้น,2026-04-08,17.8892929,99.5984095,69.04291666666667
แพร่,วังชิ้น,2026-04-09,17.8892929,99.5984095,46.814166666666665
แพร่,วังชิ้น,2026-04-10,17.8892929,99.5984095,51.43125
แพร่,วังชิ้น,2026-04-11,17.8892929,99.5984095,48.18625
แพร่,วังชิ้น,2026-04-12,17.8892929,99.5984095,61.63999999999999
แพร่,วังชิ้น,2026-04-13,17.8892929,99.5984095,55.67124999999999
แพร่,วังชิ้น,2026-04-14,17.8892929,99.5984095,48.10833333333333
แพร่,วังชิ้น,2026-04-15,17.8892929,99.5984095,43.52375
แพร่,วังชิ้น,2026-04-16,17.8892929,99.5984095,41.5075
แพร่,วังชิ้น,2026-04-17,17.8892929,99.5984095,60.768750000000004
แพร่,วังชิ้น,2026-04-18,17.8892929,99.5984095,73.56958333333334
แพร่,วังชิ้น,2026-04-19,17.8892929,99.5984095,76.49666666666667
แพร่,วังชิ้น,2026-04-20,17.8892929,99.5984095,63.43625
แพร่,วังชิ้น,2026-04-21,17.8892929,99.5984095,60.88375
แพร่,วังชิ้น,2026-04-22,17.8892929,99.5984095,50.594166666666666
แพร่,วังชิ้น,2026-04-23,17.8892929,99.5984095,49.901250000000005
แพร่,วังชิ้น,2026-04-24,17.8892929,99.5984095,34.288333333333334
แพร่,วังชิ้น,2026-04-25,17.8892929,99.5984095,29.826666666666668
แพร่,วังชิ้น,2026-04-26,17.8892929,99.59840950000002,26.14
แพร่,วังชิ้น,2026-04-27,17.8892929,99.5984095,23.0925
แพร่,วังชิ้น,2026-04-28,17.8892929,99.5984095,24.705416666666665
แพร่,วังชิ้น,2026-04-29,17.8892929,99.5984095,25.555833333333336
แพร่,วังชิ้น,2026-04-30,17.8892929,99.5984095,29.800833333333333
แพร่,สอง,2026-04-01,18.460248,100.1823043,52.13666666666666
แพร่,สอง,2026-04-02,18.460248,100.1823043,57.94916666666666
แพร่,สอง,2026-04-03,18.460248,100.1823043,46.684583333333336
แพร่,สอง,2026-04-04,18.460248,100.1823043,47.16375
แพร่,สอง,2026-04-05,18.460248,100.1823043,48.70249999999999
แพร่,สอง,2026-04-06,18.460248,100.1823043,43.59916666666666
แพร่,สอง,2026-04-07,18.460248,100.1823043,43.64875
แพร่,สอง,2026-04-08,18.460248,100.1823043,41.14541666666667
แพร่,สอง,2026-04-09,18.460248,100.1823043,34.1075
แพร่,สอง,2026-04-10,18.460248,100.1823043,33.04375
แพร่,สอง,2026-04-11,18.460248,100.1823043,38.0325
แพร่,สอง,2026-04-12,18.460248,100.1823043,46.46416666666667
แพร่,สอง,2026-04-13,18.460248,100.1823043,43.52791666666667
แพร่,สอง,2026-04-14,18.460248,100.1823043,34.77291666666667
แพร่,สอง,2026-04-15,18.460248,100.1823043,37.21083333333333
แพร่,สอง,2026-04-16,18.460248,100.1823043,38.30916666666666
แพร่,สอง,2026-04-17,18.460248,100.1823043,62.18125
แพร่,สอง,2026-04-18,18.460248,100.1823043,48.07333333333333
แพร่,สอง,2026-04-19,18.460248,100.1823043,34.38666666666666
แพร่,สอง,2026-04-20,18.460248,100.1823043,25.6425
แพร่,สอง,2026-04-21,18.460248,100.1823043,23.632916666666663
แพร่,สอง,2026-04-22,18.460248,100.18230430000001,32.151428571428575
แพร่,สอง,2026-04-28,18.460248,100.18230430000001,8.965
แพร่,สอง,2026-04-29,18.460248,100.1823043,12.408333333333333
แพร่,สอง,2026-04-30,18.460248,100.1823043,23.006249999999998
แพร่,สูงเม่น,2026-04-01,18.074608070829743,100.11718445332015,125.08708333333334
แพร่,สูงเม่น,2026-04-02,18.074608070829743,100.11718445332015,121.71708333333333
แพร่,สูงเม่น,2026-04-03,18.074608070829743,100.11718445332015,86.58291666666668
แพร่,สูงเม่น,2026-04-04,18.074608070829743,100.11718445332015,89.65875
แพร่,สูงเม่น,2026-04-05,18.074608070829743,100.11718445332015,97.74291666666666
แพร่,สูงเม่น,2026-04-06,18.074608070829743,100.11718445332015,108.04708333333333
แพร่,สูงเม่น,2026-04-07,18.074608070829743,100.11718445332015,102.09833333333334
แพร่,สูงเม่น,2026-04-08,18.074608070829743,100.11718445332015,89.43083333333334
แพร่,สูงเม่น,2026-04-09,18.074608070829743,100.11718445332015,62.020833333333336
แพร่,สูงเม่น,2026-04-10,18.074608070829743,100.11718445332015,70.42916666666666
แพร่,สูงเม่น,2026-04-11,18.074608070829743,100.11718445332015,99.81041666666665
แพร่,สูงเม่น,2026-04-12,18.074608070829743,100.11718445332015,127.36874999999999
แพร่,สูงเม่น,2026-04-13,18.074608070829743,100.11718445332015,86.98166666666667
แพร่,สูงเม่น,2026-04-14,18.074608070829743,100.11718445332015,75.72083333333333
แพร่,สูงเม่น,2026-04-15,18.074608070829743,100.11718445332015,72.19500000000001
แพร่,สูงเม่น,2026-04-16,18.074608070829743,100.11718445332015,71.26833333333333
แพร่,สูงเม่น,2026-04-17,18.074608070829743,100.11718445332015,106.68541666666665
แพร่,สูงเม่น,2026-04-18,18.074608070829743,100.11718445332015,88.68041666666666
แพร่,สูงเม่น,2026-04-19,18.074608070829743,100.11718445332015,75.75875
แพร่,สูงเม่น,2026-04-20,18.074608070829743,100.11718445332015,65.06208333333333
แพร่,สูงเม่น,2026-04-21,18.074608070829743,100.11718445332015,60.501666666666665
แพร่,สูงเม่น,2026-04-22,18.074608070829743,100.11718445332015,72.81041666666667
แพร่,สูงเม่น,2026-04-23,18.074608070829743,100.11718445332015,70.84333333333333
แพร่,สูงเม่น,2026-04-24,18.074608070829743,100.11718445332015,46.19541666666667
แพร่,สูงเม่น,2026-04-25,18.074608070829743,100.11718445332015,46.45416666666667
แพร่,สูงเม่น,2026-04-26,18.074608070829743,100.11718445332016,41.095
แพร่,สูงเม่น,2026-04-27,18.074608070829743,100.11718445332015,37.79125
แพร่,สูงเม่น,2026-04-28,18.074608070829743,100.11718445332015,35.30583333333333
แพร่,สูงเม่น,2026-04-29,18.074608070829743,100.11718445332015,29.892083333333332
แพร่,สูงเม่น,2026-04-30,18.074608070829743,100.11718445332015,39.745
แพร่,หนองม่วงไข่,2026-04-01,18.30436,100.15931,123.5508695652174
แพร่,หนองม่วงไข่,2026-04-02,18.30436,100.15931,129.59375
แพร่,หนองม่วงไข่,2026-04-03,18.30436,100.15931,135.57857142857142
แพร่,หนองม่วงไข่,2026-04-04,18.30436,100.15931,89.17333333333333
แพร่,หนองม่วงไข่,2026-04-05,18.30436,100.15931,190.32
แพร่,หนองม่วงไข่,2026-04-06,18.30436,100.15931,65.228
แพร่,หนองม่วงไข่,2026-04-07,18.30436,100.15931,98.06291666666668
แพร่,หนองม่วงไข่,2026-04-08,18.30436,100.15931,96.00291666666668
แพร่,หนองม่วงไข่,2026-04-09,18.30436,100.15931,56.21875
แพร่,หนองม่วงไข่,2026-04-10,18.30436,100.15931,53.26117647058824
แพร่,หนองม่วงไข่,2026-04-11,18.30436,100.15931,74.24374999999999
แพร่,หนองม่วงไข่,2026-04-12,18.30436,100.15931,114.63857142857144
แพร่,หนองม่วงไข่,2026-04-13,18.30436,100.15931,106.27708333333334
แพร่,หนองม่วงไข่,2026-04-14,18.30436,100.15931,74.4725
แพร่,หนองม่วงไข่,2026-04-15,18.30436,100.15931,91.29478260869566
แพร่,หนองม่วงไข่,2026-04-16,18.30436,100.15931,94.12291666666665
แพร่,หนองม่วงไข่,2026-04-17,18.30436,100.15931,145.30545454545455
แพร่,หนองม่วงไข่,2026-04-18,18.30436,100.15931,95.04260869565218
แพร่,หนองม่วงไข่,2026-04-19,18.30436,100.15931,77.07083333333334
แพร่,หนองม่วงไข่,2026-04-20,18.30436,100.15931,59.06041666666667
แพร่,หนองม่วงไข่,2026-04-21,18.30436,100.15931,57.84521739130435
แพร่,หนองม่วงไข่,2026-04-22,18.30436,100.15931,70.33999999999999
แพร่,หนองม่วงไข่,2026-04-23,18.30436,100.15931,67.712
แพร่,หนองม่วงไข่,2026-04-27,18.30436,100.15931,40.35125
แพร่,หนองม่วงไข่,2026-04-28,18.30436,100.15931,35.246956521739136
แพร่,หนองม่วงไข่,2026-04-29,18.30436,100.15931,30.362083333333334
แพร่,หนองม่วงไข่,2026-04-30,18.30436,100.15931,43.49294117647059
แพร่,เด่นชัย,2026-04-01,17.982854,100.05427300000001,68.65666666666667
แพร่,เด่นชัย,2026-04-02,17.982854,100.05427300000001,68.52875
แพร่,เด่นชัย,2026-04-03,17.982854,100.05427299999998,59.93772727272728
แพร่,เด่นชัย,2026-04-04,17.982854,100.05427299999998,63.40909090909091
แพร่,เด่นชัย,2026-04-05,17.982854,100.054273,64.92333333333333
แพร่,เด่นชัย,2026-04-06,17.982854,100.054273,61.361666666666665
แพร่,เด่นชัย,2026-04-07,17.982854,100.05427300000001,105.52
แพร่,เด่นชัย,2026-04-08,17.97846138124707,100.05249919141599,71.8372
แพร่,เด่นชัย,2026-04-09,17.97840202153419,100.05247522102972,42.486756756756755
แพร่,เด่นชัย,2026-04-10,17.977540348282744,100.05212726380968,51.30193548387096
แพร่,เด่นชัย,2026-04-11,17.982854,100.054273,46.78
แพร่,เด่นชัย,2026-04-13,17.982854,100.054273,49.25
แพร่,เด่นชัย,2026-04-14,17.982854,100.054273,48.728571428571435
แพร่,เด่นชัย,2026-04-15,17.982854,100.054273,50.032
แพร่,เด่นชัย,2026-04-16,17.982854,100.054273,43.83714285714286
แพร่,เด่นชัย,2026-04-18,17.982854,100.054273,45.13
แพร่,เด่นชัย,2026-04-19,17.982854,100.05427300000001,81.70166666666667
แพร่,เด่นชัย,2026-04-20,17.9795595359353,100.052942643562,52.668800000000005
แพร่,เด่นชัย,2026-04-21,17.97887517866582,100.05266628932608,49.459999999999994
แพร่,เด่นชัย,2026-04-22,17.97370271093139,100.05057756545,51.39888888888889
แพร่,เด่นชัย,2026-04-23,17.97370271093139,100.05057756545,48.80166666666667
แพร่,เด่นชัย,2026-04-29,17.982854,100.054273,22.09111111111111
แพร่,เด่นชัย,2026-04-30,17.982854,100.054273,25.615625
แพร่,เมือง,2026-04-01,18.13793585294118,100.15216724705883,80.45617647058825
แพร่,เมือง,2026-04-02,18.13940580769231,100.15142052307692,79.19076923076923
แพร่,เมือง,2026-04-03,18.13940580769231,100.15142052307692,64.24179487179487
แพร่,เมือง,2026-04-04,18.140926891304346,100.15064782608695,65.67173913043479
แพร่,เมือง,2026-04-05,18.14128,100.15046845,64.89083333333333
แพร่,เมือง,2026-04-06,18.140738566666666,100.15074349333334,72.25155555555556
แพร่,เมือง,2026-04-07,18.140335639534882,100.15094817674418,65.37162790697674
แพร่,เมือง,2026-04-08,18.140335639534882,100.15094817674418,62.07348837209302
แพร่,เมือง,2026-04-09,18.1396557,100.15129357999999,46.22375
แพร่,เมือง,2026-04-10,18.1388655,100.15169499459459,49.85891891891892
แพร่,เมือง,2026-04-11,18.139142763157896,100.15155414736842,67.50921052631578
แพร่,เมือง,2026-04-12,18.1396557,100.15129357999999,72.60525
แพร่,เมือง,2026-04-13,18.1388655,100.15169499459459,62.73162162162163
แพร่,เมือง,2026-04-14,18.1396557,100.15129357999999,50.620999999999995
แพร่,เมือง,2026-04-15,18.140926891304346,100.15064782608695,53.86021739130435
แพร่,เมือง,2026-04-16,18.13940580769231,100.15142052307692,51.79
แพร่,เมือง,2026-04-17,18.139893402439025,100.1511728292683,68.6090243902439
แพร่,เมือง,2026-04-18,18.139142763157896,100.15155414736842,57.767894736842116
แพร่,เมือง,2026-04-19,18.1388655,100.15169499459459,51.347837837837844
แพร่,เมือง,2026-04-20,18.13826344285714,100.15200083428572,45.07
แพร่,เมือง,2026-04-21,18.1396557,100.15129357999999,42.98375
แพร่,เมือง,2026-04-22,18.141280000000002,100.15046844999999,69.46214285714287
แพร่,เมือง,2026-04-28,18.1380314,100.15211871,16.2975
แพร่,เมือง,2026-04-29,18.1388655,100.15169499459459,20.96189189189189
แพร่,เมือง,2026-04-30,18.139142763157896,100.15155414736842,29.100263157894734
แพร่,เมืองแพร่,2026-04-01,18.150909,100.157705,101.03333333333335
แพร่,เมืองแพร่,2026-04-02,18.150909,100.157705,99.67416666666666
แพร่,เมืองแพร่,2026-04-03,18.150909,100.157705,77.145
แพร่,เมืองแพร่,2026-04-04,18.150909,100.157705,76.29458333333334
แพร่,เมืองแพร่,2026-04-05,18.150909,100.157705,77.30583333333334
แพร่,เมืองแพร่,2026-04-06,18.150909,100.157705,80.6225
แพร่,เมืองแพร่,2026-04-07,18.150909,100.157705,75.48125
แพร่,เมืองแพร่,2026-04-08,18.150909,100.157705,75.69
แพร่,เมืองแพร่,2026-04-09,18.150909,100.157705,52.86666666666667
แพร่,เมืองแพร่,2026-04-10,18.150909,100.157705,64.48125
แพร่,เมืองแพร่,2026-04-13,18.150909,100.157705,55.60933333333333
แพร่,เมืองแพร่,2026-04-14,18.150909,100.157705,64.19083333333333
แพร่,เมืองแพร่,2026-04-15,18.150909,100.157705,67.29791666666667
แพร่,เมืองแพร่,2026-04-16,18.150909,100.157705,68.26208333333334
แพร่,เมืองแพร่,2026-04-17,18.150909,100.157705,97.08041666666666
แพร่,เมืองแพร่,2026-04-18,18.150909,100.157705,73.28458333333333
แพร่,เมืองแพร่,2026-04-19,18.150909,100.157705,62.25791666666667
แพร่,เมืองแพร่,2026-04-20,18.150909,100.157705,52.569583333333334
แพร่,เมืองแพร่,2026-04-21,18.150909,100.157705,47.54791666666667
แพร่,เมืองแพร่,2026-04-22,18.150909,100.157705,55.2275
แพร่,เมืองแพร่,2026-04-23,18.150909,100.157705,52.830000000000005
แพร่,เมืองแพร่,2026-04-24,18.150909,100.157705,39.62583333333333
แพร่,เมืองแพร่,2026-04-25,18.150909,100.157705,40.106249999999996
แพร่,เมืองแพร่,2026-04-26,18.150909,100.15770500000002,32.82272727272727
แพร่,เมืองแพร่,2026-04-27,18.150909,100.157705,29.71166666666667
แพร่,เมืองแพร่,2026-04-28,18.150909,100.157705,25.890416666666667
แพร่,เมืองแพร่,2026-04-29,18.150909,100.15770500000002,22.272727272727273
แพร่,เมืองแพร่,2026-04-30,18.150909,100.157705,31.7825
แม่ฮ่องสอน,ขุนยวม,2026-04-01,18.79400435909091,97.93517931818182,187.94272727272727
แม่ฮ่องสอน,ขุนยวม,2026-04-02,18.800739336,97.93534576,189.43720000000002
แม่ฮ่องสอน,ขุนยวม,2026-04-03,18.800540084210525,97.93524789473683,270.03280701754386
แม่ฮ่องสอน,ขุนยวม,2026-04-04,18.800540084210525,97.93524789473683,241.66947368421052
แม่ฮ่องสอน,ขุนยวม,2026-04-05,18.800540084210525,97.93524789473683,156.4880701754386
แม่ฮ่องสอน,ขุนยวม,2026-04-06,18.798079944827585,97.93513951724137,135.65086206896552
แม่ฮ่องสอน,ขุนยวม,2026-04-07,18.801264163636365,97.93114336363637,114.6869696969697
แม่ฮ่องสอน,ขุนยวม,2026-04-08,18.80211339259259,97.92632940740741,132.41037037037037
แม่ฮ่องสอน,ขุนยวม,2026-04-09,18.80211339259259,97.92632940740741,149.78049382716048
แม่ฮ่องสอน,ขุนยวม,2026-04-10,18.80960749090909,97.92619264935064,116.29857142857142
แม่ฮ่องสอน,ขุนยวม,2026-04-11,18.80391666,97.9262965,151.034625
แม่ฮ่องสอน,ขุนยวม,2026-04-12,18.800354107317073,97.92636151219511,205.48487804878047
แม่ฮ่องสอน,ขุนยวม,2026-04-13,18.80211339259259,97.92632940740741,137.99962962962962
แม่ฮ่องสอน,ขุนยวม,2026-04-14,18.805765579746833,97.92626275949367,107.70101265822784
แม่ฮ่องสอน,ขุนยวม,2026-04-15,18.805765579746833,97.92626275949367,91.78101265822785
แม่ฮ่องสอน,ขุนยวม,2026-04-16,18.80211339259259,97.92632940740741,69.25086419753086
แม่ฮ่องสอน,ขุนยวม,2026-04-17,18.800354107317073,97.92636151219511,92.55926829268293
แม่ฮ่องสอน,ขุนยวม,2026-04-18,18.80960749090909,97.92619264935064,81.69350649350649
แม่ฮ่องสอน,ขุนยวม,2026-04-19,18.800354107317073,97.92636151219511,66.7289024390244
แม่ฮ่องสอน,ขุนยวม,2026-04-20,18.80391666,97.9262965,60.699749999999995
แม่ฮ่องสอน,ขุนยวม,2026-04-21,18.800354107317073,97.92636151219511,54.74512195121952
แม่ฮ่องสอน,ขุนยวม,2026-04-22,18.801120856249998,97.93195571874999,51.730312500000004
แม่ฮ่องสอน,ขุนยวม,2026-04-23,18.81426009230769,97.9358523076923,48.58307692307692
แม่ฮ่องสอน,ขุนยวม,2026-04-24,18.8084672,97.93559711111111,47.07314814814814
แม่ฮ่องสอน,ขุนยวม,2026-04-25,18.8272941,97.9364265,52.868125
แม่ฮ่องสอน,ขุนยวม,2026-04-26,18.81986629777778,97.93611577777779,36.63466666666667
แม่ฮ่องสอน,ขุนยวม,2026-04-27,18.800540084210525,97.93524789473683,42.06982456140351
แม่ฮ่องสอน,ขุนยวม,2026-04-28,18.79576001081081,97.92929848648649,36.42716216216216
แม่ฮ่องสอน,ขุนยวม,2026-04-29,18.80211339259259,97.92632940740741,33.93864197530864
แม่ฮ่องสอน,ขุนยวม,2026-04-30,18.797759983783784,97.92897667567567,29.303513513513515
แม่ฮ่องสอน,ปางมะผ้า,2026-04-01,19.5245954,98.2427676,287.80375
แม่ฮ่องสอน,ปางมะผ้า,2026-04-02,19.5245954,98.2427676,313.49666666666667
แม่ฮ่องสอน,ปางมะผ้า,2026-04-03,19.5245954,98.2427676,296.84125
แม่ฮ่องสอน,ปางมะผ้า,2026-04-04,19.5245954,98.2427676,308.05041666666665
แม่ฮ่องสอน,ปางมะผ้า,2026-04-05,19.5245954,98.2427676,273.305
แม่ฮ่องสอน,ปางมะผ้า,2026-04-06,19.5245954,98.2427676,242.87791666666666
แม่ฮ่องสอน,ปางมะผ้า,2026-04-07,19.5245954,98.2427676,194.70916666666665
แม่ฮ่องสอน,ปางมะผ้า,2026-04-08,19.5245954,98.2427676,153.21166666666667
แม่ฮ่องสอน,ปางมะผ้า,2026-04-09,19.5245954,98.2427676,227.07208333333335
แม่ฮ่องสอน,ปางมะผ้า,2026-04-10,19.5245954,98.2427676,262.22083333333336
แม่ฮ่องสอน,ปางมะผ้า,2026-04-11,19.5245954,98.2427676,246.27583333333334
แม่ฮ่องสอน,ปางมะผ้า,2026-04-12,19.5245954,98.2427676,399.9216666666667
แม่ฮ่องสอน,ปางมะผ้า,2026-04-13,19.5245954,98.2427676,491.90000000000003
แม่ฮ่องสอน,ปางมะผ้า,2026-04-14,19.5245954,98.2427676,448.54
แม่ฮ่องสอน,ปางมะผ้า,2026-04-15,19.5245954,98.2427676,314.92833333333334
แม่ฮ่องสอน,ปางมะผ้า,2026-04-16,19.5245954,98.2427676,255.56083333333333
แม่ฮ่องสอน,ปางมะผ้า,2026-04-17,19.5245954,98.2427676,299.0829166666667
แม่ฮ่องสอน,ปางมะผ้า,2026-04-18,19.5245954,98.2427676,375.19458333333336
แม่ฮ่องสอน,ปางมะผ้า,2026-04-19,19.5245954,98.2427676,167.29625000000001
แม่ฮ่องสอน,ปางมะผ้า,2026-04-20,19.5245954,98.2427676,250.68041666666667
แม่ฮ่องสอน,ปางมะผ้า,2026-04-21,19.5245954,98.2427676,311.6825
แม่ฮ่องสอน,ปางมะผ้า,2026-04-22,19.5245954,98.2427676,288.84
แม่ฮ่องสอน,ปางมะผ้า,2026-04-23,19.5245954,98.2427676,157.5675
แม่ฮ่องสอน,ปางมะผ้า,2026-04-24,19.5245954,98.2427676,154.62666666666667
แม่ฮ่องสอน,ปางมะผ้า,2026-04-25,19.5245954,98.2427676,165.09041666666667
แม่ฮ่องสอน,ปางมะผ้า,2026-04-26,19.5245954,98.2427676,79.99272727272728
แม่ฮ่องสอน,ปางมะผ้า,2026-04-27,19.5245954,98.2427676,70.76791666666666
แม่ฮ่องสอน,ปางมะผ้า,2026-04-28,19.5245954,98.2427676,72.23666666666666
แม่ฮ่องสอน,ปางมะผ้า,2026-04-29,19.5245954,98.2427676,50.415416666666665
แม่ฮ่องสอน,ปางมะผ้า,2026-04-30,19.5245954,98.2427676,54.15
แม่ฮ่องสอน,ปาย,2026-04-01,19.359985335938354,98.43531937549086,346.14706896551724
แม่ฮ่องสอน,ปาย,2026-04-02,19.360556634307482,98.43561476471079,393.1645833333333
แม่ฮ่องสอน,ปาย,2026-04-03,19.36013182269967,98.43539511631649,374.37179487179486
แม่ฮ่องสอน,ปาย,2026-04-04,19.359985335938354,98.43531937549086,384.4310344827586
แม่ฮ่องสอน,ปาย,2026-04-05,19.35921331111521,98.43492020086937,318.74126126126123
แม่ฮ่องสอน,ปาย,2026-04-06,19.356414721131312,98.43347319286637,247.6659375
แม่ฮ่องสอน,ปาย,2026-04-07,19.356414721131312,98.43347319286637,214.71166666666667
แม่ฮ่องสอน,ปาย,2026-04-08,19.356414721131312,98.43347319286637,234.3271875
แม่ฮ่องสอน,ปาย,2026-04-09,19.359073944325594,98.43058257511923,263.45690476190475
แม่ฮ่องสอน,ปาย,2026-04-10,19.357690695779613,98.43198248312696,215.13772727272726
แม่ฮ่องสอน,ปาย,2026-04-11,19.356414721131312,98.43347319286637,244.7826041666667
แม่ฮ่องสอน,ปาย,2026-04-12,19.356414721131312,98.43347319286637,331.5317708333333
แม่ฮ่องสอน,ปาย,2026-04-13,19.356414721131312,98.43347319286637,301.8148958333333
แม่ฮ่องสอน,ปาย,2026-04-14,19.356414721131312,98.43347319286637,242.355625
แม่ฮ่องสอน,ปาย,2026-04-15,19.356414721131312,98.43347319286637,210.884375
แม่ฮ่องสอน,ปาย,2026-04-16,19.356414721131312,98.43347319286637,194.45802083333334
แม่ฮ่องสอน,ปาย,2026-04-17,19.356414721131312,98.43347319286637,247.45781250000002
แม่ฮ่องสอน,ปาย,2026-04-18,19.356414721131312,98.43347319286637,240.17677083333334
แม่ฮ่องสอน,ปาย,2026-04-19,19.356414721131312,98.43347319286637,115.09249999999999
แม่ฮ่องสอน,ปาย,2026-04-20,19.356414721131312,98.43347319286637,125.64437500000001
แม่ฮ่องสอน,ปาย,2026-04-21,19.356414721131312,98.43347319286637,146.0625
แม่ฮ่องสอน,ปาย,2026-04-22,19.35517150388072,98.43256872896693,161.63974683544305
แม่ฮ่องสอน,ปาย,2026-04-23,19.354488953233336,98.43207216055153,93.9701388888889
แม่ฮ่องสอน,ปาย,2026-04-24,19.354488953233336,98.43207216055153,110.10222222222222
แม่ฮ่องสอน,ปาย,2026-04-25,19.354488953233336,98.43207216055153,117.13541666666667
แม่ฮ่องสอน,ปาย,2026-04-26,19.354675260206154,98.43179833225233,54.538
แม่ฮ่องสอน,ปาย,2026-04-27,19.354488953233336,98.43207216055153,44.50666666666667
แม่ฮ่องสอน,ปาย,2026-04-28,19.355742941632016,98.43298446066352,49.06883720930232
แม่ฮ่องสอน,ปาย,2026-04-29,19.357243103766546,98.43390150723526,40.7263
แม่ฮ่องสอน,ปาย,2026-04-30,19.364006540732788,98.4319285129595,38.48153846153846
แม่ฮ่องสอน,สบเมย,2026-04-01,17.96948689577465,97.86603310422535,196.96535211267607
แม่ฮ่องสอน,สบเมย,2026-04-02,17.969413466666666,97.8669282,204.7473611111111
แม่ฮ่องสอน,สบเมย,2026-04-03,17.969413466666666,97.8669282,200.86416666666665
แม่ฮ่องสอน,สบเมย,2026-04-04,17.969413466666666,97.8669282,153.0586111111111
แม่ฮ่องสอน,สบเมย,2026-04-05,17.969122354285716,97.87058736,105.24442857142857
แม่ฮ่องสอน,สบเมย,2026-04-06,17.96777009032258,97.88758474838711,119.645
แม่ฮ่องสอน,สบเมย,2026-04-07,17.969413466666666,97.8669282,109.87916666666666
แม่ฮ่องสอน,สบเมย,2026-04-08,17.969413466666666,97.8669282,160.01472222222222
แม่ฮ่องสอน,สบเมย,2026-04-09,17.969413466666666,97.8669282,231.75375
แม่ฮ่องสอน,สบเมย,2026-04-10,17.968316196923077,97.88072041846155,206.0356923076923
แม่ฮ่องสอน,สบเมย,2026-04-11,17.964319,97.9309635,148.14145833333333
แม่ฮ่องสอน,สบเมย,2026-04-12,17.964319,97.9309635,187.82145833333334
แม่ฮ่องสอน,สบเมย,2026-04-13,17.964319,97.9309635,87.280625
แม่ฮ่องสอน,สบเมย,2026-04-14,17.964319,97.9309635,90.73625
แม่ฮ่องสอน,สบเมย,2026-04-15,17.964319,97.9309635,83.145625
แม่ฮ่องสอน,สบเมย,2026-04-16,17.964319,97.9309635,117.32520833333332
แม่ฮ่องสอน,สบเมย,2026-04-17,17.966720894736845,97.90061889473685,97.45982456140351
แม่ฮ่องสอน,สบเมย,2026-04-18,17.969948553846155,97.86005587692308,114.792
แม่ฮ่องสอน,สบเมย,2026-04-19,17.969389666666668,97.86690266666668,110.05680555555556
แม่ฮ่องสอน,สบเมย,2026-04-20,17.969389666666668,97.86690266666668,83.98388888888888
แม่ฮ่องสอน,สบเมย,2026-04-21,17.969389666666668,97.86690266666668,75.77333333333334
แม่ฮ่องสอน,สบเมย,2026-04-22,17.967691125,97.88751695,64.99425
แม่ฮ่องสอน,สบเมย,2026-04-23,17.971865500000003,97.8346305,73.29604166666667
แม่ฮ่องสอน,สบเมย,2026-04-24,17.971865500000003,97.8346305,64.78854166666666
แม่ฮ่องสอน,สบเมย,2026-04-25,17.97048964102564,97.85183425641026,57.048974358974355
แม่ฮ่องสอน,สบเมย,2026-04-26,17.971865500000003,97.8346305,55.60666666666667
แม่ฮ่องสอน,สบเมย,2026-04-27,17.97170240425532,97.83666985106383,58.92212765957447
แม่ฮ่องสอน,สบเมย,2026-04-28,17.970188322580647,97.85649229032258,41.28951612903226
แม่ฮ่องสอน,สบเมย,2026-04-29,17.969389666666668,97.86690266666668,44.73986111111111
แม่ฮ่องสอน,สบเมย,2026-04-30,17.966941758620692,97.8978285862069,48.22706896551724
แม่ฮ่องสอน,เมือง,2026-04-01,19.299926205500277,97.97410460752323,302.954
แม่ฮ่องสอน,เมือง,2026-04-02,19.299731003573527,97.97391222750423,323.6816666666667
แม่ฮ่องสอน,เมือง,2026-04-03,19.299731003573527,97.97391222750423,336.62166666666667
แม่ฮ่องสอน,เมือง,2026-04-04,19.299731003573527,97.97391222750423,300.98125000000005
แม่ฮ่องสอน,เมือง,2026-04-05,19.299731003573527,97.97391222750423,187.79777777777778
แม่ฮ่องสอน,เมือง,2026-04-06,19.299731003573527,97.97391222750423,179.15958333333333
แม่ฮ่องสอน,เมือง,2026-04-07,19.299731003573527,97.97391222750423,156.35277777777776
แม่ฮ่องสอน,เมือง,2026-04-08,19.299731003573527,97.97391222750423,188.10805555555555
แม่ฮ่องสอน,เมือง,2026-04-09,19.299731003573527,97.97391222750423,189.09680555555553
แม่ฮ่องสอน,เมือง,2026-04-10,19.299731003573527,97.97391222750423,146.35222222222222
แม่ฮ่องสอน,เมือง,2026-04-11,19.299731003573527,97.97391222750423,164.86375
แม่ฮ่องสอน,เมือง,2026-04-12,19.299731003573527,97.97391222750423,250.63333333333333
แม่ฮ่องสอน,เมือง,2026-04-13,19.299731003573527,97.97391222750423,232.95527777777775
แม่ฮ่องสอน,เมือง,2026-04-14,19.299731003573527,97.97391222750423,168.84861111111113
แม่ฮ่องสอน,เมือง,2026-04-15,19.299731003573527,97.97391222750423,136.6040277777778
แม่ฮ่องสอน,เมือง,2026-04-16,19.299731003573527,97.97391222750423,115.41611111111109
แม่ฮ่องสอน,เมือง,2026-04-17,19.299731003573527,97.97391222750423,126.75611111111112
แม่ฮ่องสอน,เมือง,2026-04-18,19.299731003573527,97.97391222750423,114.6673611111111
แม่ฮ่องสอน,เมือง,2026-04-19,19.299731003573527,97.97391222750423,76.21486111111112
แม่ฮ่องสอน,เมือง,2026-04-20,19.299731003573527,97.97391222750423,70.60069444444444
แม่ฮ่องสอน,เมือง,2026-04-21,19.299731003573527,97.97391222750423,69.11097222222222
แม่ฮ่องสอน,เมือง,2026-04-22,19.299731003573527,97.97391222750423,77.54708333333333
แม่ฮ่องสอน,เมือง,2026-04-23,19.299731003573527,97.97391222750423,58.419583333333335
แม่ฮ่องสอน,เมือง,2026-04-24,19.299731003573527,97.97391222750423,53.466388888888886
แม่ฮ่องสอน,เมือง,2026-04-25,19.299731003573527,97.97391222750423,59.502361111111114
แม่ฮ่องสอน,เมือง,2026-04-26,19.299924544055052,97.97407984864002,41.60738461538462
แม่ฮ่องสอน,เมือง,2026-04-27,19.299731003573527,97.97391222750423,42.6875
แม่ฮ่องสอน,เมือง,2026-04-28,19.299731003573527,97.97391222750423,41.97888888888889
แม่ฮ่องสอน,เมือง,2026-04-29,19.299731003573527,97.97391222750423,38.10722222222222
แม่ฮ่องสอน,เมือง,2026-04-30,19.299731003573527,97.97391222750423,33.601527777777775
แม่ฮ่องสอน,แม่ลาน้อย,2026-04-01,18.435593992957745,97.99906432535211,133.64211267605634
แม่ฮ่องสอน,แม่ลาน้อย,2026-04-02,18.435004833333334,98.00080823333333,151.72555555555556
แม่ฮ่องสอน,แม่ลาน้อย,2026-04-03,18.40950952631579,98.0181809263158,183.57508771929827
แม่ฮ่องสอน,แม่ลาน้อย,2026-04-04,18.433103454545456,98.00643629999999,142.5507575757576
แม่ฮ่องสอน,แม่ลาน้อย,2026-04-05,18.440233625,97.98533105,93.25515625
แม่ฮ่องสอน,แม่ลาน้อย,2026-04-06,18.455920000000003,97.93889949999999,106.23770833333333
แม่ฮ่องสอน,แม่ลาน้อย,2026-04-07,18.455920000000003,97.93889949999999,92.549375
แม่ฮ่องสอน,แม่ลาน้อย,2026-04-08,18.455920000000003,97.93889949999999,122.28833333333334
แม่ฮ่องสอน,แม่ลาน้อย,2026-04-09,18.441870627118643,97.97674393898305,135.1286440677966
แม่ฮ่องสอน,แม่ลาน้อย,2026-04-10,18.435004833333334,98.00080823333333,108.06819444444444
แม่ฮ่องสอน,แม่ลาน้อย,2026-04-11,18.435004833333334,98.00080823333333,107.67569444444445
แม่ฮ่องสอน,แม่ลาน้อย,2026-04-12,18.435004833333334,98.00080823333333,124.93138888888888
แม่ฮ่องสอน,แม่ลาน้อย,2026-04-13,18.419378677419356,98.01145601290322,95.40758064516129
แม่ฮ่องสอน,แม่ลาน้อย,2026-04-14,18.413657915254237,98.01535418305085,86.69237288135594
แม่ฮ่องสอน,แม่ลาน้อย,2026-04-15,18.437168508474578,97.983178979661,75.54813559322034
แม่ฮ่องสอน,แม่ลาน้อย,2026-04-16,18.44422168644068,97.97352641864406,74.71186440677967
แม่ฮ่องสอน,แม่ลาน้อย,2026-04-17,18.436199985714286,97.99727059142856,73.15271428571428
แม่ฮ่องสอน,แม่ลาน้อย,2026-04-18,18.435004833333334,98.00080823333333,61.30013888888888
แม่ฮ่องสอน,แม่ลาน้อย,2026-04-19,18.4228945625,98.0090602625,56.00609375
แม่ฮ่องสอน,แม่ลาน้อย,2026-04-20,18.431345772058826,98.00189986911765,54.731764705882355
แม่ฮ่องสอน,แม่ลาน้อย,2026-04-21,18.435004833333334,98.00080823333333,49.410138888888895
แม่ฮ่องสอน,แม่ลาน้อย,2026-04-22,18.416291263157895,98.05620025789473,46.28815789473684
แม่ฮ่องสอน,แม่ลาน้อย,2026-04-23,18.3931745,98.1246257,56.76
แม่ฮ่องสอน,แม่ลาน้อย,2026-04-24,18.3931745,98.12462569999998,51.4975
แม่ฮ่องสอน,แม่ลาน้อย,2026-04-25,18.3931745,98.1246257,42.37166666666667
แม่ฮ่องสอน,แม่ลาน้อย,2026-04-26,18.3931745,98.1246257,30.562666666666665
แม่ฮ่องสอน,แม่ลาน้อย,2026-04-28,18.441976555555556,97.98017198888888,29.930555555555557
แม่ฮ่องสอน,แม่ลาน้อย,2026-04-29,18.432173452380955,97.99517295714286,36.59793650793651
แม่ฮ่องสอน,แม่ลาน้อย,2026-04-30,18.42663018032787,98.0002646885246,30.99622950819672
แม่ฮ่องสอน,แม่สะเรียง,2026-04-01,18.062980084502897,97.91765149380238,140.27
แม่ฮ่องสอน,แม่สะเรียง,2026-04-02,18.062980084502897,97.91765149380238,138.98749999999998
แม่ฮ่องสอน,แม่สะเรียง,2026-04-03,18.062980084502897,97.91765149380238,138.85105263157894
แม่ฮ่องสอน,แม่สะเรียง,2026-04-04,18.062980084502897,97.91765149380238,117.9505
แม่ฮ่องสอน,แม่สะเรียง,2026-04-05,18.062980084502897,97.91765149380238,64.55
แม่ฮ่องสอน,แม่สะเรียง,2026-04-06,18.062980084502897,97.91765149380238,125.08400000000002
แม่ฮ่องสอน,แม่สะเรียง,2026-04-07,18.062980084502897,97.91765149380238,77.35208333333334
แม่ฮ่องสอน,แม่สะเรียง,2026-04-08,18.062980084502897,97.91765149380238,92.85916666666667
แม่ฮ่องสอน,แม่สะเรียง,2026-04-09,18.062980084502897,97.91765149380238,96.406875
แม่ฮ่องสอน,แม่สะเรียง,2026-04-10,18.062980084502897,97.91765149380238,89.28058823529412
แม่ฮ่องสอน,แม่สะเรียง,2026-04-11,18.062980084502897,97.91765149380238,132.02124999999998
แม่ฮ่องสอน,แม่สะเรียง,2026-04-12,18.062980084502897,97.91765149380238,202.96541666666667
แม่ฮ่องสอน,แม่สะเรียง,2026-04-13,18.062980084502897,97.91765149380238,353.03391304347826
แม่ฮ่องสอน,แม่สะเรียง,2026-04-14,18.062980084502897,97.91765149380238,663.0
แม่ฮ่องสอน,แม่สะเรียง,2026-04-18,18.062980084502897,97.91765149380238,84.53333333333335
แม่ฮ่องสอน,แม่สะเรียง,2026-04-19,18.062980084502897,97.91765149380238,85.05
แม่ฮ่องสอน,แม่สะเรียง,2026-04-20,18.06697968112278,97.9185414340503,65.7888
แม่ฮ่องสอน,แม่สะเรียง,2026-04-21,18.062980084502897,97.91765149380238,54.34
แม่ฮ่องสอน,แม่สะเรียง,2026-04-22,18.062980084502897,97.91765149380238,46.139523809523816
แม่ฮ่องสอน,แม่สะเรียง,2026-04-23,18.062980084502897,97.91765149380238,49.862500000000004
แม่ฮ่องสอน,แม่สะเรียง,2026-04-24,18.062980084502897,97.91765149380238,44.39666666666667
แม่ฮ่องสอน,แม่สะเรียง,2026-04-25,18.062980084502897,97.91765149380238,42.727222222222224
แม่ฮ่องสอน,แม่สะเรียง,2026-04-26,18.062980084502897,97.91765149380238,35.004615384615384
แม่ฮ่องสอน,แม่สะเรียง,2026-04-27,18.062980084502897,97.91765149380238,36.05958333333333
แม่ฮ่องสอน,แม่สะเรียง,2026-04-28,18.062980084502897,97.91765149380238,30.323478260869567
แม่ฮ่องสอน,แม่สะเรียง,2026-04-29,18.062980084502897,97.91765149380238,32.81916666666667
แม่ฮ่องสอน,แม่สะเรียง,2026-04-30,18.062980084502897,97.91765149380238,30.610833333333332
